Index,UMAP1,UMAP2,sequencer
IMVigor210-0257bb-ar-0257bbb,17.474424,10.947143,HiSeq2500
IMVigor210-025b45-ar-025b45c,17.327562,12.058778,HiSeq2500
IMVigor210-032c64-ar-032c642,16.672625,8.8964405,HiSeq2500
IMVigor210-0571f1-ar-0571f17,14.597794,8.484724,HiSeq2500
IMVigor210-065890-ar-0658907,17.453669,9.416749,HiSeq2500
IMVigor210-0684af-ar-0684af7,20.014482,9.701374,HiSeq2500
IMVigor210-075e03-ar-075e037,20.308325,8.63573,HiSeq2500
IMVigor210-07a93a-ar-07a93a2,17.631277,11.084492,HiSeq2500
IMVigor210-08cce2-ar-08cce2f,19.0633,11.08681,HiSeq2500
IMVigor210-09c84e-ar-09c84ec,19.865793,8.929246,HiSeq2500
IMVigor210-0a0f2b-ar-0a0f2ba,17.533627,9.459006,HiSeq2500
IMVigor210-0a7c20-ar-0a7c209,17.41057,9.642196,HiSeq2500
IMVigor210-0bdb34-ar-0bdb342,17.244898,12.005778,HiSeq2500
IMVigor210-0ce9c9-ar-0ce9c98,14.515329,11.430397,HiSeq2500
IMVigor210-0d855c-ar-0d855cf,18.29362,10.095937,HiSeq2500
IMVigor210-0f956e-ar-0f956e7,17.563318,9.750783,HiSeq2500
IMVigor210-110501-ar-110501d,17.15639,11.123177,HiSeq2500
IMVigor210-12502d-ar-12502d9,16.702623,11.45092,HiSeq2500
IMVigor210-149386-ar-1493861,16.27282,11.274405,HiSeq2500
IMVigor210-14df63-ar-14df63a,18.955498,10.493009,HiSeq2500
IMVigor210-166a41-ar-166a419,14.806448,11.687704,HiSeq2500
IMVigor210-180398-ar-1803982,18.465305,10.86345,HiSeq2500
IMVigor210-181b63-ar-181b638,14.258976,11.244216,HiSeq2500
IMVigor210-187e05-ar-187e056,17.563013,10.399644,HiSeq2500
IMVigor210-18a4da-ar-18a4dab,18.149302,8.931221,HiSeq2500
IMVigor210-18b935-ar-18b9351,14.841968,11.003253,HiSeq2500
IMVigor210-18bc10-ar-18bc107,16.693455,10.217485,HiSeq2500
IMVigor210-18be5b-ar-18be5b3,17.990665,9.873735,HiSeq2500
IMVigor210-19fec8-ar-19fec8f,16.418844,11.300866,HiSeq2500
IMVigor210-1a87df-ar-1a87df7,16.064775,10.120468,HiSeq2500
IMVigor210-1ab1b2-ar-1ab1b28,17.479069,10.784,HiSeq2500
IMVigor210-1abf01-ar-1abf01d,16.080772,10.639942,HiSeq2500
IMVigor210-1ac4e3-ar-1ac4e3d,19.892643,9.098117,HiSeq2500
IMVigor210-1c0ecf-ar-1c0ecfb,14.769794,11.062685,HiSeq2500
IMVigor210-1c8b08-ar-1c8b086,15.970798,12.043468,HiSeq2500
IMVigor210-1dda30-ar-1dda30f,16.363276,11.763663,HiSeq2500
IMVigor210-1e9c4d-ar-1e9c4d1,17.20038,10.197183,HiSeq2500
IMVigor210-1f66db-ar-1f66db5,16.532753,9.976162,HiSeq2500
IMVigor210-1f83eb-ar-1f83ebd,17.464962,10.706257,HiSeq2500
IMVigor210-1fa6bc-ar-1fa6bcb,16.809097,10.618739,HiSeq2500
IMVigor210-203dcf-ar-203dcf1,14.360884,10.0005045,HiSeq2500
IMVigor210-2070b4-ar-2070b41,16.03387,10.736901,HiSeq2500
IMVigor210-230959-ar-2309593,19.24383,10.525095,HiSeq2500
IMVigor210-23aa15-ar-23aa15d,17.041218,9.235782,HiSeq2500
IMVigor210-25510f-ar-25510f3,19.362543,9.08594,HiSeq2500
IMVigor210-2570ff-ar-2570ff4,15.152925,10.752345,HiSeq2500
IMVigor210-26104d-ar-26104d5,17.307112,11.949731,HiSeq2500
IMVigor210-262422-ar-2624229,14.990099,12.031901,HiSeq2500
IMVigor210-27299a-ar-27299ae,18.930347,10.139971,HiSeq2500
IMVigor210-286870-ar-2868703,14.427346,10.276861,HiSeq2500
IMVigor210-28e603-ar-28e6031,20.34388,9.338751,HiSeq2500
IMVigor210-297c03-ar-297c030,15.1388235,10.89762,HiSeq2500
IMVigor210-29da92-ar-29da928,15.477407,11.220693,HiSeq2500
IMVigor210-2b672f-ar-2b672f4,16.159496,11.791662,HiSeq2500
IMVigor210-2bba8c-ar-2bba8cb,16.491476,11.363128,HiSeq2500
IMVigor210-2c9586-ar-2c95861,19.835663,9.769781,HiSeq2500
IMVigor210-2dc3f0-ar-2dc3f04,15.463188,10.550619,HiSeq2500
IMVigor210-2e7aa8-ar-2e7aa8f,17.749006,8.69008,HiSeq2500
IMVigor210-2e9ac0-ar-2e9ac0b,15.910216,9.601832,HiSeq2500
IMVigor210-2eb07d-ar-2eb07de,16.131752,10.172807,HiSeq2500
IMVigor210-2f2289-ar-2f22893,17.123056,10.534978,HiSeq2500
IMVigor210-30b5c6-ar-30b5c6c,18.23854,9.530934,HiSeq2500
IMVigor210-30cf07-ar-30cf07d,14.158504,11.265956,HiSeq2500
IMVigor210-31d917-ar-31d9176,15.438434,9.580159,HiSeq2500
IMVigor210-31f41d-ar-31f41dd,15.631913,9.660288,HiSeq2500
IMVigor210-3330c0-ar-3330c03,14.369615,8.080634,HiSeq2500
IMVigor210-34430e-ar-34430ef,14.112002,11.0236635,HiSeq2500
IMVigor210-36851b-ar-36851bc,15.539846,11.418781,HiSeq2500
IMVigor210-36a922-ar-36a9225,13.803399,11.016121,HiSeq2500
IMVigor210-36d873-ar-36d8739,17.460703,9.39366,HiSeq2500
IMVigor210-3894ac-ar-3894ac3,16.716578,11.662852,HiSeq2500
IMVigor210-39eb94-ar-39eb94f,16.506414,9.947492,HiSeq2500
IMVigor210-3a1c96-ar-3a1c963,19.334826,10.303205,HiSeq2500
IMVigor210-3b1066-ar-3b1066e,14.330358,8.26203,HiSeq2500
IMVigor210-3b15b4-ar-3b15b4c,16.095394,9.379833,HiSeq2500
IMVigor210-3cb94b-ar-3cb94b0,14.878048,11.543335,HiSeq2500
IMVigor210-3e04eb-ar-3e04eb9,15.115224,9.318658,HiSeq2500
IMVigor210-3e8baf-ar-3e8baff,19.64612,8.400391,HiSeq2500
IMVigor210-3ee5dc-ar-3ee5dcd,18.334547,10.149392,HiSeq2500
IMVigor210-415f36-ar-415f36a,15.20294,11.488476,HiSeq2500
IMVigor210-4305ab-ar-4305ab9,20.327642,8.678497,HiSeq2500
IMVigor210-4501e4-ar-4501e41,15.053623,11.852332,HiSeq2500
IMVigor210-45c8e6-ar-45c8e64,16.265783,8.916406,HiSeq2500
IMVigor210-468a9e-ar-468a9e1,19.580002,8.995227,HiSeq2500
IMVigor210-47fc46-ar-47fc46c,14.651398,9.75162,HiSeq2500
IMVigor210-49d487-ar-49d4875,16.711906,11.955092,HiSeq2500
IMVigor210-49f9b2-ar-49f9b2e,18.183348,10.449805,HiSeq2500
IMVigor210-4b0175-ar-4b0175e,14.478955,11.960619,HiSeq2500
IMVigor210-4b7ea0-ar-4b7ea01,18.995607,10.657249,HiSeq2500
IMVigor210-4caabd-ar-4caabd6,17.175226,11.058269,HiSeq2500
IMVigor210-523468-ar-5234688,18.974087,10.518322,HiSeq2500
IMVigor210-52500c-ar-52500ca,17.967564,10.724006,HiSeq2500
IMVigor210-52e3fa-ar-52e3fa3,14.570791,8.441346,HiSeq2500
IMVigor210-548551-ar-548551e,19.168734,9.756549,HiSeq2500
IMVigor210-54e58f-ar-54e58f1,20.213905,8.616015,HiSeq2500
IMVigor210-553c3c-ar-553c3c3,13.6897745,11.321961,HiSeq2500
IMVigor210-557dde-ar-557dde1,15.175582,11.559006,HiSeq2500
IMVigor210-560f23-ar-560f23d,17.358215,8.746626,HiSeq2500
IMVigor210-563d62-ar-563d623,19.601444,9.594144,HiSeq2500
IMVigor210-568ce1-ar-568ce16,15.151688,12.103768,HiSeq2500
IMVigor210-572f19-ar-572f197,17.355352,10.943344,HiSeq2500
IMVigor210-5767dd-ar-5767dd7,17.691593,9.359504,HiSeq2500
IMVigor210-58e783-ar-58e7832,20.347973,9.021239,HiSeq2500
IMVigor210-59f392-ar-59f3928,14.445537,10.710909,HiSeq2500
IMVigor210-59fda9-ar-59fda90,18.789822,9.747827,HiSeq2500
IMVigor210-5a2347-ar-5a2347c,18.58916,10.821232,HiSeq2500
IMVigor210-5b57e4-ar-5b57e47,15.739622,11.130752,HiSeq2500
IMVigor210-5c139c-ar-5c139c5,16.988585,10.714881,HiSeq2500
IMVigor210-5cc2d9-ar-5cc2d90,16.533682,12.006145,HiSeq2500
IMVigor210-5cfa16-ar-5cfa169,16.783491,12.129966,HiSeq2500
IMVigor210-5d1dfd-ar-5d1dfd5,19.721289,10.502451,HiSeq2500
IMVigor210-5d989c-ar-5d989c8,17.390278,11.736169,HiSeq2500
IMVigor210-5e3bae-ar-5e3bae0,16.261095,10.8544855,HiSeq2500
IMVigor210-5fe7a8-ar-5fe7a81,14.920946,10.548203,HiSeq2500
IMVigor210-6083aa-ar-6083aac,17.354105,10.137728,HiSeq2500
IMVigor210-6157c8-ar-6157c8f,16.234632,11.939306,HiSeq2500
IMVigor210-61b9d4-ar-61b9d4d,16.668127,10.684893,HiSeq2500
IMVigor210-61baf9-ar-61baf91,15.994094,9.758967,HiSeq2500
IMVigor210-62fb13-ar-62fb138,17.811,10.466033,HiSeq2500
IMVigor210-63405b-ar-63405b0,14.447894,10.590336,HiSeq2500
IMVigor210-63b218-ar-63b2189,18.972326,10.94982,HiSeq2500
IMVigor210-65afda-ar-65afda2,14.632846,11.308966,HiSeq2500
IMVigor210-6662f5-ar-6662f51,16.988005,10.627416,HiSeq2500
IMVigor210-670649-ar-670649e,16.907766,9.795477,HiSeq2500
IMVigor210-675a12-ar-675a12a,16.879436,11.945798,HiSeq2500
IMVigor210-6780ed-ar-6780ed4,15.880552,9.925017,HiSeq2500
IMVigor210-6792d6-ar-6792d6e,19.903954,10.077247,HiSeq2500
IMVigor210-681e4b-ar-681e4bf,18.077578,9.752395,HiSeq2500
IMVigor210-6964a6-ar-6964a6d,19.459835,10.198226,HiSeq2500
IMVigor210-6cb230-ar-6cb230f,18.067595,11.102574,HiSeq2500
IMVigor210-6cbc10-ar-6cbc10a,16.567732,9.841485,HiSeq2500
IMVigor210-6d2ae0-ar-6d2ae0c,17.845758,10.475845,HiSeq2500
IMVigor210-6dd7ad-ar-6dd7ad1,16.99944,9.603636,HiSeq2500
IMVigor210-6f2a10-ar-6f2a102,16.475588,9.21323,HiSeq2500
IMVigor210-6ff654-ar-6ff654a,15.83415,12.093111,HiSeq2500
IMVigor210-7114d9-ar-7114d99,18.775814,10.128192,HiSeq2500
IMVigor210-716f54-ar-716f54e,15.575027,10.295447,HiSeq2500
IMVigor210-727c0e-ar-727c0e9,14.715309,9.0707655,HiSeq2500
IMVigor210-73663e-ar-73663ee,16.568003,9.729457,HiSeq2500
IMVigor210-75142f-ar-75142fc,14.456331,11.684516,HiSeq2500
IMVigor210-7538ad-ar-7538ad9,18.417772,9.295841,HiSeq2500
IMVigor210-753d4b-ar-753d4bb,16.264153,11.124902,HiSeq2500
IMVigor210-75f12d-ar-75f12d1,14.30591,10.868128,HiSeq2500
IMVigor210-76a431-ar-76a431b,17.116142,9.993298,HiSeq2500
IMVigor210-771445-ar-771445e,14.1085005,11.450534,HiSeq2500
IMVigor210-7829a3-ar-7829a34,16.208416,10.738915,HiSeq2500
IMVigor210-789319-ar-7893196,17.485504,11.243247,HiSeq2500
IMVigor210-7aa01f-ar-7aa01fc,14.033665,11.197897,HiSeq2500
IMVigor210-7b4000-ar-7b40007,20.169916,9.627289,HiSeq2500
IMVigor210-7bff23-ar-7bff231,18.41476,9.237402,HiSeq2500
IMVigor210-7c67b0-ar-7c67b05,20.6104,8.860515,HiSeq2500
IMVigor210-7d2dfb-ar-7d2dfba,14.213762,11.136978,HiSeq2500
IMVigor210-7d7c54-ar-7d7c546,18.603079,9.942184,HiSeq2500
IMVigor210-7f0d9c-ar-7f0d9cc,14.225794,11.602024,HiSeq2500
IMVigor210-7fb698-ar-7fb6987,14.035681,10.088997,HiSeq2500
IMVigor210-7fb7a1-ar-7fb7a13,15.062148,11.766995,HiSeq2500
IMVigor210-80c618-ar-80c6183,14.688206,10.151981,HiSeq2500
IMVigor210-81b715-ar-81b7152,19.758644,10.169557,HiSeq2500
IMVigor210-822b22-ar-822b226,19.651371,10.430038,HiSeq2500
IMVigor210-8533e5-ar-8533e5e,20.194864,9.4278,HiSeq2500
IMVigor210-85f0a3-ar-85f0a3a,18.992086,10.446718,HiSeq2500
IMVigor210-87a8e1-ar-87a8e18,20.061659,9.108947,HiSeq2500
IMVigor210-8884fe-ar-8884fe4,14.3342285,9.851597,HiSeq2500
IMVigor210-8a1b0e-ar-8a1b0e0,19.032612,10.490718,HiSeq2500
IMVigor210-8b4b8b-ar-8b4b8b0,14.871533,11.380509,HiSeq2500
IMVigor210-8e4698-ar-8e46983,16.073828,11.839374,HiSeq2500
IMVigor210-8e8ef2-ar-8e8ef23,16.17818,12.083027,HiSeq2500
IMVigor210-8f2275-ar-8f2275c,19.33698,10.146969,HiSeq2500
IMVigor210-91c47b-ar-91c47b0,17.154123,9.322483,HiSeq2500
IMVigor210-9306c5-ar-9306c5c,17.11962,10.229519,HiSeq2500
IMVigor210-9410b8-ar-9410b86,18.037895,9.269093,HiSeq2500
IMVigor210-943df5-ar-943df5c,17.307281,9.88374,HiSeq2500
IMVigor210-94859b-ar-94859b4,18.760237,10.841839,HiSeq2500
IMVigor210-9539a4-ar-9539a4f,19.5115,10.727353,HiSeq2500
IMVigor210-957378-ar-957378b,14.320816,8.344249,HiSeq2500
IMVigor210-961d04-ar-961d04c,16.780203,10.994485,HiSeq2500
IMVigor210-972530-ar-9725303,17.659683,10.757639,HiSeq2500
IMVigor210-978a58-ar-978a587,17.139061,10.002934,HiSeq2500
IMVigor210-97a00e-ar-97a00e0,16.979588,9.053616,HiSeq2500
IMVigor210-99a46b-ar-99a46b9,14.273631,11.667442,HiSeq2500
IMVigor210-9a2cf3-ar-9a2cf3c,15.741412,11.825152,HiSeq2500
IMVigor210-9aa6a0-ar-9aa6a09,15.330838,10.913242,HiSeq2500
IMVigor210-9cafb9-ar-9cafb90,16.023865,8.795128,HiSeq2500
IMVigor210-9d2494-ar-9d24941,19.999426,8.8295145,HiSeq2500
IMVigor210-9dacca-ar-9daccaf,17.130875,9.301969,HiSeq2500
IMVigor210-9e11ec-ar-9e11ec6,16.255817,9.702822,HiSeq2500
IMVigor210-9fb814-ar-9fb814c,14.415058,10.822961,HiSeq2500
IMVigor210-a1871f-ar-a1871f4,19.602364,9.22074,HiSeq2500
IMVigor210-a1e62d-ar-a1e62d3,15.672548,10.809124,HiSeq2500
IMVigor210-a32177-ar-a321770,16.870405,10.358402,HiSeq2500
IMVigor210-a424c7-ar-a424c75,16.806845,9.561558,HiSeq2500
IMVigor210-a535fc-ar-a535fcd,17.214119,11.577641,HiSeq2500
IMVigor210-a90d73-ar-a90d73f,19.944979,8.667337,HiSeq2500
IMVigor210-a913c6-ar-a913c61,13.853525,10.794964,HiSeq2500
IMVigor210-a9ca85-ar-a9ca853,14.287997,11.520003,HiSeq2500
IMVigor210-aabf4a-ar-aabf4af,17.75316,8.813794,HiSeq2500
IMVigor210-aaf505-ar-aaf505c,17.853277,9.469021,HiSeq2500
IMVigor210-ab8052-ar-ab8052a,16.303345,10.347876,HiSeq2500
IMVigor210-abc151-ar-abc151b,19.590502,8.787886,HiSeq2500
IMVigor210-ad83c9-ar-ad83c9c,16.87067,11.118041,HiSeq2500
IMVigor210-ae0262-ar-ae02629,19.142145,10.771355,HiSeq2500
IMVigor210-ae1690-ar-ae16904,18.089874,10.593024,HiSeq2500
IMVigor210-ae4da2-ar-ae4da27,15.034068,10.888957,HiSeq2500
IMVigor210-aec738-ar-aec7380,18.603321,9.033257,HiSeq2500
IMVigor210-af42c1-ar-af42c15,14.226408,10.2820425,HiSeq2500
IMVigor210-b0a83e-ar-b0a83e5,16.671883,11.079664,HiSeq2500
IMVigor210-b0d11d-ar-b0d11db,14.678557,9.852193,HiSeq2500
IMVigor210-b15ac6-ar-b15ac6e,17.238941,10.379299,HiSeq2500
IMVigor210-b15ad0-ar-b15ad09,13.991336,10.450268,HiSeq2500
IMVigor210-b2e4a0-ar-b2e4a08,14.390647,8.273898,HiSeq2500
IMVigor210-b2f1d0-ar-b2f1d0e,15.43731,11.5178995,HiSeq2500
IMVigor210-b3c022-ar-b3c0229,19.62002,8.552908,HiSeq2500
IMVigor210-b419a8-ar-b419a8f,17.237383,10.626426,HiSeq2500
IMVigor210-b470eb-ar-b470eb8,16.702316,10.937176,HiSeq2500
IMVigor210-b4c7a0-ar-b4c7a00,18.215988,10.304681,HiSeq2500
IMVigor210-b8070b-ar-b8070b7,17.601767,11.302632,HiSeq2500
IMVigor210-b8101c-ar-b8101c5,16.638893,9.157098,HiSeq2500
IMVigor210-b963dd-ar-b963dda,15.836615,11.028305,HiSeq2500
IMVigor210-ba1a34-ar-ba1a34b,15.548146,11.107013,HiSeq2500
IMVigor210-ba7176-ar-ba7176a,19.394085,10.327224,HiSeq2500
IMVigor210-bc8dc3-ar-bc8dc3a,20.07567,9.476651,HiSeq2500
IMVigor210-bcb07b-ar-bcb07ba,16.294981,10.102425,HiSeq2500
IMVigor210-bcbc79-ar-bcbc795,19.145338,10.95715,HiSeq2500
IMVigor210-bda79f-ar-bda79f9,14.614679,9.30304,HiSeq2500
IMVigor210-be83ea-ar-be83eae,17.537369,9.101966,HiSeq2500
IMVigor210-bf1a3a-ar-bf1a3ae,15.466712,12.037695,HiSeq2500
IMVigor210-bfdffb-ar-bfdffb9,15.638564,10.33407,HiSeq2500
IMVigor210-c0d625-ar-c0d625a,16.08088,12.2661295,HiSeq2500
IMVigor210-c0da5d-ar-c0da5d4,19.321367,9.464509,HiSeq2500
IMVigor210-c0ef41-ar-c0ef41a,20.043848,9.265937,HiSeq2500
IMVigor210-c1251c-ar-c1251c7,17.778772,9.044963,HiSeq2500
IMVigor210-c1b27b-ar-c1b27bc,16.638474,11.071035,HiSeq2500
IMVigor210-c2a182-ar-c2a1820,14.308531,10.373105,HiSeq2500
IMVigor210-c57ead-ar-c57eadb,20.252851,8.689518,HiSeq2500
IMVigor210-c69253-ar-c692536,14.432568,11.434276,HiSeq2500
IMVigor210-c6eff0-ar-c6eff05,15.478183,9.425,HiSeq2500
IMVigor210-c919ae-ar-c919aeb,14.6567135,9.558465,HiSeq2500
IMVigor210-cabb6d-ar-cabb6d5,15.251567,9.894662,HiSeq2500
IMVigor210-cb132b-ar-cb132b0,14.672112,8.827821,HiSeq2500
IMVigor210-cc4675-ar-cc4675f,18.005566,11.643937,HiSeq2500
IMVigor210-cc7a42-ar-cc7a42d,17.095467,10.339122,HiSeq2500
IMVigor210-ce39dd-ar-ce39dd7,18.525509,9.161539,HiSeq2500
IMVigor210-cf018f-ar-cf018fe,16.221281,11.048179,HiSeq2500
IMVigor210-d02712-ar-d027124,17.728546,9.733693,HiSeq2500
IMVigor210-d135d5-ar-d135d58,15.57597,10.994788,HiSeq2500
IMVigor210-d1bd63-ar-d1bd637,18.637114,9.080645,HiSeq2500
IMVigor210-d215b5-ar-d215b50,15.86884,11.595619,HiSeq2500
IMVigor210-d2492b-ar-d2492b2,17.278904,9.853792,HiSeq2500
IMVigor210-d35318-ar-d353181,18.05415,9.031844,HiSeq2500
IMVigor210-d36012-ar-d360128,14.536214,9.385276,HiSeq2500
IMVigor210-d3bd67-ar-d3bd679,15.018041,8.627261,HiSeq2500
IMVigor210-d43f89-ar-d43f893,14.178712,10.811945,HiSeq2500
IMVigor210-d4c083-ar-d4c0837,16.84735,9.937246,HiSeq2500
IMVigor210-d636e3-ar-d636e34,15.183773,11.541616,HiSeq2500
IMVigor210-d697ba-ar-d697ba7,15.493009,11.134634,HiSeq2500
IMVigor210-d7d57e-ar-d7d57ee,14.228717,9.943058,HiSeq2500
IMVigor210-d86389-ar-d86389d,19.44235,10.651282,HiSeq2500
IMVigor210-d98bac-ar-d98bac0,16.385342,11.733588,HiSeq2500
IMVigor210-da4d89-ar-da4d892,16.853926,9.966716,HiSeq2500
IMVigor210-dab9ca-ar-dab9ca8,16.518717,11.52165,HiSeq2500
IMVigor210-dad5c2-ar-dad5c29,18.17932,9.918489,HiSeq2500
IMVigor210-db3f50-ar-db3f50c,16.259335,12.08186,HiSeq2500
IMVigor210-dcae54-ar-dcae54f,15.088387,11.145872,HiSeq2500
IMVigor210-dee101-ar-dee1011,15.175575,11.031289,HiSeq2500
IMVigor210-df3e42-ar-df3e42c,16.169758,9.2423315,HiSeq2500
IMVigor210-e07c45-ar-e07c456,20.330896,8.995187,HiSeq2500
IMVigor210-e0c49e-ar-e0c49ea,16.40331,11.376443,HiSeq2500
IMVigor210-e1eb5d-ar-e1eb5d9,14.351769,10.288197,HiSeq2500
IMVigor210-e3210d-ar-e3210d3,16.497467,9.160468,HiSeq2500
IMVigor210-e3d426-ar-e3d4266,16.82244,11.314827,HiSeq2500
IMVigor210-e41b1e-ar-e41b1e7,16.575447,10.544355,HiSeq2500
IMVigor210-e50d15-ar-e50d15f,20.284935,9.2615,HiSeq2500
IMVigor210-e56c96-ar-e56c96c,14.026168,11.565945,HiSeq2500
IMVigor210-e5bc41-ar-e5bc417,18.285154,11.361223,HiSeq2500
IMVigor210-e71235-ar-e712352,18.073967,11.01016,HiSeq2500
IMVigor210-e7bcab-ar-e7bcab0,17.030083,11.821817,HiSeq2500
IMVigor210-e7bf6c-ar-e7bf6c0,14.351063,10.204857,HiSeq2500
IMVigor210-e7e4f7-ar-e7e4f7c,16.583677,9.496222,HiSeq2500
IMVigor210-e9475f-ar-e9475f7,14.875665,11.185177,HiSeq2500
IMVigor210-e94c30-ar-e94c30c,16.708366,9.648646,HiSeq2500
IMVigor210-e97af0-ar-e97af0f,16.90095,11.679029,HiSeq2500
IMVigor210-e9ae8b-ar-e9ae8be,16.395552,11.392841,HiSeq2500
IMVigor210-eaa477-ar-eaa477a,14.804098,9.59169,HiSeq2500
IMVigor210-eb2962-ar-eb29625,18.378065,10.335576,HiSeq2500
IMVigor210-eb587a-ar-eb587a6,17.105404,11.549489,HiSeq2500
IMVigor210-ee3844-ar-ee3844c,15.738459,10.172723,HiSeq2500
IMVigor210-ef0e3d-ar-ef0e3d2,14.336083,10.873781,HiSeq2500
IMVigor210-eff2ce-ar-eff2ce3,19.85791,9.625122,HiSeq2500
IMVigor210-f20b82-ar-f20b827,13.895192,10.707806,HiSeq2500
IMVigor210-f275eb-ar-f275eb8,16.865513,11.022159,HiSeq2500
IMVigor210-f28c01-ar-f28c015,19.891558,10.0609865,HiSeq2500
IMVigor210-f2aae1-ar-f2aae14,18.633972,10.442275,HiSeq2500
IMVigor210-f3a9bc-ar-f3a9bce,16.365387,10.359325,HiSeq2500
IMVigor210-f82bbd-ar-f82bbdc,20.173944,9.318121,HiSeq2500
IMVigor210-fb7aec-ar-fb7aec7,15.924005,9.282446,HiSeq2500
IMVigor210-fd9476-ar-fd94761,16.489454,12.193248,HiSeq2500
IMVigor210-fed609-ar-fed6099,16.966646,11.753159,HiSeq2500
IMVigor210-ffa5c7-ar-ffa5c7c,15.413606,11.366376,HiSeq2500
UCC_Rose_RS.03238999,11.611153,6.504133,NovaSeq6000
UCC_Rose_RS.03239000,13.022779,6.2427235,NovaSeq6000
UCC_Rose_RS.03239001,12.331958,6.0548277,NovaSeq6000
UCC_Rose_RS.03239002,12.567226,5.070931,NovaSeq6000
UCC_Rose_RS.03239003,11.495187,6.3612256,NovaSeq6000
UCC_Rose_RS.03239004,12.538749,5.951953,NovaSeq6000
UCC_Rose_RS.03239005,12.318798,6.4692936,NovaSeq6000
UCC_Rose_RS.03239006,10.917444,6.975865,NovaSeq6000
UCC_Rose_RS.03239007,13.447859,5.550986,NovaSeq6000
UCC_Rose_RS.03239008,13.20367,5.3333735,NovaSeq6000
UCC_Rose_RS.03239009,13.187201,5.139648,NovaSeq6000
UCC_Rose_RS.03239010,12.0217705,6.4942117,NovaSeq6000
UCC_Rose_RS.03239011,11.134038,7.6953235,NovaSeq6000
UCC_Rose_RS.03239012,11.187539,7.6505666,NovaSeq6000
UCC_Rose_RS.03239013,11.643859,8.137763,NovaSeq6000
UCC_Rose_RS.03239014,10.944581,7.061423,NovaSeq6000
UCC_Rose_RS.03239015,11.437625,7.2779574,NovaSeq6000
UCC_Rose_RS.03239016,11.12209,6.788929,NovaSeq6000
UCC_Rose_RS.03239017,11.793408,5.659943,NovaSeq6000
UCC_Rose_RS.03239018,11.690013,6.005475,NovaSeq6000
UCC_Rose_RS.03239019,13.548731,6.283901,NovaSeq6000
UCC_Rose_RS.03239020,11.686285,8.027419,NovaSeq6000
UCC_Rose_RS.03239021,11.919091,5.8769784,NovaSeq6000
UCC_Rose_RS.03239022,11.545655,6.276459,NovaSeq6000
UCC_Rose_RS.03239023,11.329467,7.0998945,NovaSeq6000
UCC_Rose_RS.03239024,10.926522,7.075073,NovaSeq6000
UCC_Rose_RS.03239025,12.970938,5.2354465,NovaSeq6000
UCC_Rose_RS.03239026,13.549129,6.230546,NovaSeq6000
UCC_Rose_RS.03239027,11.64725,8.188116,NovaSeq6000
UCC_Rose_RS.03239028,11.662419,6.2992163,NovaSeq6000
UCC_Rose_RS.03239029,12.866587,5.4169955,NovaSeq6000
UCC_Rose_RS.03239031,12.446713,5.590643,NovaSeq6000
UCC_Rose_RS.03239032,11.922418,8.304788,NovaSeq6000
UCC_Rose_RS.03239033,11.656883,5.853046,NovaSeq6000
UCC_Rose_RS.03239034,12.998857,5.818328,NovaSeq6000
UCC_Rose_RS.03239035,12.727137,5.254626,NovaSeq6000
UCC_Rose_RS.03239036,12.968505,6.134883,NovaSeq6000
UCC_Rose_RS.03239037,12.768933,5.2259126,NovaSeq6000
UCC_Rose_RS.03239038,13.413372,5.9800515,NovaSeq6000
UCC_Rose_RS.03239039,11.551487,7.211788,NovaSeq6000
UCC_Rose_RS.03239040,11.370467,7.4050274,NovaSeq6000
UCC_Rose_RS.03239041,11.422354,7.2939644,NovaSeq6000
UCC_Rose_RS.03239042,10.840153,7.04389,NovaSeq6000
UCC_Rose_RS.03239043,11.715383,6.3705835,NovaSeq6000
UCC_Rose_RS.03238953,12.451991,6.227868,NovaSeq6000
UCC_Rose_RS.03238954,13.056366,5.0230217,NovaSeq6000
UCC_Rose_RS.03238955,11.686307,7.507117,NovaSeq6000
UCC_Rose_RS.03238956,11.353297,8.021997,NovaSeq6000
UCC_Rose_RS.03238957,12.377342,5.3048215,NovaSeq6000
UCC_Rose_RS.03238958,12.365989,5.504138,NovaSeq6000
UCC_Rose_RS.03238959,12.775926,5.46686,NovaSeq6000
UCC_Rose_RS.03238960,11.278499,6.746462,NovaSeq6000
UCC_Rose_RS.03238961,11.381598,8.214552,NovaSeq6000
UCC_Rose_RS.03238962,12.134376,5.477877,NovaSeq6000
UCC_Rose_RS.03238963,13.031858,5.647787,NovaSeq6000
UCC_Rose_RS.03238964,11.324172,7.1025214,NovaSeq6000
UCC_Rose_RS.03238965,12.175273,6.4631968,NovaSeq6000
UCC_Rose_RS.03238966,13.259646,5.78746,NovaSeq6000
UCC_Rose_RS.03238967,13.237896,5.3593445,NovaSeq6000
UCC_Rose_RS.03238968,13.342093,5.7144713,NovaSeq6000
UCC_Rose_RS.03238969,10.940426,7.276402,NovaSeq6000
UCC_Rose_RS.03238970,11.260837,6.4891233,NovaSeq6000
UCC_Rose_RS.03238971,13.366397,5.6872935,NovaSeq6000
UCC_Rose_RS.03238972,11.440728,6.6478333,NovaSeq6000
UCC_Rose_RS.03238973,12.921514,5.9977975,NovaSeq6000
UCC_Rose_RS.03238974,11.9290695,5.7867284,NovaSeq6000
UCC_Rose_RS.03238975,13.532635,6.133697,NovaSeq6000
UCC_Rose_RS.03238976,11.686646,7.9423413,NovaSeq6000
UCC_Rose_RS.03238977,13.460419,5.8848424,NovaSeq6000
UCC_Rose_RS.03238978,12.296292,5.247921,NovaSeq6000
UCC_Rose_RS.03238979,12.780302,5.691291,NovaSeq6000
UCC_Rose_RS.03238980,11.988976,6.1688375,NovaSeq6000
UCC_Rose_RS.03238981,12.4592705,5.801274,NovaSeq6000
UCC_Rose_RS.03238982,11.25498,6.825992,NovaSeq6000
UCC_Rose_RS.03238983,11.238653,7.4005747,NovaSeq6000
UCC_Rose_RS.03238984,12.1335125,5.4300394,NovaSeq6000
UCC_Rose_RS.03238985,12.634706,5.2979183,NovaSeq6000
UCC_Rose_RS.03238986,12.477545,5.7223835,NovaSeq6000
UCC_Rose_RS.03238987,13.908745,7.131601,NovaSeq6000
UCC_Rose_RS.03238988,12.000426,6.285924,NovaSeq6000
UCC_Rose_RS.03238989,11.032731,7.508637,NovaSeq6000
UCC_Rose_RS.03238990,11.125849,7.163197,NovaSeq6000
UCC_Rose_RS.03238991,11.811437,7.4636493,NovaSeq6000
UCC_Rose_RS.03238992,11.748918,8.0635805,NovaSeq6000
UCC_Rose_RS.03238993,11.8844595,5.5881963,NovaSeq6000
UCC_Rose_RS.03238994,11.788207,6.1599445,NovaSeq6000
UCC_Rose_RS.03238995,12.511248,5.704061,NovaSeq6000
UCC_Rose_RS.03238996,11.390547,8.123509,NovaSeq6000
UCC_Rose_RS.03238997,11.151822,6.4134793,NovaSeq6000
UCC_Snyder_471,12.603249,6.8670545,HiSeq4000
UCC_Snyder_522,13.600056,6.9478173,HiSeq4000
UCC_Snyder_1233,13.172288,6.878536,HiSeq4000
UCC_Snyder_1849,12.708522,7.3720694,HiSeq4000
UCC_Snyder_1994,13.160578,7.279934,HiSeq4000
UCC_Snyder_2131,13.397093,7.284976,HiSeq4000
UCC_Snyder_2278,13.087432,6.97029,HiSeq4000
UCC_Snyder_2389,13.319533,7.088946,HiSeq4000
UCC_Snyder_2849,13.455769,7.380475,HiSeq4000
UCC_Snyder_2937,13.236816,7.1710725,HiSeq4000
UCC_Snyder_3529,13.188929,6.9982953,HiSeq4000
UCC_Snyder_5037,13.0751705,7.30083,HiSeq4000
UCC_Snyder_5122,12.631645,7.060287,HiSeq4000
UCC_Snyder_5338,13.106927,7.31461,HiSeq4000
UCC_Snyder_6229,13.089129,7.0377035,HiSeq4000
UCC_Snyder_6428,12.618677,7.038781,HiSeq4000
UCC_Snyder_6800,19.422798,10.866736,HiSeq4000
UCC_Snyder_7577,17.73136,11.573478,HiSeq4000
UCC_Snyder_7729,12.865682,7.3695145,HiSeq4000
UCC_Snyder_8728,12.892011,6.831538,HiSeq4000
UCC_Snyder_9517,11.469395,7.37124,HiSeq4000
Zhao_NatMed_2019-Pt003-ar-228,-3.6733098,6.715142,HiSeq2000
Zhao_NatMed_2019-Pt003-ar-231,-1.7109284,7.6480045,HiSeq2000
Zhao_NatMed_2019-Pt013-ar-222,-3.2128925,7.500157,HiSeq2000
Zhao_NatMed_2019-Pt013-ar-224,-3.2628798,7.770373,HiSeq2000
Zhao_NatMed_2019-Pt013-ar-225,-3.1603866,7.549383,HiSeq2000
Zhao_NatMed_2019-Pt020-ar-218,-3.22974,7.7206836,HiSeq2000
Zhao_NatMed_2019-Pt020-ar-221,-3.2926462,7.280634,HiSeq2000
Zhao_NatMed_2019-Pt021-ar-220,-3.417178,7.527547,HiSeq2000
Zhao_NatMed_2019-Pt021-ar-223,-2.4740453,7.1641955,HiSeq2000
Zhao_NatMed_2019-Pt024-ar-229,-2.9898555,7.7355313,HiSeq2000
Zhao_NatMed_2019-Pt025-ar-249,-1.9014695,7.4243345,HiSeq2000
Zhao_NatMed_2019-Pt046-ar-234,-3.4858198,6.9034367,HiSeq2000
Zhao_NatMed_2019-Pt046-ar-237,-2.885589,7.411113,HiSeq2000
Zhao_NatMed_2019-Pt053-ar-226,-2.1107142,7.587826,HiSeq2000
Zhao_NatMed_2019-Pt055-ar-247,-1.7481878,7.558866,HiSeq2000
Zhao_NatMed_2019-Pt055-ar-248,-2.0722294,7.3086658,HiSeq2000
Zhao_NatMed_2019-Pt056-ar-230,-1.9854125,7.6587906,HiSeq2000
Zhao_NatMed_2019-Pt056-ar-233,-3.517657,6.512596,HiSeq2000
Zhao_NatMed_2019-Pt069-ar-232,-3.7379308,6.510936,HiSeq2000
Zhao_NatMed_2019-Pt069-ar-235,-2.9758072,7.3769307,HiSeq2000
Zhao_NatMed_2019-Pt100-ar-245,-3.4210584,5.3186784,HiSeq2000
Zhao_NatMed_2019-Pt101-ar-243,-2.2410913,7.32864,HiSeq2000
Zhao_NatMed_2019-Pt102-ar-250,-3.2767272,7.6301594,HiSeq2000
Zhao_NatMed_2019-Pt103-ar-239,-3.387601,7.1837273,HiSeq2000
Zhao_NatMed_2019-Pt104-ar-240,-3.629202,7.193182,HiSeq2000
Choueiri_CCR_2016-p014-ar-325,-1.7383535,5.209845,HiSeq2500
Choueiri_CCR_2016-p018-ar-318,-3.6557977,6.031286,HiSeq2500
Choueiri_CCR_2016-p021-ar-301,-3.479647,5.4703403,HiSeq2500
Choueiri_CCR_2016-p027-ar-866,-4.3861475,4.752232,HiSeq2000
Choueiri_CCR_2016-p041-ar-306,-2.6893153,4.6269727,HiSeq2000
Choueiri_CCR_2016-p050-ar-551,-3.0287168,4.679033,HiSeq2000
Choueiri_CCR_2016-p073-ar-324,-4.4572453,5.16587,HiSeq2500
Choueiri_CCR_2016-p090-ar-331,-1.2698209,6.10842,HiSeq2000
Choueiri_CCR_2016-p093-ar-345,-3.3490214,5.511544,HiSeq2000
Choueiri_CCR_2016-p096-ar-333,-4.551003,4.998528,HiSeq2000
Choueiri_CCR_2016-p099-ar-320,-1.26793,5.663775,HiSeq2500
Choueiri_CCR_2016-p102-ar-841,-4.088718,5.1366262,HiSeq2000
Choueiri_CCR_2016-p105-ar-265,-0.9357614,7.157674,HiSeq2000
Choueiri_CCR_2016-p106-ar-300,-4.6374254,4.8307176,HiSeq2000
Choueiri_CCR_2016-p115-ar-329,-3.6064758,4.273579,HiSeq2000
Choueiri_CCR_2016-p117-ar-327,-2.92716,4.8546047,HiSeq2500
IMmotion150-p01155-ar-28f34,-4.686535,3.5167067,HiSeq2500
IMmotion150-p03058-ar-c2dad,-4.7624984,1.5651314,HiSeq2500
IMmotion150-p03363-ar-a74ac,-5.62849,4.163843,HiSeq2500
IMmotion150-p03418-ar-d867a,-4.868387,4.1605783,HiSeq2500
IMmotion150-p03665-ar-04d83,-3.4050496,1.8937415,HiSeq2500
IMmotion150-p04168-ar-9925b,-3.492793,3.0216904,HiSeq2500
IMmotion150-p05361-ar-cd767,-4.5592823,2.5857263,HiSeq2500
IMmotion150-p05370-ar-27be5,-4.843019,2.3910608,HiSeq2500
IMmotion150-p05544-ar-43b75,-3.9708714,3.1288528,HiSeq2500
IMmotion150-p06184-ar-828f7,-5.6551323,4.313748,HiSeq2500
IMmotion150-p07343-ar-2bb4a,-4.04883,2.805928,HiSeq2500
IMmotion150-p07850-ar-50704,-3.9953558,1.7862775,HiSeq2500
IMmotion150-p08100-ar-c4519,-2.8156316,3.4075246,HiSeq2500
IMmotion150-p09050-ar-32c34,-2.8777535,2.0019033,HiSeq2500
IMmotion150-p09862-ar-3ec4d,-4.63184,1.8410308,HiSeq2500
IMmotion150-p10447-ar-3c1db,-5.5153584,2.4903636,HiSeq2500
IMmotion150-p10717-ar-0e5a9,-5.262299,2.7708592,HiSeq2500
IMmotion150-p11316-ar-e45c7,-4.4903007,1.3607203,HiSeq2500
IMmotion150-p12053-ar-48bda,-4.4296403,4.5463724,HiSeq2500
IMmotion150-p13588-ar-5af67,-4.739563,4.3228827,HiSeq2500
IMmotion150-p14153-ar-71492,-4.473268,3.2362309,HiSeq2500
IMmotion150-p14538-ar-1e0a2,-3.6947145,3.8750157,HiSeq2500
IMmotion150-p14593-ar-9020f,-3.167658,2.7228441,HiSeq2500
IMmotion150-p14998-ar-dc07b,-3.9132326,2.1618543,HiSeq2500
IMmotion150-p16409-ar-85d99,-3.9525905,2.7584176,HiSeq2500
IMmotion150-p16751-ar-7ebff,-4.7043457,3.7690387,HiSeq2500
IMmotion150-p17379-ar-faed6,-4.427734,1.1859871,HiSeq2500
IMmotion150-p17426-ar-6ae0d,-5.6107244,2.5011618,HiSeq2500
IMmotion150-p17615-ar-f7d9d,-4.050411,1.4520724,HiSeq2500
IMmotion150-p18226-ar-4f0a6,-2.9228995,2.8458924,HiSeq2500
IMmotion150-p18256-ar-fbb29,-5.2217317,1.7804497,HiSeq2500
IMmotion150-p18896-ar-ddffc,-4.199934,3.8162842,HiSeq2500
IMmotion150-p19016-ar-c751b,-4.437515,1.9383553,HiSeq2500
IMmotion150-p19507-ar-db0d1,-3.8538942,2.811739,HiSeq2500
IMmotion150-p20763-ar-edbe1,-2.8129125,3.1882732,HiSeq2500
IMmotion150-p21222-ar-1418a,-4.401335,4.1624207,HiSeq2500
IMmotion150-p21389-ar-a2f5d,-4.6696687,3.2132583,HiSeq2500
IMmotion150-p21589-ar-55cc6,-2.9283814,1.7723023,HiSeq2500
IMmotion150-p25799-ar-49c4c,-5.56175,3.2682767,HiSeq2500
IMmotion150-p26304-ar-d7dcd,-3.9354663,1.4975884,HiSeq2500
IMmotion150-p26467-ar-a6506,-5.1227927,4.551002,HiSeq2500
IMmotion150-p27487-ar-1478d,-4.481631,3.53437,HiSeq2500
IMmotion150-p28132-ar-99560,-4.0598745,2.117204,HiSeq2500
IMmotion150-p28238-ar-3482d,-3.4365892,3.9076912,HiSeq2500
IMmotion150-p30781-ar-4ae11,-4.6715837,2.6404133,HiSeq2500
IMmotion150-p31107-ar-a401d,-5.2162952,3.503831,HiSeq2500
IMmotion150-p32412-ar-d386a,-4.8295097,3.2947469,HiSeq2500
IMmotion150-p32845-ar-b9ecc,-4.4231434,3.8304107,HiSeq2500
IMmotion150-p32922-ar-6366a,-5.566875,4.4564304,HiSeq2500
IMmotion150-p33581-ar-1342d,-1.1265277,2.2379768,HiSeq2500
IMmotion150-p33602-ar-6d415,-5.1034102,3.9539084,HiSeq2500
IMmotion150-p34855-ar-89f86,-5.1793923,2.1689477,HiSeq2500
IMmotion150-p35317-ar-355c3,-4.3917136,0.9128347,HiSeq2500
IMmotion150-p35813-ar-90caf,-5.4871755,3.692341,HiSeq2500
IMmotion150-p36298-ar-fad25,-4.310969,1.2615212,HiSeq2500
IMmotion150-p36954-ar-44107,-3.20487,1.8528849,HiSeq2500
IMmotion150-p37011-ar-a4d25,-4.213813,3.8780832,HiSeq2500
IMmotion150-p37093-ar-3d98a,-4.8508167,2.278424,HiSeq2500
IMmotion150-p37173-ar-293a5,-3.2962077,1.6363697,HiSeq2500
IMmotion150-p38868-ar-e9e28,-4.133005,4.087791,HiSeq2500
IMmotion150-p40536-ar-3579c,-3.699046,1.3429697,HiSeq2500
IMmotion150-p41186-ar-1d209,-4.6065707,3.1924412,HiSeq2500
IMmotion150-p43682-ar-c925d,-4.690601,1.1835549,HiSeq2500
IMmotion150-p43872-ar-6c7f9,-5.184598,3.3123772,HiSeq2500
IMmotion150-p44376-ar-ac07f,-3.5933108,1.8191862,HiSeq2500
IMmotion150-p45459-ar-1af67,-4.082461,4.481103,HiSeq2500
IMmotion150-p46605-ar-eb284,-5.443485,3.1197054,HiSeq2500
IMmotion150-p47331-ar-ab299,-2.720563,1.9581261,HiSeq2500
IMmotion150-p47721-ar-71f6b,-5.0279927,1.4804957,HiSeq2500
IMmotion150-p48663-ar-37ce7,-4.66732,3.7556572,HiSeq2500
IMmotion150-p48954-ar-37f99,-5.7375693,2.5986557,HiSeq2500
IMmotion150-p49991-ar-5d93a,-4.4689717,1.6886288,HiSeq2500
IMmotion150-p50066-ar-6c06c,-3.0650249,2.1687262,HiSeq2500
IMmotion150-p50697-ar-605a2,-4.647423,4.2587285,HiSeq2500
IMmotion150-p50830-ar-c3b4a,-5.406178,2.018625,HiSeq2500
IMmotion150-p50976-ar-26f6d,-4.535361,3.2413874,HiSeq2500
IMmotion150-p51832-ar-890dd,-3.6284668,2.6215775,HiSeq2500
IMmotion150-p52272-ar-5b320,-4.6851497,1.7384663,HiSeq2500
IMmotion150-p52299-ar-8e4c5,-2.6746483,2.7995775,HiSeq2500
IMmotion150-p52837-ar-02ccc,-5.417606,2.3643353,HiSeq2500
IMmotion150-p53162-ar-05824,-2.4614396,1.9333862,HiSeq2500
IMmotion150-p53431-ar-d8ed2,-3.1745317,1.7147639,HiSeq2500
IMmotion150-p54120-ar-0f1aa,-3.2025368,3.4575899,HiSeq2500
IMmotion150-p54409-ar-fe8d6,-3.4856172,1.7947212,HiSeq2500
IMmotion150-p55061-ar-46457,-4.6886706,3.6016057,HiSeq2500
IMmotion150-p55684-ar-6de0a,-5.1752887,2.2189424,HiSeq2500
IMmotion150-p55787-ar-a1497,-2.409181,2.7474754,HiSeq2500
IMmotion150-p56237-ar-935a8,-5.217958,2.942309,HiSeq2500
IMmotion150-p56741-ar-2a443,-4.2492623,0.88708615,HiSeq2500
IMmotion150-p57764-ar-4767e,-4.00467,4.5022044,HiSeq2500
IMmotion150-p57834-ar-689be,-4.896856,3.8581154,HiSeq2500
IMmotion150-p58299-ar-b22ec,-4.3928504,1.331936,HiSeq2500
IMmotion150-p58399-ar-79085,-4.3997645,4.0737023,HiSeq2500
IMmotion150-p59051-ar-41711,-4.5816545,2.6115623,HiSeq2500
IMmotion150-p59055-ar-4260f,-1.636475,3.5624566,HiSeq2500
IMmotion150-p59257-ar-6f921,-3.3420255,2.9824932,HiSeq2500
IMmotion150-p59809-ar-82372,-4.369549,2.0678942,HiSeq2500
IMmotion150-p60596-ar-f566c,-5.0260367,3.0219781,HiSeq2500
IMmotion150-p60814-ar-1c2a5,-4.3414755,4.8279514,HiSeq2500
IMmotion150-p60815-ar-9d32a,-5.058027,2.5361125,HiSeq2500
IMmotion150-p61622-ar-fa5bc,-5.284257,3.769999,HiSeq2500
IMmotion150-p62140-ar-b5aff,-4.4355917,2.4607036,HiSeq2500
IMmotion150-p63636-ar-c0f7a,-5.505269,2.6653445,HiSeq2500
IMmotion150-p64208-ar-cb57a,-3.953135,2.3711667,HiSeq2500
IMmotion150-p65110-ar-1da68,-5.15493,4.410597,HiSeq2500
IMmotion150-p65181-ar-d3009,-4.8561254,1.3868562,HiSeq2500
IMmotion150-p67597-ar-3e120,-4.421634,2.8361313,HiSeq2500
IMmotion150-p68239-ar-97ff2,-3.3810887,2.6974216,HiSeq2500
IMmotion150-p69129-ar-219d6,-2.897982,1.5927637,HiSeq2500
IMmotion150-p69561-ar-e3544,-3.1916976,3.073396,HiSeq2500
IMmotion150-p69645-ar-a30d9,-5.480798,4.4800067,HiSeq2500
IMmotion150-p69986-ar-f1402,-4.7779555,2.984978,HiSeq2500
IMmotion150-p71382-ar-b68f5,-4.013956,3.9884114,HiSeq2500
IMmotion150-p71388-ar-986de,-4.271349,1.175921,HiSeq2500
IMmotion150-p71514-ar-e7bfc,-4.627455,2.268582,HiSeq2500
IMmotion150-p72473-ar-24ab7,-4.4753485,1.5853866,HiSeq2500
IMmotion150-p73074-ar-379fe,-4.3748684,2.2522259,HiSeq2500
IMmotion150-p73444-ar-3465e,-3.835329,3.0928853,HiSeq2500
IMmotion150-p73644-ar-34124,-5.1827707,3.9188268,HiSeq2500
IMmotion150-p74056-ar-e60f3,-4.746175,1.6734607,HiSeq2500
IMmotion150-p75429-ar-a2056,-5.3008046,3.7432675,HiSeq2500
IMmotion150-p75903-ar-ea05a,-3.34823,4.1515203,HiSeq2500
IMmotion150-p76620-ar-e3505,-3.831912,1.9718136,HiSeq2500
IMmotion150-p77236-ar-c51eb,-5.046683,2.1807456,HiSeq2500
IMmotion150-p77592-ar-348b3,-3.8781993,3.228069,HiSeq2500
IMmotion150-p77606-ar-73bce,-5.3931594,3.0977764,HiSeq2500
IMmotion150-p77642-ar-cbdf8,-5.1509085,2.5161433,HiSeq2500
IMmotion150-p77682-ar-10061,-3.562402,2.5362275,HiSeq2500
IMmotion150-p77957-ar-88277,-0.7966112,5.185133,HiSeq2500
IMmotion150-p78200-ar-d4750,-4.6193075,0.9381825,HiSeq2500
IMmotion150-p78631-ar-e9937,-5.0631585,3.62398,HiSeq2500
IMmotion150-p78812-ar-68e58,-3.7869987,2.7052188,HiSeq2500
IMmotion150-p78903-ar-d309d,-5.1940284,3.942156,HiSeq2500
IMmotion150-p80740-ar-0d631,-3.0998757,3.0361905,HiSeq2500
IMmotion150-p82037-ar-d9253,-4.051424,1.1050382,HiSeq2500
IMmotion150-p82438-ar-00760,-3.8529103,3.541343,HiSeq2500
IMmotion150-p82773-ar-35d10,-5.300967,4.388795,HiSeq2500
IMmotion150-p82892-ar-05ee2,-5.025719,2.0622687,HiSeq2500
IMmotion150-p83356-ar-c889c,-3.9221609,3.3331704,HiSeq2500
IMmotion150-p83425-ar-25f19,-4.0510297,3.0502853,HiSeq2500
IMmotion150-p84637-ar-a617b,-3.0113916,2.208477,HiSeq2500
IMmotion150-p84792-ar-cf28c,-2.1364362,4.482107,HiSeq2500
IMmotion150-p84835-ar-0f59f,-5.5183606,3.928905,HiSeq2500
IMmotion150-p87325-ar-e7c59,-4.997479,2.9412637,HiSeq2500
IMmotion150-p87381-ar-053ea,-5.701988,2.1329162,HiSeq2500
IMmotion150-p87690-ar-e7a69,-5.649578,2.4482427,HiSeq2500
IMmotion150-p88355-ar-06384,-4.0446672,2.6980503,HiSeq2500
IMmotion150-p89981-ar-824ee,-3.279897,2.2718,HiSeq2500
IMmotion150-p90170-ar-91593,-4.8726525,4.660085,HiSeq2500
IMmotion150-p90215-ar-05e00,-2.8664203,4.5752473,HiSeq2500
IMmotion150-p90681-ar-3044c,-4.1913347,0.92196566,HiSeq2500
IMmotion150-p90969-ar-eb279,-5.1462135,3.6114273,HiSeq2500
IMmotion150-p91392-ar-c1e57,-5.194271,4.691076,HiSeq2500
IMmotion150-p91890-ar-3f780,-3.7910867,4.56049,HiSeq2500
IMmotion150-p92137-ar-a61f4,-4.297315,2.9285269,HiSeq2500
IMmotion150-p92156-ar-acf8a,-5.5926914,3.905257,HiSeq2500
IMmotion150-p92869-ar-e2339,-3.2072837,2.1714172,HiSeq2500
IMmotion150-p93090-ar-65a4c,-5.727772,4.0884595,HiSeq2500
IMmotion150-p96212-ar-544d1,-3.9513347,2.1426558,HiSeq2500
IMmotion150-p96831-ar-c6d32,-4.619999,1.3415546,HiSeq2500
IMmotion150-p97816-ar-1270d,-4.319155,3.3324766,HiSeq2500
IMmotion150-p97909-ar-c7295,-3.2055216,4.7519484,HiSeq2500
IMmotion150-p98637-ar-bcb5a,-4.3733296,1.2613072,HiSeq2500
IMmotion150-p98987-ar-12652,-5.3351426,3.101864,HiSeq2500
IMmotion150-p99039-ar-ef7b7,-2.241419,5.0647454,HiSeq2500
Miao_Science_2018-p0005-ar-201,-3.5888538,3.4659917,HiSeq2000
Miao_Science_2018-p0007-ar-200,-5.4260564,3.9149806,HiSeq2000
Miao_Science_2018-p0010-ar-191,-4.6383686,2.1004932,HiSeq2000
Miao_Science_2018-p0011-ar-202,-4.423293,1.3129281,HiSeq2000
Miao_Science_2018-p0012-ar-206,-5.0748005,3.3809998,HiSeq2000
Miao_Science_2018-p0013-ar-204,-5.118705,2.652292,HiSeq2000
Miao_Science_2018-p0014-ar-199,-4.101151,1.7993861,HiSeq2000
Miao_Science_2018-p0015-ar-194,-4.3957605,3.6662557,HiSeq2000
Miao_Science_2018-p0018-ar-195,-4.592755,2.0865648,HiSeq2000
Miao_Science_2018-p0019-ar-196,-3.6914272,3.2398245,HiSeq2000
Miao_Science_2018-p0020-ar-193,-2.3986375,1.6041377,HiSeq2000
Miao_Science_2018-p0021-ar-190,-4.0964966,3.2183354,HiSeq2000
Miao_Science_2018-p0022-ar-198,-4.6233015,1.8620398,HiSeq2000
Miao_Science_2018-p0023-ar-197,-5.0686684,2.397799,HiSeq2000
Miao_Science_2018-p0024-ar-192,-2.5742912,2.0865722,HiSeq2000
Miao_Science_2018-p0025-ar-205,-5.181525,2.040207,HiSeq2000
Miao_Science_2018-p0026-ar-203,-3.6638901,5.1747966,HiSeq2000
NSCLC_Ravi_SU2CLC-CLE-NIVO10-T1,20.034693,8.185422,HiSeq2500
NSCLC_Ravi_SU2CLC-CLE-NIVO18-T1,18.366468,7.314052,HiSeq2500
NSCLC_Ravi_SU2CLC-CLE-NIVO19-T1,17.562838,7.105078,HiSeq2500
NSCLC_Ravi_SU2CLC-CLE-NIVO20-T1,17.066557,7.9506054,HiSeq2500
NSCLC_Ravi_SU2CLC-CLE-NIVO2-T1,15.916705,7.881896,HiSeq2500
NSCLC_Ravi_SU2CLC-CLE-NIVO3-T1,17.022886,7.8658714,HiSeq2500
NSCLC_Ravi_SU2CLC-CLE-NIVO52-T1,17.380955,5.9449906,HiSeq2500
NSCLC_Ravi_SU2CLC-CLE-NIVO5-T1,17.000298,7.779695,HiSeq2500
NSCLC_Ravi_SU2CLC-CLE-NIVO9-T1,17.33215,5.7860866,HiSeq2500
NSCLC_Ravi_SU2CLC-COL-1001-T1,16.863667,6.3367276,HiSeq2500
NSCLC_Ravi_SU2CLC-COL-1008-T1,15.360933,8.557938,HiSeq2500
NSCLC_Ravi_SU2CLC-COL-1017-T1,18.036041,7.1546974,HiSeq2500
NSCLC_Ravi_SU2CLC-COL-1020-T1,18.726141,7.4260807,HiSeq2500
NSCLC_Ravi_SU2CLC-COL-1021-T1,17.497332,6.541515,HiSeq2500
NSCLC_Ravi_SU2CLC-COL-1022-T1,17.890675,5.7742805,HiSeq2500
NSCLC_Ravi_SU2CLC-COL-1023-T1,15.284471,7.8649077,HiSeq2500
NSCLC_Ravi_SU2CLC-COL-1026-T1,17.384924,6.223363,HiSeq2500
NSCLC_Ravi_SU2CLC-COL-1029-T1,17.217678,7.4149356,HiSeq2500
NSCLC_Ravi_SU2CLC-COL-1031-T1,16.133535,7.721588,HiSeq2500
NSCLC_Ravi_SU2CLC-COL-1032-T1,18.49959,6.7671027,HiSeq2500
NSCLC_Ravi_SU2CLC-COL-1033-T1,16.744259,6.035486,HiSeq2500
NSCLC_Ravi_SU2CLC-COL-1034-T1,19.00319,7.3032737,HiSeq2500
NSCLC_Ravi_SU2CLC-COL-1035-T1,15.615119,7.819508,HiSeq2500
NSCLC_Ravi_SU2CLC-COL-1036-T1,16.607998,5.9466543,HiSeq2500
NSCLC_Ravi_SU2CLC-COL-1037-T1,15.946845,7.9419007,HiSeq2500
NSCLC_Ravi_SU2CLC-COL-1038-T1,16.163605,7.030614,HiSeq2500
NSCLC_Ravi_SU2CLC-COL-1041-T1,17.142408,6.4625235,HiSeq2500
NSCLC_Ravi_SU2CLC-COL-1043-T2,16.260363,7.7984076,HiSeq2500
NSCLC_Ravi_SU2CLC-COL-1044-T1,16.461916,7.775216,HiSeq2500
NSCLC_Ravi_SU2CLC-DFC-1001-T1,16.584827,6.401822,HiSeq2500
NSCLC_Ravi_SU2CLC-DFC-1002-T1,16.95632,6.635776,HiSeq2500
NSCLC_Ravi_SU2CLC-DFC-1004-T1,16.552887,6.251333,HiSeq2500
NSCLC_Ravi_SU2CLC-DFC-1007-T1,18.419611,6.1129274,HiSeq2500
NSCLC_Ravi_SU2CLC-DFC-1013-T1,16.911093,6.1241446,HiSeq2500
NSCLC_Ravi_SU2CLC-DFC-1015-T2,16.091541,6.1693487,HiSeq2500
NSCLC_Ravi_SU2CLC-DFC-1017-T2,19.13907,7.0630984,HiSeq2500
NSCLC_Ravi_SU2CLC-DFC-1018-T1,19.38842,7.272142,HiSeq2500
NSCLC_Ravi_SU2CLC-DFC-1019-T1,16.011473,6.871248,HiSeq2500
NSCLC_Ravi_SU2CLC-DFC-1020-T1,17.490282,7.2054944,HiSeq2500
NSCLC_Ravi_SU2CLC-DFC-1534-T1,18.501057,6.062865,HiSeq2500
NSCLC_Ravi_SU2CLC-DFC-1536-T1,16.943184,6.3409314,HiSeq2500
NSCLC_Ravi_SU2CLC-DFC-1537-T1,16.106716,6.5217295,HiSeq2500
NSCLC_Ravi_SU2CLC-DFC-1538-T1,17.113802,6.2108884,HiSeq2500
NSCLC_Ravi_SU2CLC-DFC-1539-T1,18.544947,6.6367955,HiSeq2500
NSCLC_Ravi_SU2CLC-DFC-DF0033-T1,17.223217,6.9218993,HiSeq2500
NSCLC_Ravi_SU2CLC-DFC-DF0107-T1,18.759935,6.1889086,HiSeq2500
NSCLC_Ravi_SU2CLC-DFC-DF0108-T1,15.032145,8.080551,HiSeq2500
NSCLC_Ravi_SU2CLC-DFC-DF0109-T1,18.690859,6.433837,HiSeq2500
NSCLC_Ravi_SU2CLC-DFC-DF0112-T1,18.429398,6.7933626,HiSeq2500
NSCLC_Ravi_SU2CLC-DFC-DF0241-T1,15.904996,8.202916,HiSeq2500
NSCLC_Ravi_SU2CLC-DFC-DF0499-T1,17.120811,7.240025,HiSeq2500
NSCLC_Ravi_SU2CLC-DFC-DF0510-T1,19.451708,7.1862493,HiSeq2500
NSCLC_Ravi_SU2CLC-DFC-DF0512-T1,16.52845,6.841385,HiSeq2500
NSCLC_Ravi_SU2CLC-DFC-DF0561-T1,18.832645,7.5872025,HiSeq2500
NSCLC_Ravi_SU2CLC-DFC-DF0668-T1,18.852333,7.322606,HiSeq2500
NSCLC_Ravi_SU2CLC-DFC-DF0790-T1,16.194128,6.9291086,HiSeq2500
NSCLC_Ravi_SU2CLC-DFC-DF0840-T1,16.68669,7.2362986,HiSeq2500
NSCLC_Ravi_SU2CLC-MDA-1441-T1,17.80327,6.1588597,HiSeq2500
NSCLC_Ravi_SU2CLC-MDA-1442-T1,19.664062,7.2969894,HiSeq2500
NSCLC_Ravi_SU2CLC-MDA-1443-T1,19.03886,7.4454737,HiSeq2500
NSCLC_Ravi_SU2CLC-MDA-1561-T1,18.49348,6.117562,HiSeq2500
NSCLC_Ravi_SU2CLC-MDA-1562-T1,18.731686,6.5202713,HiSeq2500
NSCLC_Ravi_SU2CLC-MDA-1627-T1,16.085255,7.424032,HiSeq2500
NSCLC_Ravi_SU2CLC-MDA-1628-T1,16.869333,6.865458,HiSeq2500
NSCLC_Ravi_SU2CLC-MDA-1630-T1,17.83632,7.5623474,HiSeq2500
NSCLC_Ravi_SU2CLC-MDA-1631-T1,19.35108,7.2204914,HiSeq2500
NSCLC_Ravi_SU2CLC-MGH-1054-T2,18.47529,7.4350104,HiSeq2500
NSCLC_Ravi_SU2CLC-MGH-1135-T2,18.184805,6.407268,HiSeq2500
NSCLC_Ravi_SU2CLC-MGH-1149-T1,16.372566,6.336084,HiSeq2500
NSCLC_Ravi_SU2CLC-MGH-1161-T2,16.47046,7.2912064,HiSeq2500
NSCLC_Ravi_SU2CLC-MGH-1163-T1,18.807768,6.4136515,HiSeq2500
NSCLC_Ravi_SU2CLC-MGH-1169-T1,18.046856,7.0170207,HiSeq2500
NSCLC_Ravi_SU2CLC-MGH-1387-T1,17.261253,6.662868,HiSeq2500
NSCLC_Ravi_SU2CLC-MGH-1411-T1,18.292788,6.6442204,HiSeq2500
NSCLC_Ravi_SU2CLC-MGH-1412-T1,16.618929,7.7781734,HiSeq2500
NSCLC_Ravi_SU2CLC-MGH-1413-T1,17.691103,5.92612,HiSeq2500
NSCLC_Ravi_SU2CLC-MGH-1414-T1,16.643663,6.740988,HiSeq2500
NSCLC_Ravi_SU2CLC-MGH-1415-T1,16.143026,8.007697,HiSeq2500
NSCLC_Ravi_SU2CLC-MGH-1416-T1,16.531488,7.143745,HiSeq2500
NSCLC_Ravi_SU2CLC-MGH-1417-T1,18.835669,7.062029,HiSeq2500
NSCLC_Ravi_SU2CLC-MGH-1487-T1,19.13015,7.391567,HiSeq2500
NSCLC_Ravi_SU2CLC-MGH-1488-T1,17.585257,6.1742315,HiSeq2500
NSCLC_Ravi_SU2CLC-MGH-1489-T1,19.23028,7.150613,HiSeq2500
NSCLC_Ravi_SU2CLC-MGH-1490-T1,16.774395,7.6170197,HiSeq2500
NSCLC_Ravi_SU2CLC-MGH-1493-T1,15.500938,8.127234,HiSeq2500
NSCLC_Ravi_SU2CLC-MGH-1495-T1,16.327978,7.7168207,HiSeq2500
NSCLC_Ravi_SU2CLC-MGH-1501-T1,17.246925,6.892181,HiSeq2500
NSCLC_Ravi_SU2CLC-MGH-1568-T1,17.48615,7.1559544,HiSeq2500
NSCLC_Ravi_SU2CLC-MGH-1572-T1,18.22403,7.284258,HiSeq2500
NSCLC_Ravi_SU2CLC-MGH-1574-T1,15.031994,8.137717,HiSeq2500
NSCLC_Ravi_SU2CLC-MGH-1575-T1,17.89361,6.453431,HiSeq2500
NSCLC_Ravi_SU2CLC-MSK-1364-T1,18.86061,6.5716233,HiSeq2500
NSCLC_Ravi_SU2CLC-MSK-1365-T1,19.365377,6.9915686,HiSeq2500
NSCLC_Ravi_SU2CLC-MSK-A2013-T1,16.726067,6.1910195,HiSeq2500
NSCLC_Ravi_SU2CLC-MSK-A2014-T1,18.874722,7.3726406,HiSeq2500
NSCLC_Ravi_SU2CLC-MSK-A2060-T1,16.216593,6.1230955,HiSeq2500
NSCLC_Ravi_SU2CLC-MSK-A2075-T1,17.854513,7.438222,HiSeq2500
NSCLC_Ravi_SU2CLC-UCD-1124-T1,17.820364,6.2677665,HiSeq2500
NSCLC_Ravi_SU2CLC-UCD-1142-T1,17.534344,7.4804273,HiSeq2500
NSCLC_Ravi_SU2CLC-UCD-1143-T1,16.251087,6.6498866,HiSeq2500
NSCLC_Ravi_SU2CLC-UCD-1557-T1,18.521465,7.2492833,HiSeq2500
NSCLC_Ravi_SU2CLC-UCD-1560-T1,15.824142,8.1106205,HiSeq2500
NSCLC_Ravi_SU2CLC-CLE-NIVO24-T1,18.574554,8.223054,HiSeq2500
NSCLC_Ravi_SU2CLC-CLE-NIVO31-T1,19.584326,7.551775,HiSeq2500
NSCLC_Ravi_SU2CLC-COL-1007-T1,18.577671,7.2458253,HiSeq2500
NSCLC_Ravi_SU2CLC-COL-1010-T1,18.015446,6.646022,HiSeq2500
NSCLC_Ravi_SU2CLC-COL-1016-T1,18.620356,7.5319705,HiSeq2500
NSCLC_Ravi_SU2CLC-COL-1018-T1,16.499134,10.441711,HiSeq2500
NSCLC_Ravi_SU2CLC-COL-1025-T1,18.912098,7.17465,HiSeq2500
NSCLC_Ravi_SU2CLC-COL-1027-T1,14.717399,8.041792,HiSeq2500
NSCLC_Ravi_SU2CLC-COL-1039-T2,17.995562,7.7216215,HiSeq2500
NSCLC_Ravi_SU2CLC-DFC-1016-T1,16.65909,6.96015,HiSeq2500
NSCLC_Ravi_SU2CLC-DFC-1535-T1,18.89204,7.2875433,HiSeq2500
NSCLC_Ravi_SU2CLC-DFC-DF0047-T1,15.019236,8.182036,HiSeq2500
NSCLC_Ravi_SU2CLC-MDA-1444-T1,18.973711,6.9893913,HiSeq2500
NSCLC_Ravi_SU2CLC-MDA-1563-T1,18.664251,6.8532553,HiSeq2500
NSCLC_Ravi_SU2CLC-MDA-1564-T1,19.527006,7.453904,HiSeq2500
NSCLC_Ravi_SU2CLC-MGH-1044-T1,18.088602,6.428394,HiSeq2500
NSCLC_Ravi_SU2CLC-MGH-1055-T1,19.184847,7.570823,HiSeq2500
NSCLC_Ravi_SU2CLC-MGH-1148-T1,18.691473,7.649689,HiSeq2500
NSCLC_Ravi_SU2CLC-MGH-1150-T1,18.644712,7.4896927,HiSeq2500
NSCLC_Ravi_SU2CLC-MGH-1389-T1,17.531599,6.9075108,HiSeq2500
NSCLC_Ravi_SU2CLC-MGH-1409-T1,16.126543,6.4910474,HiSeq2500
NSCLC_Ravi_SU2CLC-MGH-1492-T1,16.422491,6.7908363,HiSeq2500
NSCLC_Ravi_SU2CLC-MGH-1500-T1,17.394022,8.13358,HiSeq2500
NSCLC_Ravi_SU2CLC-MGH-1565-T1,19.106867,7.726929,HiSeq2500
NSCLC_Ravi_SU2CLC-UCD-1137-T1,14.957361,8.333256,HiSeq2500
MEL-IPI_Pat03-Tumor-SM-4DJZY,-2.4008048,4.91709,HiSeq2500
MEL-IPI_Pat06-Tumor-SM-4DK12,-2.002714,2.0921981,HiSeq2500
MEL-IPI_Pat08-Tumor-SM-4DK14,-0.097058475,4.127361,HiSeq2500
MEL-IPI_Pat14-Tumor-SM-53U3C,-5.015743,2.9608846,HiSeq2500
MEL-IPI_Pat15-Tumor-SM-4DK1B,0.09559692,6.7814913,HiSeq2500
MEL-IPI_Pat16-Tumor-SM-53U3E,1.0976167,5.482997,HiSeq2500
MEL-IPI_Pat19-Tumor-SM-4DK1F,-1.6259754,2.8168595,HiSeq2500
MEL-IPI_Pat25-Tumor-SM-4DK1L,0.067563005,6.336664,HiSeq2500
MEL-IPI_Pat27-Tumor-SM-4DK1N,-0.7263119,3.7654245,HiSeq2500
MEL-IPI_Pat28-Tumor-SM-4DK1O,-0.75124276,5.8358603,HiSeq2500
MEL-IPI_Pat33-Tumor-SM-4DK1T,0.12515089,7.7587867,HiSeq2500
MEL-IPI_Pat36-Tumor-SM-53U3X,0.33571276,7.50201,HiSeq2500
MEL-IPI_Pat37-Tumor-SM-53U3Y,0.55714875,4.243291,HiSeq2500
MEL-IPI_Pat40-Tumor-SM-4DK21,-0.45584166,5.2923484,HiSeq2500
MEL-IPI_Pat43-Tumor-SM-4DK24,-2.7466953,2.733048,HiSeq2500
MEL-IPI_Pat44-Tumor-SM-4DK25,1.3131713,4.34594,HiSeq2500
MEL-IPI_Pat45-Tumor-SM-4DK26,-0.060855124,6.546483,HiSeq2500
MEL-IPI_Pat46-Tumor-SM-53U48,1.2989068,3.8736126,HiSeq2500
MEL-IPI_Pat50-Tumor-SM-53U69,0.62275505,6.034541,HiSeq2500
MEL-IPI_Pat81-Tumor-SM-4DK37,0.29842824,7.7238207,HiSeq2500
MEL-IPI_Pat83-Tumor-SM-53U2W,0.27767256,2.985918,HiSeq2500
MEL-IPI_Pat85-Tumor-SM-53U2Y,-1.6929871,1.8808519,HiSeq2500
MEL-IPI_Pat86-Tumor-SM-4DK3C,-0.124230236,6.370987,HiSeq2500
MEL-IPI_Pat98-Tumor-SM-4CU6L,1.3637171,3.8535013,HiSeq2500
MEL-IPI_Pat118-Tumor-SM-5X2QV,-1.843021,3.0740077,HiSeq2500
MEL-IPI_Pat119-Tumor-SM-7459N,1.6862358,4.8765664,HiSeq2500
MEL-IPI_Pat39-Tumor-SM-4DK1Z,-2.2164435,2.7823713,HiSeq2500
MEL-IPI_Pat47-Tumor-SM-4DK28,-0.71126115,6.575707,HiSeq2500
MEL-IPI_Pat04-Tumor-SM-4DJZZ,0.0028115823,6.3207545,HiSeq2500
MEL-IPI_Pat38-Tumor-SM-53U3Z,-1.4375718,2.3418665,HiSeq2500
MEL-IPI_Pat79-Tumor-SM-53U2S,0.276486,5.6647596,HiSeq2500
MEL-IPI_Pat90-Tumor-SM-4DK3G,-0.32088476,3.6836207,HiSeq2500
MEL-IPI_Pat126-Tumor-SM-5X2R4,-1.1292499,5.513937,HiSeq2500
MEL-IPI_Pat02-Tumor-SM-4DJZX,-2.8752341,3.2363982,HiSeq2500
MEL-IPI_Pat49-Tumor-SM-4DK2A,-1.375322,1.8640553,HiSeq2500
MEL-IPI_Pat80-Tumor-SM-4DK36,0.17316887,3.0178144,HiSeq2500
MEL-IPI_Pat88-Tumor-SM-4DK3E,-0.12701108,2.411647,HiSeq2500
MEL-IPI_Pat123-Tumor-SM-5X2R1,1.6494443,5.3163905,HiSeq2500
MEL-IPI_Pat29-Tumor-SM-4DK1P,-1.2545749,2.45543,HiSeq2500
1_ipiPD1_PRE,0.6041312,7.4261107,HiSeq2500
2_ipiPD1_PRE,0.9587958,3.6503773,HiSeq2500
6_ipiPD1_PRE,0.7693254,5.4530067,HiSeq2500
7_ipiPD1_PRE,1.2281921,7.5190606,HiSeq2500
8_ipiPD1_PRE,0.64839196,5.265942,HiSeq2500
10_ipiPD1_PRE,1.6574545,4.266471,HiSeq2500
12_ipiPD1_PRE,-0.82801217,4.050794,HiSeq2500
13_ipiPD1_PRE,-0.4774241,2.2695272,HiSeq2500
14_ipiPD1_PRE,0.34436613,6.7386227,HiSeq2500
15_ipiPD1_PRE,-0.5868517,6.1553183,HiSeq2500
17_ipiPD1_PRE,1.0631156,6.869898,HiSeq2500
19_ipiPD1_PRE,-0.10941149,2.6951702,HiSeq2500
20_ipiPD1_PRE,-0.7242942,2.0454073,HiSeq2500
21_ipiPD1_PRE,-0.3570139,2.7557714,HiSeq2500
23_ipiPD1_PRE,0.8078146,7.7573895,HiSeq2500
24_ipiPD1_PRE,0.32154045,5.970134,HiSeq2500
25_ipiPD1_PRE,1.3448322,4.6799383,HiSeq2500
26_ipiPD1_PRE,0.19601743,5.1241264,HiSeq2500
27_ipiPD1_PRE,-0.7323486,2.620527,HiSeq2500
32_ipiPD1_PRE,-0.48343936,2.1256487,HiSeq2500
33_ipiPD1_PRE,0.08381729,4.0618806,HiSeq2500
34_ipiPD1_PRE,0.16232243,6.412404,HiSeq2500
35_ipiPD1_PRE,-1.4573398,3.2734296,HiSeq2500
36_ipiPD1_PRE,-0.94287634,2.5131238,HiSeq2500
37_ipiPD1_PRE,-0.7658359,2.2355425,HiSeq2500
38_ipiPD1_PRE,-2.3630266,4.8977757,HiSeq2500
44_ipiPD1_PRE,-1.8215222,3.8635585,HiSeq2500
45_ipiPD1_PRE,-0.1297872,3.8245668,HiSeq2500
46_ipiPD1_PRE,-1.3735782,2.7569907,HiSeq2500
47_ipiPD1_PRE,-0.7877613,2.3226008,HiSeq2500
49_ipiPD1_PRE,-0.106575154,4.343681,HiSeq2500
50_ipiPD1_PRE,-1.2781223,4.2313485,HiSeq2500
2_PD1_PRE,-3.15122,3.859517,HiSeq2500
3_PD1_PRE,-1.1317452,6.492721,HiSeq2500
4_PD1_PRE,-1.7961727,3.0885296,HiSeq2500
5_PD1_PRE,1.0935997,3.930288,HiSeq2500
6_PD1_PRE,-1.1024237,1.8265946,HiSeq2500
7_PD1_PRE,-1.9004264,3.5376523,HiSeq2500
8_PD1_PRE,1.6780682,7.6056685,HiSeq2500
9_PD1_PRE,-2.360962,3.4544964,HiSeq2500
10_PD1_PRE,-1.1216954,4.0293927,HiSeq2500
11_PD1_PRE,-2.4508626,4.331727,HiSeq2500
12_PD1_PRE,-0.7806596,4.6574726,HiSeq2500
13_PD1_PRE,-1.2378421,6.1270885,HiSeq2500
14_PD1_PRE,-1.3580166,3.9136667,HiSeq2500
15_PD1_PRE,-1.4776938,4.9108424,HiSeq2500
16_PD1_PRE,0.32763577,3.9816382,HiSeq2500
17_PD1_PRE,-2.273593,4.1649776,HiSeq2500
18_PD1_PRE,-0.3681273,6.0315557,HiSeq2500
19_PD1_PRE,-0.28079265,6.3082366,HiSeq2500
21_PD1_PRE,0.374685,6.528997,HiSeq2500
23_PD1_PRE,-1.4683925,5.3857117,HiSeq2500
25_PD1_PRE,-1.1600282,3.4557862,HiSeq2500
27_PD1_PRE,1.2903675,4.26339,HiSeq2500
29_PD1_PRE,0.32790342,7.1220546,HiSeq2500
30_PD1_PRE,1.0689948,5.9274793,HiSeq2500
34_PD1_PRE,0.04137785,4.8731794,HiSeq2500
35_PD1_PRE,-2.4948256,2.2816224,HiSeq2500
36_PD1_PRE,0.025860356,2.9595113,HiSeq2500
38_PD1_PRE,-1.8621366,2.9231377,HiSeq2500
40_PD1_PRE,-0.9583323,2.3425071,HiSeq2500
41_PD1_PRE,-0.2351267,5.5437565,HiSeq2500
42_PD1_PRE,-1.8439263,4.663711,HiSeq2500
44_PD1_PRE,-1.7327365,1.7684828,HiSeq2500
45_PD1_PRE,-1.2421825,1.9570285,HiSeq2500
46_PD1_PRE,-1.5481747,4.5651174,HiSeq2500
47_PD1_PRE,-2.6666393,2.7147782,HiSeq2500
48_PD1_PRE,-0.91166383,1.9935808,HiSeq2500
49_PD1_PRE,-1.2137512,5.0873957,HiSeq2500
50_PD1_PRE,-1.0402777,2.998997,HiSeq2500
52_PD1_PRE,-0.37624612,4.826009,HiSeq2500
53_PD1_PRE,-1.3517419,1.8608643,HiSeq2500
54_PD1_PRE,-0.0927773,2.6232495,HiSeq2500
Pt1-baseline,-3.2528028,5.2601414,HiSeq2000
Pt2-baseline,-2.836073,6.5615807,HiSeq2000
Pt4-baseline,-0.21681985,6.9025397,HiSeq2000
Pt5-baseline,-0.2771308,7.8103576,HiSeq2000
Pt6-baseline,-0.47041422,7.3011684,HiSeq2000
Pt7-baseline,-1.3775007,7.2369266,HiSeq2000
Pt8-baseline,-1.5368863,6.692284,HiSeq2000
Pt9-baseline,-3.073114,5.633477,HiSeq2000
Pt10-baseline,-1.6918502,6.7985883,HiSeq2000
Pt12-baseline,-1.8154923,6.062925,HiSeq2000
Pt13-baseline,-2.9992144,5.456814,HiSeq2000
Pt14-baseline,-2.9445229,5.357377,HiSeq2000
Pt15-baseline,0.28503203,3.7745597,HiSeq2000
Pt19-baseline,0.10496605,7.0490503,HiSeq2000
Pt20-baseline,-1.1427265,4.7788787,HiSeq2000
Pt22-baseline,-3.575302,5.2713776,HiSeq2000
Pt23-baseline,-2.1600704,6.158685,HiSeq2000
Pt25-baseline,-0.9189353,6.6144886,HiSeq2000
Pt27-baseline,-0.07063569,3.449462,HiSeq2000
Pt28-baseline,-2.1352262,5.4626913,HiSeq2000
Pt29-baseline,-0.42071253,3.7934315,HiSeq2000
Pt31-baseline,-1.4651313,7.035702,HiSeq2000
Pt32-baseline,-2.4208896,6.1472225,HiSeq2000
Pt35-baseline,-0.9690636,7.128992,HiSeq2000
Pt37-baseline,-0.0557021,6.6301656,HiSeq2000
Pt38-baseline,-1.6695025,1.4185424,HiSeq2000
Patient166_T,0.66290784,8.009438,HiSeq2500
Patient99_T_P,0.23208293,3.5141375,HiSeq2500
Patient100_T_P,-1.7143548,1.6003573,HiSeq2500
Patient112_T_P,-0.8686211,4.468597,HiSeq2500
Patient116_T_P,-0.51969415,6.421401,HiSeq2500
Patient125_T_P,-1.0452163,1.7754637,HiSeq2500
Patient126_T_P,0.32614353,4.9099927,HiSeq2500
Patient141_T,1.0483228,7.714931,HiSeq2500
Patient147_T,0.71635544,7.6512322,HiSeq2500
Patient18_T_M,0.53718626,7.279198,HiSeq2500
Patient181_T,-1.4213345,3.4881854,HiSeq2500
Patient185_T,-1.356828,3.6771894,HiSeq2500
Patient191_T,0.45950693,4.167595,HiSeq2500
Patient195_T,-1.2616906,3.1360886,HiSeq2500
Patient20_T_M,-0.24610534,5.160637,HiSeq2500
Patient22_T_M,0.72880197,7.927358,HiSeq2500
Patient23_T_M,1.2670131,5.842241,HiSeq2500
Patient24_T_M,-0.5025745,6.8558517,HiSeq2500
Patient35_T_M,1.3249657,5.6770525,HiSeq2500
Patient42_T_M,0.7786629,7.348414,HiSeq2500
Patient45_T_M,0.3055195,3.1736648,HiSeq2500
Patient47_T_M,1.8853663,4.377195,HiSeq2500
Patient56_T_M,-2.2224681,3.7883565,HiSeq2500
Patient62_T_P,-0.8531417,3.622609,HiSeq2500
Patient63_T_P,1.2924141,4.7980037,HiSeq2500
Patient67_T_P,1.0969815,6.910841,HiSeq2500
Patient72_T_P,1.2546792,4.46704,HiSeq2500
Patient73_T_P,-0.24038687,6.6097016,HiSeq2500
Patient83_T_P,1.5458257,4.564551,HiSeq2500
Patient9_T_M,-0.63840556,4.129887,HiSeq2500
Patient163_T,0.7543519,3.3338242,HiSeq2500
Patient168_T,1.7181758,4.4029803,HiSeq2500
Patient17_T_M,0.1782422,4.802147,HiSeq2500
Patient37_T_M,0.18316011,3.77024,HiSeq2500
Patient36_T_M,0.5521169,6.82633,HiSeq2500
Patient98_T_P,-0.3293488,3.0476606,HiSeq2500
Patient127_T_P,-1.3184876,5.9100757,HiSeq2500
Patient162_T,0.66609424,3.3745403,HiSeq2500
Patient38_T_M,0.7419095,7.5044265,HiSeq2500
Patient40_T_M,0.98363507,7.3294554,HiSeq2500
Patient96_T_P,1.0902942,7.767228,HiSeq2500
Patient130_T_P,0.5121698,4.399419,HiSeq2500
Patient167_T,1.3921766,4.9524045,HiSeq2500
Patient196_T,1.6414022,4.75592,HiSeq2500
Patient197_T,0.5685178,7.79411,HiSeq2500
Patient117_T_P,-0.30942598,3.9114842,HiSeq2500
Patient165_T,-0.009301622,4.6236515,HiSeq2500
Patient1_T_M,1.2121956,6.741622,HiSeq2500
Patient10_T_M,-0.41394117,4.046127,HiSeq2500
Patient105_T_P,1.2305518,7.8358884,HiSeq2500
Patient106_T_P,0.36301726,5.9692955,HiSeq2500
Patient11_T_M,1.1128076,4.719005,HiSeq2500
Patient121_T_P,0.13065463,3.3602936,HiSeq2500
Patient13_T_M,1.7348975,4.010075,HiSeq2500
Patient133_T,-0.24652342,3.2091813,HiSeq2500
Patient134_T,-1.7318633,3.159209,HiSeq2500
Patient135_T,0.23708147,3.4139018,HiSeq2500
Patient14_T_M,-0.029034855,5.707583,HiSeq2500
Patient140_T,1.1598384,7.9913564,HiSeq2500
Patient143_T,-2.0912883,3.2379856,HiSeq2500
Patient145_T,-1.2249687,5.3064966,HiSeq2500
Patient146_T,0.07937082,7.034374,HiSeq2500
Patient148_T,1.4768431,5.278874,HiSeq2500
Patient15_T_M,0.29689297,4.877481,HiSeq2500
Patient154_T,-2.1843808,4.528631,HiSeq2500
Patient155_T,-0.8256713,6.418686,HiSeq2500
Patient156_T,0.04453268,6.9281054,HiSeq2500
Patient169_T,-1.5115341,3.5346396,HiSeq2500
Patient170_T,-0.8250679,6.2811003,HiSeq2500
Patient172_T,-2.0511947,3.5427308,HiSeq2500
Patient187_T,-1.1306468,5.6324935,HiSeq2500
Patient188_T,1.5220876,4.029427,HiSeq2500
Patient189_T,-2.0688958,3.9947357,HiSeq2500
Patient193_T,-1.0808432,5.7969832,HiSeq2500
Patient203_T,-1.7064763,3.8517358,HiSeq2500
Patient204_T,-0.40458378,6.3392377,HiSeq2500
Patient205_T,0.24110597,6.6463532,HiSeq2500
Patient206_T,-0.6041643,3.8822172,HiSeq2500
Patient21_T_M,0.68179417,7.5849347,HiSeq2500
Patient25_T_M,-1.4255296,5.2351546,HiSeq2500
Patient30_T_M,1.2645742,4.8106995,HiSeq2500
Patient31_T_M,0.87120295,6.40051,HiSeq2500
Patient32_T_M,1.8532805,4.652254,HiSeq2500
Patient33_T_M,-1.8780276,2.8119185,HiSeq2500
Patient34_T_M,-2.5333734,4.4202933,HiSeq2500
Patient4_T_M,-0.7467997,6.4013424,HiSeq2500
Patient48_T_M,1.7116138,5.115086,HiSeq2500
Patient6_T_M,-1.1151906,6.2284822,HiSeq2500
Patient7_T_M,0.6772243,6.4158025,HiSeq2500
Patient78_T_P,-1.4083064,3.5996802,HiSeq2500
Patient8_T_M,0.22349848,7.2959924,HiSeq2500
Patient87_T_P,-0.42221245,2.205574,HiSeq2500
Patient94_T_P,-0.43572703,4.6443973,HiSeq2500
Patient137_T,-0.56225425,1.9490618,HiSeq2500
Patient27_T_M,0.31074125,2.9344366,HiSeq2500
Patient86_T_P,-0.9784621,1.786346,HiSeq2500
Patient132_T,-0.9696288,3.055912,HiSeq2500
Patient149_T,-1.09613,3.0433998,HiSeq2500
Patient173_T,1.3448539,4.3619595,HiSeq2500
Patient77_T_P,0.22411637,6.0237985,HiSeq2500
Patient150_T,0.81741095,6.682433,HiSeq2500
Patient158_T,0.58497715,3.4622173,HiSeq2500
Patient102_T_P,1.5627584,4.1277046,HiSeq2500
Patient200_T,1.1297342,4.1219606,HiSeq2500
Patient79_T_P,-0.30059442,5.887889,HiSeq2500
Patient82_T_P,1.7448539,3.9737172,HiSeq2500
Patient159_T,0.64755726,3.821572,HiSeq2500
102T-Tumor-SM-BZ9XL,1.4415814,7.7043333,HiSeq2500
107T-Tumor-SM-BZ9WD,1.0745739,5.6598144,HiSeq2500
115T-Tumor-SM-BZ9WG,0.90305704,6.623417,HiSeq2500
122T-Tumor-SM-BZ9WT,0.72033834,6.3918223,HiSeq2500
126T-Tumor-SM-CDZ2D,1.4397695,5.2458487,HiSeq2500
148T-Tumor-SM-BZ9XH,1.309454,7.0616508,HiSeq2500
155T-Tumor-SM-BZ9WV,0.8498517,7.6930037,HiSeq2500
166T-Tumor-SM-AZXO4,-2.0691576,3.530613,HiSeq2500
208T-Tumor-SM-AH3NE,1.4339741,7.292363,HiSeq2500
212T-Tumor-SM-BZ9X2,0.93995243,7.898261,HiSeq2500
255T-Tumor-SM-CO8YG,-2.0470285,4.792332,HiSeq2500
272T-Tumor-SM-BZ9X7,-0.26959634,5.3241925,HiSeq2500
278T-Tumor-SM-CRSYW,0.6041834,3.346224,HiSeq2500
292T-Tumor-SM-CDZ2C,0.57635623,7.095318,HiSeq2500
324T-Tumor-SM-BZ9XM,1.4742787,5.4620323,HiSeq2500
333T-Tumor-SM-AZXNZ,0.87516207,5.153047,HiSeq2500
356T-Tumor-SM-AZXNY,-1.2631855,4.501123,HiSeq2500
35T-Tumor-SM-BZ9VQ,1.4073569,7.9524026,HiSeq2500
379T-Tumor-SM-BZ9XI,-1.2031467,6.2460146,HiSeq2500
383T-Tumor-SM-BZ9WI,1.2241681,7.000114,HiSeq2500
391T-Tumor-SM-AZXNX,0.773048,7.059544,HiSeq2500
39T-Tumor-SM-BZ9VS,1.457758,7.882659,HiSeq2500
422T-Tumor-SM-BZ9WK,1.1250356,7.1698155,HiSeq2500
42T-Tumor-SM-BZ9VZ,1.1696919,6.2301173,HiSeq2500
430T-Tumor-SM-AZXO1,-1.9167087,3.997233,HiSeq2500
43T-Tumor-SM-CO8YI,-0.2245779,3.3030496,HiSeq2500
62T-Tumor-SM-BZ9W5,1.3918443,7.7520857,HiSeq2500
77T-Tumor-SM-BZ9W8,1.2325941,5.223119,HiSeq2500
98T-Tumor-SM-BZ9WA,1.0771781,7.9674406,HiSeq2500
99T-Tumor-SM-AH3NB,1.5776495,7.87413,HiSeq2500
Bl1AT-Tumor-SM-BZ9XO,0.6305067,7.4035854,HiSeq2500
PD004T-Tumor-SM-BZ9XG,1.3366897,7.116514,HiSeq2500
PDL002T-Tumor-SM-BZ9WQ,0.7604879,6.5360126,HiSeq2500
QQQT-Tumor-SM-AZXO5,-1.2776122,3.2089674,HiSeq2500
Pt1_Pre_AD101148,-1.1759113,4.3416395,HiSeq2000/2500
Pt2_Pre_AD101150,-2.4770043,5.4033895,HiSeq2000/2500
Pt3_Pre_E9024733,-1.2142174,7.268424,HiSeq2000/2500
Pt4_Pre_E9021023,-1.0414495,6.6952195,HiSeq2000/2500
Pt5_Pre_E9021022,-0.725204,5.5735927,HiSeq2000/2500
Pt8_Pre_AD153354,-2.9649596,5.377562,HiSeq2000/2500
Pt9_Pre_E9021024,-3.2341645,6.549315,HiSeq2000/2500
Pt10_Pre_E9047565,-0.5424251,7.7608976,HiSeq2000/2500
Pt11_Pre_AD153352,-2.8917286,5.528813,HiSeq2000/2500
Pt17_Pre_E9047563,-0.1358525,7.7755704,HiSeq2000/2500
Pt18_Pre_E9024732,-1.3900224,1.692276,HiSeq2000/2500
Pt23_Pre_AD313075,-2.5997455,5.6161914,HiSeq2000/2500
Pt24_Pre_AD436687,-3.1948748,5.0035014,HiSeq2000/2500
Pt26_Pre_AD467789,-0.3147867,7.480186,HiSeq2000/2500
Pt27_Pre_AD453873,-0.33452824,5.9748116,HiSeq2000/2500
Pt28_Pre_AD297619,-0.69205844,5.532237,HiSeq2000/2500
Pt29_Pre_AD497504,-0.84733564,3.1957192,HiSeq2000/2500
Pt30_Pre_AD497503,-0.039964188,7.3640356,HiSeq2000/2500
Pt31_Pre_AD453872,-0.12834711,2.9484923,HiSeq2000/2500
Pt34_Pre_AD466985,-3.4453588,5.2088466,HiSeq2000/2500
Pt36_Pre_AD467095,-4.1052003,4.860184,HiSeq2000/2500
Pt37_Pre_AD502452,-2.3671615,5.716419,HiSeq2000/2500
Pt38_Pre_E9200719,-1.5514461,7.139687,HiSeq2000/2500
Pt39_Pre_AD485899,0.03295139,7.9951315,HiSeq2000/2500
Pt44_Pre_AD467790,-0.7678632,3.0813224,HiSeq2000/2500
Pt46_Pre_AD467096,-3.3838868,5.045049,HiSeq2000/2500
Pt47_Pre_AD506073,-2.4480767,5.5216103,HiSeq2000/2500
Pt48_Pre_E9047561,-3.3911507,6.1128044,HiSeq2000/2500
Pt49_Pre_AD667851,-3.164946,4.815525,HiSeq2000/2500
Pt52_Pre_AD506075,-3.1919777,6.267626,HiSeq2000/2500
Pt59_Pre_AD823915,-3.2863333,5.2961783,HiSeq2000/2500
Pt62_Pre_AD608303,0.19297929,7.3310056,HiSeq2000/2500
Pt65_Pre_AD793919,-2.3461282,2.641366,HiSeq2000/2500
Pt66_Pre_AD667850,-1.5420672,7.482595,HiSeq2000/2500
Pt67_Pre_AD506074,-1.7918577,5.124367,HiSeq2000/2500
Pt72_Pre_AD793922,0.041743696,7.8873453,HiSeq2000/2500
Pt76_Pre_AD667852,-2.3030815,7.2604527,HiSeq2000/2500
Pt77_Pre_AD733591,-2.84969,1.2593133,HiSeq2000/2500
Pt78_Pre_AD467018,0.0039071427,7.1815457,HiSeq2000/2500
Pt79_Pre_AD733587,0.71564853,4.0815134,HiSeq2000/2500
Pt82_Pre_AD823914,-2.803136,6.193757,HiSeq2000/2500
Pt84_Pre_AD486532,-0.35990682,7.2037992,HiSeq2000/2500
Pt85_Pre_AD486329,-0.12390545,7.97983,HiSeq2000/2500
Pt89_Pre_AE070951,-2.849809,5.1923866,HiSeq2000/2500
Pt90_Pre_AD467873,-2.3753984,5.5102925,HiSeq2000/2500
Pt92_Pre_AE134060,-1.5898345,5.2383776,HiSeq2000/2500
Pt94_Pre_AD732850,-1.8835534,4.2940493,HiSeq2000/2500
Pt98_Pre_AD733586,0.17572904,6.929613,HiSeq2000/2500
Pt101_Pre_AD486328,-2.2522006,1.3276485,HiSeq2000/2500
Pt103_Pre_AE134058,-3.3451638,5.2619023,HiSeq2000/2500
Pt106_Pre_AD502250,-2.717075,5.6664705,HiSeq2000/2500
Kim_NatMed_2018-p602-ar-987,15.712634,4.627947,HiSeq2500
Kim_NatMed_2018-p603-ar-988,15.348464,4.90833,HiSeq2500
Kim_NatMed_2018-p604-ar-989,15.72508,5.154715,HiSeq2500
Kim_NatMed_2018-p605-ar-990,15.526097,4.611541,HiSeq2500
Kim_NatMed_2018-p618-ar-991,19.414886,7.7698946,HiSeq2500
Kim_NatMed_2018-p619-ar-992,17.318213,7.642348,HiSeq2500
Kim_NatMed_2018-p620-ar-993,15.880323,4.7777886,HiSeq2500
Kim_NatMed_2018-p621-ar-994,15.234161,4.736538,HiSeq2500
Kim_NatMed_2018-p622-ar-995,14.206311,5.201859,HiSeq2500
Kim_NatMed_2018-p623-ar-000,15.53008,5.0349936,HiSeq2500
Kim_NatMed_2018-p624-ar-996,18.358786,7.5081863,HiSeq2500
Kim_NatMed_2018-p625-ar-997,15.965231,5.144835,HiSeq2500
Kim_NatMed_2018-p629-ar-998,19.46007,8.071621,HiSeq2500
Kim_NatMed_2018-p630-ar-999,15.426126,5.5698495,HiSeq2500
Kim_NatMed_2018-p631-ar-033,16.701551,7.0587626,HiSeq2500
Kim_NatMed_2018-p632-ar-001,17.492508,8.108056,HiSeq2500
Kim_NatMed_2018-p634-ar-002,14.813283,5.57455,HiSeq2500
Kim_NatMed_2018-p635-ar-003,15.989684,5.9075894,HiSeq2500
Kim_NatMed_2018-p637-ar-004,15.907073,4.664251,HiSeq2500
Kim_NatMed_2018-p638-ar-005,17.62214,7.665397,HiSeq2500
Kim_NatMed_2018-p639-ar-006,15.886907,5.3195434,HiSeq2500
Kim_NatMed_2018-p640-ar-007,15.797908,5.348599,HiSeq2500
Kim_NatMed_2018-p641-ar-008,15.380578,4.9071407,HiSeq2500
Kim_NatMed_2018-p642-ar-009,19.094692,7.5295887,HiSeq2500
Kim_NatMed_2018-p643-ar-010,15.435771,11.731571,HiSeq2500
Kim_NatMed_2018-p644-ar-011,15.169372,5.0018387,HiSeq2500
Kim_NatMed_2018-p645-ar-012,15.328427,4.475228,HiSeq2500
Kim_NatMed_2018-p647-ar-013,15.274314,4.565454,HiSeq2500
Kim_NatMed_2018-p648-ar-014,15.422316,4.873883,HiSeq2500
Kim_NatMed_2018-p649-ar-015,15.521652,4.7093477,HiSeq2500
Kim_NatMed_2018-p651-ar-016,14.866841,4.9546285,HiSeq2500
Kim_NatMed_2018-p652-ar-019,15.2178955,4.7215195,HiSeq2500
Kim_NatMed_2018-p654-ar-023,17.454588,11.68736,HiSeq2500
Kim_NatMed_2018-p655-ar-018,15.3473015,4.6710877,HiSeq2500
Kim_NatMed_2018-p656-ar-020,14.576256,5.1502447,HiSeq2500
Kim_NatMed_2018-p657-ar-021,16.091427,4.843338,HiSeq2500
Kim_NatMed_2018-p659-ar-025,18.055933,7.714579,HiSeq2500
Kim_NatMed_2018-p660-ar-024,15.790591,4.605778,HiSeq2500
Kim_NatMed_2018-p662-ar-027,16.23305,5.771681,HiSeq2500
Kim_NatMed_2018-p663-ar-028,15.716573,5.0649567,HiSeq2500
Kim_NatMed_2018-p664-ar-026,15.597376,4.6759353,HiSeq2500
Kim_NatMed_2018-p666-ar-029,13.161672,7.0285683,HiSeq2500
Kim_NatMed_2018-p667-ar-030,15.582951,5.318989,HiSeq2500
Kim_NatMed_2018-p668-ar-031,15.856308,4.9930716,HiSeq2500
Kim_NatMed_2018-p669-ar-032,15.319956,5.2091584,HiSeq2500
