Index,CANCER,Bcell_general,Memory_Bcell,Naive_Bcell,Plasma_cell,CD4_Tcell,CD8_Tcell,Memory_Tcell,Naive_Tcell,Tcell_general,Cytotoxic_Tcell,Exhausted_Tcell,Immune_checkpoint,Treg,NKcell,Innate_lymphoid_cell,cDC,pDC,Macrophage,Monocyte,Myeloid,Granulocyte,Mast,Erythrocyte,Platelet,Stem,Stroma,Pericyte,Fibroblast,Endothelial,Epithelial,Mesothelial,Adipocyte,Hepatocyte,Pancreatic,Pneumocyte,Apoptosis_pathway,IFNg_pathway,TGFb_pathway,Cytokine,Cell_proliferation,TLS,Genome_integrity,Reference
NSCLC_Ravi_SU2CLC-CLE-NIVO10-T1,-0.005511692114043631,-0.04789325301556781,-0.010530041846083296,0.012565983096302724,0.023817482367717004,-0.1435904525615795,0.03316415512937211,-0.03838438922093592,0.050947644556928316,0.040794990101411605,-0.03214198418115031,-0.06902164241965439,0.01762463696479747,0.007637433477214661,-0.022673767859297412,-0.0009940713686378102,0.02434996157287673,-0.018760494496673826,0.0073846438573539645,0.2470691458707304,0.013676846553249824,-0.008525049840679921,-0.20873653585220836,-0.0027647049986854054,-0.010748668849726677,-0.11191482350225787,-0.011978753197040566,0.017990912804606945,0.0016105308571335317,0.01649749757666822,0.05410251748277509,-0.004874938627849856,-0.010193398946500051,-0.11793230801671986,-0.0018337867269301816,-0.0025019107358256816,0.10665416306915822,-0.14610469861553704,0.021463081222831682,0.007303115483348794,-0.00611364946947418,-0.09244654251166952,0.029187006276451013,0.003321112907479329
NSCLC_Ravi_SU2CLC-CLE-NIVO18-T1,-0.0024928405709612263,0.023533720527192093,-0.01801559176075307,0.00425070426736415,0.003407389904400065,0.08933825027477044,-0.0033607412906716694,0.08592891069443048,0.015113323066147835,0.0032651343009044488,-0.0070327472230765145,-0.005094426408572685,-0.003704837293032775,0.0039189984912338036,-0.03740825632959084,-0.003699075947022621,0.021305191801602237,-0.012194396615880062,-0.006877188615077874,0.08181011188745549,-0.014727072622962804,-0.006612112322435888,-0.11849326089938049,-0.0009559430886770101,-0.005923433721401465,-0.0977051660795167,-0.05221347980280972,0.00415842402606893,0.0016158978294002087,0.06105201393356198,-0.07682987425071236,0.02077947498433478,-0.011704462763698752,-0.008152515365509268,-0.01888119920598633,0.008707113237901007,-0.06463274364467607,-0.006686005497725013,0.02974658678451719,-0.007080293061893825,-0.0014053211467721417,-0.1454240909896792,-0.024768043760020658,0.007507653575486439
NSCLC_Ravi_SU2CLC-CLE-NIVO19-T1,-0.001190612049467555,0.04468048748937008,-0.010823035373007057,0.0276994765753838,-0.00359913397110399,-0.02990220123820091,-0.002201679486133952,-0.04228221964847236,0.03115918003731849,0.031149211035096318,0.029440472826701786,0.05206813701886903,-0.010248887657568274,0.0020769220517883793,0.020943191192433663,0.006573086870353521,0.03821636161484388,-0.0029916083591094655,0.0741750807687777,-0.04157134092588502,0.01270857552151345,-0.009916830802123806,-0.009176043883854073,0.0005490879515234584,-0.003999007774000789,-0.0689116894964349,-0.00954526759930703,0.009709953279707717,0.006344800195497497,-0.023623444612775605,0.013333804920179335,-0.00010869979177847248,-0.023909476990617764,0.022239262836283438,0.03552659447384156,0.04154599024859183,0.023007048955768373,0.12454822432355951,-0.0038048079193659695,-0.007535968578516082,0.007642329891503248,0.047535996879672186,0.005359747124315736,-0.004380176604987018
NSCLC_Ravi_SU2CLC-CLE-NIVO20-T1,-0.0020905798765184134,0.03430332795546173,0.01457557542135287,0.004346184287670185,-0.0023435347889305814,0.06793406830403768,0.031185397275374786,-0.005851153769211255,-0.00711364119460471,-0.05536466850868125,0.05174255540639656,0.24656020069907428,0.004855889462472063,-0.0018082205013638841,0.03087732227812641,0.0077170961716629466,-0.005595154044497751,-0.01172549422810964,0.04768746816039971,-0.11533837132134736,0.010953531380460796,-0.0009691521497609246,-0.1123384947561225,-0.008374455848312312,-0.003510272569622194,-0.03707652570085844,0.10267940925746863,0.04328668876744979,0.0019267719308686455,0.055171065478263996,0.03803823325956632,-0.0026082999065003853,-0.023289396073909677,-0.0421499652455346,0.0014847239382637853,-0.025821439604334268,0.01032870364547716,0.127295917466302,0.07524813736293748,-0.004138443993513422,0.013663201265814117,0.004225661717620175,-0.025560368511756835,0.0028457669530367324
NSCLC_Ravi_SU2CLC-CLE-NIVO2-T1,-0.00044000621916259703,0.01850427712064923,0.0,0.003175907231778698,-0.0016990523038562786,0.09993483965285292,-0.006025093087571124,0.017740603516672743,-0.08427987148860204,-0.009719531162207728,0.01011641832106002,-0.029973926527906463,-0.001622514183722994,0.0,0.017085666537241334,-0.005183939226811345,-0.034077539675566634,-0.011095375042507407,0.012105951475928948,0.022802019674776047,-0.0849404424420269,-0.002008627476961252,-0.1522930011959573,0.0014667410420021163,-0.0007909950503896359,-0.008015267967626243,0.05925715686045714,-0.039126743251194314,-0.0009133651682805188,-0.03251479062578761,0.046959640574771574,-0.0064485696946724345,-0.012749669170637655,0.009374029393581517,-0.03260436188473361,-0.013234114149923702,-0.07767464461563953,0.09239989179740155,-0.026484049427803483,-0.00804382292227576,-0.0014412856438060756,0.04853042787279466,-0.004077808719953058,0.0
NSCLC_Ravi_SU2CLC-CLE-NIVO3-T1,0.0,0.007016236126319735,-0.012448749290758555,0.025605349654302268,0.002663048524398472,-0.020059768126770156,0.04497411460061068,-0.06768318776456404,-0.03258338608595444,0.04092033328551491,0.0026735434782619127,-0.004279849173738649,0.0,-0.0024482577543304402,0.02273304479805763,0.0,-0.005668825411534586,0.0031977370259542734,-0.011754273504145174,0.37506740350788376,0.031147442002664526,-0.006793259292897238,-0.08292099035555,0.0015150088883602638,0.0,0.22291140002402715,0.023520586996328648,-0.008154254737333569,-0.001883678670615618,0.027616581707109195,-0.030785576531631026,-0.011662918057871336,0.020732664825532002,0.03225496142102739,0.06611586313315099,0.014454050105187284,-0.10555437178021085,-0.09184534462573309,0.047496480413346094,-0.005398683977013605,0.04950867927969696,0.037118641883152344,-0.028968536327380612,0.0
NSCLC_Ravi_SU2CLC-CLE-NIVO52-T1,-0.0012993500752795132,-0.02553716747352098,0.0033065075546299563,0.020200683937237056,-0.0011519009740730759,-0.016086625724006504,-0.0295971423554742,0.3357166926264655,0.015582085246663872,-0.0033694990183072105,-0.010869859462672011,0.009982491651610512,0.006742412969812431,-0.010154958200259951,0.01994147621084949,0.00212403046289392,0.028191126305850318,0.061867680921445914,0.047077078273695595,0.07979802776395578,0.038230971958637804,0.007197530983424294,0.15716514999051273,0.0011307003878578354,-0.010167639847387376,-0.07536747138449858,-0.012019201883849829,-0.018918513974814286,-0.0021345635314272823,0.005688855385219143,0.001982066115355035,-0.018816362238768074,0.044824154523174994,0.006135111664760405,-0.009710188816788803,-0.01187645692838691,0.0037839487280877564,-0.10855239251448875,0.009300686904653134,0.036826612275567314,0.0030620170038258084,-0.11421916167205955,0.09268556136851969,0.0054596762213662275
NSCLC_Ravi_SU2CLC-CLE-NIVO5-T1,-0.0021379557609495247,0.030115992166076966,-0.0025573938398832574,-0.018395533670144286,0.0,-0.039656505038435395,0.005530075276121368,0.016835258018826526,-0.019258086551696533,0.030115224105309812,0.00868151254539135,0.0832606058806223,0.0011711058673401686,0.0010492917922095327,0.0019802593874204922,-0.004612612519290155,-0.004134886244576256,-0.012634490612605187,0.07113028673516572,0.3382351420886479,0.08916656342144154,-0.003903843735554537,-0.09066754050773151,0.0,-0.0020608670719713096,-0.01684056514859335,0.0,0.002462922609983378,-0.0023047879239382965,0.02255544164535709,-0.026698096926286066,-0.002782803908434947,-0.00719662615694957,-0.007603685182236277,0.0020785514577738597,-0.0400797687414886,-0.025921800193589563,0.11324673671232878,0.026614614615165604,-0.004954415267971481,0.00701014885383671,0.023600555136062285,0.022105389532989624,-0.0034291770851008208
NSCLC_Ravi_SU2CLC-CLE-NIVO9-T1,0.0,0.00440387536976491,-0.005734823767415879,0.019018904432740805,-0.005316821139593716,0.012586866221474362,-0.0011987090329064853,-0.04350294602428724,0.024863973551861842,0.024014886635599073,-0.01450862446467936,-0.04161582021472035,-0.0008979514392984448,-0.003863313690954831,-0.024908338281768482,-0.002461858735011652,0.003194931726399057,-0.01963783447685359,-0.0659371492517909,-0.1479667843508626,-0.025814309624635712,-0.006783314539886338,0.14917462599107684,-0.007334765339213898,-0.005542897901119453,0.06954822327921559,-0.02360157253400206,-0.0011400130618549388,-0.008520501419505949,0.01126723208171418,-0.06794791653387745,0.01871007705247888,-0.008845948257423391,-9.589390682301034e-05,-0.045150921842146086,0.0011206115352038754,-0.011528095350069986,-0.1041719871945662,-0.046185959031502556,0.004656858413498275,-0.011432298180322532,0.035403662709454935,0.04361027798671613,0.0
NSCLC_Ravi_SU2CLC-COL-1001-T1,0.0,0.026448842063065102,-0.007805457978224433,0.009747924117821919,-0.0008889090454115605,-0.04363947780795652,-0.022728258874855824,0.010809754982436253,-0.002287638565517789,0.022318541690434353,-0.003234889810350586,-0.02331805625343626,0.0,0.0006642591284413335,-0.007224403155647926,-0.0010630341054672077,-0.017334517261246227,0.01039056645895479,-0.057247705629318336,-0.21289687781655625,-0.020919247870685935,0.013226167524767731,0.10654553791963937,-0.0007465801702755758,-0.003311921028560806,0.022099881679526503,-0.022354155307836226,-0.0014788859046887977,0.0012059935338806246,-0.023646607087590022,-0.016551027911921846,-0.006177505419609334,0.02103666440304888,0.03355417299329944,-0.018477600933906435,-0.024585453564030746,-0.032887936466261355,-0.03792833919680552,-0.0030174563804117684,0.015393671391277836,-0.008914917095930485,-0.026764386792192268,0.03045937955849734,-0.0016732723210401979
NSCLC_Ravi_SU2CLC-COL-1008-T1,0.0011958845954087598,0.014401118155456758,0.011743659742850812,-0.3048274420865026,0.0,0.0689242491488218,-0.025905967499351673,0.05435175129195437,-0.08233298404639895,-0.08938006633793984,0.012198005400865726,0.05708245440802398,0.0066173094565143,0.00214141338634443,-0.008559038893047339,0.004946812718043145,0.019087246529665567,0.01576831997801327,-0.00431187622391452,-0.017809158470207337,-0.09555616426192323,0.019146351924105486,0.012101626000829948,-0.012780402258482686,0.000732584495861227,0.1046028607944175,0.06426324685800978,0.017133463304556458,0.00149313322087156,0.03298019184561128,-0.05465895255499181,-0.019447353720647924,-0.017788015734068022,0.01709662019055031,0.05253456391998433,0.04871754916637499,-0.08162889311781774,-0.041204089563786093,0.10434797120103208,0.0005608535904947958,0.0054859640993882835,-0.007416583409496131,-0.03693547410988819,-0.003744757050693409
NSCLC_Ravi_SU2CLC-COL-1017-T1,-0.0030956799809818357,0.01751376369513978,0.004075302077105765,-0.0018000524072588559,-0.001650960997198616,0.005739379741123694,0.007805600229979586,-0.006998317623212283,0.0021556096816230503,0.016394910587460603,-0.020398560712825687,0.10785560161138356,-0.0007863710602604398,0.0030498799992448753,0.014629916834574987,0.004150255139663545,0.004140048931234587,-0.003814022424324539,0.025104898999220977,0.1305350174630264,0.0466189031710762,-0.00560767438601289,0.010773986728148352,0.0024427679361054525,-0.005719388055292471,-0.039639120833449726,0.10518773567819434,0.0078005488973458435,0.0,0.034524627375996125,-0.046250273189619585,-0.013946404169989641,-0.020749474479381604,0.05067604983105334,0.08791340338314241,0.02782030643828435,0.030229209566351608,-0.037131250791300564,0.08848426980378693,0.0025920279144664646,0.022597556084026183,-0.04209080667609699,-0.021958742057139033,-0.0031500563798662062
NSCLC_Ravi_SU2CLC-COL-1020-T1,-0.0018515952641748215,-0.03719276201605082,-0.005122221803456608,0.011834549784044836,-0.004197143020407992,0.015331217756375823,-0.029091005767477682,0.10070264379150701,0.020761969808631188,-0.0789210749611402,-0.01334179987750469,-0.08581919370717642,0.007809523341600177,-0.00229855112761006,0.013103876729071854,0.0,0.017078992789480146,-0.01456947781043981,0.03256136259408604,-0.04832322358497247,-0.01336052713349376,-0.004124342042190325,-0.07921837020809087,-0.004536891969274812,-0.007696974189697951,-0.05165256154474938,-0.01661078388150197,-0.010423275214357703,-0.0009691808500072539,0.013703999761933509,-0.07385612352002352,0.00965255244797722,-0.004575102050227795,-0.0014327311721272589,-0.009492818613815,-0.003882227306576283,0.053614121932183206,0.015213031211234409,-0.033072950116640285,-0.0003540228377787027,0.003731156169224658,-0.06386475716439069,-0.020158157996312265,0.0
NSCLC_Ravi_SU2CLC-COL-1021-T1,-0.0010658838857330367,-0.01978038852082682,-0.003049919049216133,0.023728874404257194,-0.0022080654595244362,0.029846528993968106,-0.00770931346517372,-0.04356563547195457,0.026760423537342263,0.01102050425131932,0.010183615156772567,-0.04611196324109778,0.0027450143815448908,-0.0013283538234960125,-0.0035346338122237753,0.0025256804660171435,0.015659882440670233,-0.01187959295804236,0.004874551024627382,-0.32423218677980614,-0.05325331591612557,-0.004072097118372452,0.025981912831155547,-0.0016454194072990339,-0.0054068261331458025,-0.010924623682953325,-0.019126622582733895,-0.010306358785601941,-0.003876520555461881,-0.004777001301934488,-0.011605223627332595,-0.002936578630916692,0.017569828489817137,-0.009981432670602476,-0.01626672479558392,-0.018213430869571987,0.03712201249466733,0.07997814747310206,-0.04187957247084612,-0.004891560643558174,-0.005303478607918486,0.0,0.011836993545150776,0.0
NSCLC_Ravi_SU2CLC-COL-1022-T1,-0.0008140202068561149,-0.02666939219357039,0.01370144491675307,0.023780211663882084,-0.0018604975361461208,0.017191922018139176,-0.00864994203804651,-0.09991868760092305,0.027279309793305152,0.01363599676319062,-0.011355277091445362,-0.07975831262036182,0.002600166649081773,-0.0035966522856556754,-0.02192656474020407,-0.0008734337718158829,0.004145994317752466,-0.022445187193548568,-0.08193457601027349,-0.16330417266882344,0.0106672312009311,0.009683257297929277,0.09342426344697376,-0.007092356202136295,-0.0028874969025919624,0.07830248554704317,-0.023762697558220677,-0.0030751522909887724,-0.008193838540533113,-0.0444212530461247,-0.017098578596371664,0.05600038345944471,0.004893491172417017,0.013740224278935998,-0.006645949972093507,0.008772988127354657,-0.01440804471161806,-0.10687650700129024,-0.06313743743090297,0.0023722180246214023,-0.005293964997888159,0.08575209057316067,0.03848609198070293,0.0021499395551780043
NSCLC_Ravi_SU2CLC-COL-1023-T1,0.0004554262712450475,0.021539774549909452,-0.002309579982736974,-0.10918754018621898,0.0045267007229798616,0.08117577347962181,0.020034085094331307,-0.018137879226706434,-0.05481595337909084,-0.14503440552054994,0.008438932438236091,0.09448646009003756,0.0024964867614377688,0.0009032375552122247,-0.03246111397370541,0.0036544546079401506,-0.04555636621138371,0.03573004585205129,0.008982803238384124,0.02362070356931946,-0.009571637402502182,-0.00133276634577526,0.04355585043632632,0.003386660090589085,-0.004415424524917685,0.05456939932103684,-0.035692071875063854,-0.0867233243969736,0.004044484482087035,-0.01786792481728036,0.000979326714790842,-0.016981100667902913,-0.007484376153629257,-0.008334210069388592,0.03753845046639766,0.03450135878240724,-0.04985627288781257,0.09377168729202216,-0.048164185543511276,-0.006195961891006542,-0.0024371906667802314,0.12152944776405475,-0.019709042313312157,0.0017578322344344657
NSCLC_Ravi_SU2CLC-COL-1026-T1,0.0008707410139363778,-0.015748294750089115,-0.003878593234963951,0.017327277278792557,0.0,-0.025323433526854757,0.0009045219800034931,-0.02406232297125683,0.013016170543459,0.01755949968594424,-0.01029049896573614,-0.010782815001719976,0.0,-0.001106141585471826,-0.023817512757742184,0.0014375996164081243,0.0074404857335495095,-0.007941007487609399,-0.017181111724512185,-0.2994040223489507,-0.005684531589877324,-0.009627739738108727,0.07620417184476319,0.0016775702015452785,0.008861535995873802,-0.014462203546175821,-0.02799052347773977,-0.0012075472273058976,-0.0027344356202601986,-0.0028703253363700967,-0.017638895792732867,0.0,-0.002186698649222323,0.018615931872031317,-0.0017414881958860496,0.02792188692429577,0.0,-0.04000288329691698,0.0,0.0008541404708643919,-0.003246051320562944,-0.028755631514574703,0.00881108769381117,0.0
NSCLC_Ravi_SU2CLC-COL-1029-T1,0.0038235254226618985,0.011286428644730081,0.013720922458694834,0.0,0.006509789668005882,0.060341666537978775,0.005075076059733561,-0.002993017363620106,0.009372374747871687,0.001819435416102388,0.015653533555674583,0.046188702705203276,-0.01216776758111037,0.0,0.03099940341999855,0.002242939805722219,0.0007676435064496496,0.0,0.05645553177392186,0.08178721699907229,0.02723357057384593,-0.004319884782932499,-0.009838291442312956,-0.0026130428687268534,0.0005754202959876667,-0.005195177320125843,-0.013904059084948607,0.012132126825788408,-0.002620583276657665,0.002737657895814832,0.013816698341839295,0.0007870850933801826,-0.0143352709747076,0.012894895179879573,0.043884383273053974,0.04290118094605354,0.025574766371479145,0.14020175148977207,0.008220009109927331,-0.006768082501307309,0.0059700234480571475,-0.004194603391125741,-0.01530495298425561,-0.002356944107668957
NSCLC_Ravi_SU2CLC-COL-1031-T1,-0.003010523369180768,0.018117817385984038,0.0012301311188635594,-0.1269514713414109,0.0037223171163013598,0.18484276763144059,-0.03608748393285131,0.05566288200296643,-0.06909641060489967,0.006402829598057805,-0.010914797204613315,-0.016109998012638842,-0.0011915998727642146,-0.001234934778510373,-0.0036527827628520916,0.0,-0.04955477684523507,-0.0019249639280252964,-0.01195358241894519,0.2006255446163081,0.021320520674999833,0.003713956203880633,-0.029315097830021293,0.0011660779810369567,-0.001241119358299048,-0.08176213414393856,-0.009807438935209854,0.01132267482974357,-0.009333563460651395,0.0,0.019430280230142045,-0.005324750550042934,-0.03696632137679271,0.03856377561603278,0.060939491613294344,0.00784854019414177,0.05642293269636313,0.04571254566536019,-0.020074328791462592,-0.006672824218096549,-0.008085236150530839,-0.005113565036894363,0.020752880403049234,-0.0005150281969829307
NSCLC_Ravi_SU2CLC-COL-1032-T1,0.0,-0.00902261677001604,0.021390464651631996,0.02961683254187677,0.0,-0.09716504868679315,0.018282682321965078,-0.06965965786507154,0.02919001951631472,0.03114801405052451,-0.03538809480422481,-0.03984694641035456,0.005466397536680421,0.0,-0.02387024287792729,-0.0022120848361389554,0.01953790311014657,-0.01985642500234613,-0.030394256018601774,0.05906106252862348,0.032845190375493036,-0.004196409947523377,-0.017539798788638854,0.008477957263249911,0.0023826944661232093,-0.01353185958465608,-0.023082572240272894,0.002319586490167359,-0.0013664133093602728,-0.020052020795833035,-0.014199041890117564,-0.00628275170686646,-0.00929963875341933,-0.026980120826329054,0.022175055081870367,0.027580319301857826,0.012944095787653442,-0.17286763126350851,0.009189651397153591,0.0,0.0024276502658836002,-0.0038385324309589018,-0.03656791947925463,-0.002523494427989492
NSCLC_Ravi_SU2CLC-COL-1033-T1,0.0,0.014552994447139022,-0.0024160890982467672,0.012537436300829496,-0.0019655590741680822,-0.0135673948959822,-0.019395525704738462,-0.045794096135424234,0.005839031830370757,0.002495971571752345,0.00739523195917148,-0.03655931416858158,-0.0021542664196005363,0.00229280823322148,-0.023134723038305462,0.0,0.0069507335074767765,0.015337754437854694,-0.027421812470333255,0.07291505605217316,0.026003565766896934,-0.011162016850726054,0.18754958356510756,0.00431233609938506,-0.007468678348111115,0.011451115978699208,-0.035318348735932384,0.002135207321496285,0.002586087036421131,-0.016433402231607757,-0.012434566564398989,-0.007891101625915437,0.015469828399639488,0.046709589097744926,-0.02960740410928859,0.009229064918502295,0.0362698283056349,-0.06709666790858036,-0.013771959267226517,-0.0074899798722614505,-0.02015511933443535,0.007598058381998082,0.05508784403751359,0.004088453770082073
NSCLC_Ravi_SU2CLC-COL-1034-T1,-0.0010355092908977148,-0.02876657450652066,-0.004299789340730665,0.03908443348384259,-0.001845129538704698,-0.07524597709128993,0.016141627722905803,-0.025467557163632512,0.029662243451548956,0.037096119354815826,-0.001290930550490378,-0.003876805066057117,-0.007028908625129635,-0.0045650327274425005,-0.014830261911688876,0.0015507314400151357,0.014666926001619314,0.00671455254074626,-0.04025498178591742,-0.09270814886142849,0.034664933165571093,0.0002288726593012535,-0.11480856235625433,0.0017428203350607276,-0.003963431920707857,-0.05563920666812597,-0.011252694088626334,-0.009846272805632012,0.0,0.009071871553937395,-0.05492743464338394,0.005669596995028488,-0.01406652812984279,0.0344838817310946,-0.0035894792384823966,0.03529904004952953,0.052788175872567386,-0.13498107948680052,0.057935597761813645,-0.0034695435811107752,0.008649917573529769,-0.030972107790521005,-0.02099848887530442,-0.0036010734882536144
NSCLC_Ravi_SU2CLC-COL-1035-T1,0.0,0.02429677410539695,-0.008207891047468083,-0.06373045876657828,0.0,0.06088387801946496,-0.01274160242497339,0.041908226233482664,-0.045683580267223516,-0.058966484417185556,0.003120770993961405,-0.016722958925989302,-0.001797985461932001,-0.0020846838105975196,-0.0032362651609701863,0.0010070411431455566,-0.026150342903759283,0.01708484884899815,-0.03991696553081754,0.05688168958003685,-0.0298220060415694,0.0029983742741664116,-0.12171402276279938,0.0005376384343000508,-0.0020993692199766266,0.005886894636624539,-0.009179579241797194,-0.01192621540370755,-0.0008404499585232849,-0.0057030588878811145,0.03031706188923412,-0.0015773826810355817,-0.020436551068254063,0.005894345522590524,-0.01512878634902907,-0.03199202721435788,-0.05107878997135665,-0.044327534881870655,-0.0756621389853885,-0.0012843726286575902,-0.0009085912218061092,0.07977149074472756,0.003813677421505933,0.001002161525747225
NSCLC_Ravi_SU2CLC-COL-1036-T1,-0.00015099647262423337,0.009934855852049352,-0.003602817912127874,0.012941940395946297,0.007942446600309997,-0.04045210294405642,0.018495050682643108,-0.026232476209166168,0.014487845479464774,-0.005568417520877298,0.012222541880270655,0.04969770296636206,0.0008167013637495371,0.000488795678516751,-0.003943517606336212,0.0002844943202825412,0.015774950575614833,0.0006954287745647876,0.045924341745048024,0.11193604626449999,-0.026709375677197295,0.004601406705473979,0.2172128148483141,-0.0019464924440986324,0.01239785548491531,0.02287164350137438,-0.013693585556788436,-0.007054810491309062,0.0018348891759245461,-0.011897099169110515,-0.022664151731099914,-0.010487055393133616,0.009630253399277752,0.015114226288582713,0.008337106051273734,-0.0009305938693990038,-0.019547332714592674,0.13732860168467198,0.0015575868435534338,-0.0033283341405106917,0.00030334799443877957,0.032679462600404025,-0.012788580709335829,-0.0015305197363338907
NSCLC_Ravi_SU2CLC-COL-1037-T1,0.0,0.01267896528911613,0.0,-0.12722628318854048,0.005603034823958716,0.031826888516084575,-0.013519008571652209,0.0691315110645081,-0.03852694714762681,-0.07640816377423072,0.0276421020900269,0.1072066219991329,-0.001488927742962578,0.0007347922465176168,0.05700916628536289,0.0017185545375433646,-0.017433035544824,-0.0028826157059505283,0.03249509567946446,0.18599219785976795,0.022421182961617412,0.009537816633790542,-0.06176407328716705,0.0007900371628493368,0.0022413387397006513,-0.0386384473759147,-0.00936870987484075,0.009243602030685067,0.002918568199064818,-0.014099850342624221,0.016078663328879972,0.0059478754562124455,0.021460899754600582,0.0007230784005604,0.02208180897385222,-0.019689628377118986,-0.010909577644252216,0.21557639662302902,-0.003716772849660557,-0.0052331436076069925,0.029996711978057915,0.10595040969550676,-0.01223730602226391,-0.002688611357163695
NSCLC_Ravi_SU2CLC-COL-1038-T1,-0.0002386815897173683,0.0017796713921245197,-0.00574564339394281,-0.023547472694278107,0.0019258599793789404,0.038809580260816254,-0.03449587201571582,0.03379666857870996,-0.03292478378841589,0.009844904008091288,0.0,-0.02233751970218819,-0.012999203244813469,-0.0003339094566668758,-0.012928715031305686,-0.002362808005600467,-0.04236803703949208,-0.007493357845341233,-0.05401821897024964,-0.06203467658298645,-0.02728959054536252,0.028110768475852334,0.015567769251864065,-0.0008398298234439049,-0.000628620862217098,-0.022265661811181368,0.030354519377205142,0.0,0.0,-0.03081114425414184,-0.013746663872396194,-0.02176871600546463,0.01380141671158714,0.004556474127353588,-0.0028358621063533994,-0.001664190120066112,-0.04241739908687433,-0.030574290203549515,-0.013596510515742373,0.0011433355881802936,-0.009746733976750847,-0.01701979485671499,-0.001820076801342537,0.00044974462650926306
NSCLC_Ravi_SU2CLC-COL-1041-T1,0.003179877122356518,-0.014774070873215491,-0.023448852004112914,0.014952538057426404,-0.004053739559627811,-0.12348658773696908,-0.015191302144068853,-0.07650371214327009,-0.016145060648119058,-0.0026757140588632797,-0.03397905151153031,-0.04116462828845564,-0.0039511489807821185,0.003252936768185696,0.004787436705179252,-0.0039811525860359975,0.017201960174211217,-0.014317482600456406,-0.026072065831581514,0.1857665703477329,0.026342387007528587,-0.002089974289022472,0.0710926045029813,-0.0064142336809150146,0.007728448670881333,0.0035764943649686815,0.016414873912621853,-0.0024038429408451746,0.004630168106132983,-0.006787087336104445,-0.1371114852634163,-0.014255194178816254,0.017351247088930842,0.04133141083110001,-0.02183171273984443,-0.0017599650409047044,-0.002301322389534171,-0.0389784172695303,0.0066394517685352105,-0.0063892530118892085,-0.013487922009102987,-0.01569927127342938,0.037269766514430945,-0.001280271343378131
NSCLC_Ravi_SU2CLC-COL-1043-T2,-0.0016676987977941558,0.01856419673470699,0.0,-0.026506735026075718,0.001715125880454575,-0.04277108493071266,-0.015384679413534599,0.04927594343806612,-0.04630946264584947,-0.08355443573734307,0.02140183729727058,0.07194164912726007,-0.01681085649093233,0.0035360623136461503,0.002118191950151001,-0.0009938512490984513,0.029071502741619556,0.05129208129526904,-0.03266879096629204,-0.014229476887390418,-0.01360559510006152,0.0063239040932781924,-0.04791273950479303,0.0017840035736185484,0.002889489860640128,-0.08713123557649348,-0.034626212383835044,0.006456962596407587,0.00031590513160482275,-0.009138849043062872,-0.08767138738126781,0.0034707544452977288,-0.006798986454520465,0.039797394792198425,-0.021048332954670877,0.011520914980703434,0.008916819780116098,-0.0034338860472264503,-0.059738177746764695,-0.013202527612820108,-0.004092196797889214,-0.0003043805177009399,-0.004383706961140269,-0.0016759237328718424
NSCLC_Ravi_SU2CLC-COL-1044-T1,0.002690029681957663,0.024172131244155792,0.017743200348986476,0.005441023320491221,0.0,0.07502843902226748,0.03147532991311533,0.00678370398155305,-0.029311061972870225,-0.11840727443573076,0.06433439451524124,0.1468146254730869,0.0,0.0,0.0008074898283790612,0.005569434890277366,0.03310634676391622,0.008892106540036249,0.061209653659127596,-0.28384810154072027,-0.052314850992401865,-0.009456803567864188,-0.04531492989579143,0.0022227226427391084,0.001668162947904387,-0.10616102176102156,-0.04559448125663122,0.006945687687598698,0.0,0.02586074015887575,0.07254358748149876,0.003963734871489259,-0.011729287378857275,-0.002400047020394369,-0.030562399440208186,-0.032891445490455765,0.0,0.21994359246005685,-0.003062631438137997,-0.01381661169090718,0.012675402174819378,-0.011165349067808741,-0.03216884210104211,-0.0031402292473043034
NSCLC_Ravi_SU2CLC-DFC-1001-T1,-0.0013406126560486975,0.03631559860779782,-0.006564535874153607,-0.0019936580115213556,-0.0010937981586983535,0.0372699866376734,-0.03338805574465124,0.022766614194451897,-0.03501639944147926,0.0,-0.0024490866549309424,-0.057278857423411156,0.0009807153617866823,-0.00024816946503346927,-0.0028409084299202067,-0.0024005006500765914,-0.022590590086963142,-0.0057815735298709465,-0.04424287692741907,0.1102660140836209,-0.011713927254258905,-0.00039827780035671856,0.15583065234278234,0.018611814583664565,-0.0050474876026719755,-0.009917915949351637,-0.04075392430505113,-0.00019420191045742543,-0.0012165976963078595,0.0018543951782072588,0.03673255202623082,0.04365842829369451,0.03100483080054313,0.007592221680179453,-0.02238061830182937,-0.010219619658252388,0.05015028229255359,-0.019862961717269336,-0.026224688110354055,0.0036554217576627197,-0.02094824166775983,-0.004462771383820352,0.05160219259695483,0.002275308284899552
NSCLC_Ravi_SU2CLC-DFC-1002-T1,0.0004653208562104841,-0.015491022303033931,-0.0046428190724804655,0.011992208659795674,-0.0007177108274984694,-0.032079484936409185,-0.013819709411265623,0.02602069747964775,-0.010614656107528573,0.014029352524979095,-0.003171051572697656,-0.03178970516595626,-0.0021432748919816623,0.004814418449754995,-0.008307617433256843,-0.003415227199481847,-0.004150563375866582,-0.016954301970837516,-0.05007777044487046,-0.1197284338051678,-0.006583676834324783,0.006053265907469984,0.005328686899203085,-0.0019336603667258671,-0.0037286677169339017,-0.04356763706651629,0.0,-0.004636517431124987,0.001990024739350523,-0.02413710096086806,-0.022643342807378935,-0.015978496882975,0.05648310082592205,0.021300533843331623,-0.003925718161983943,-0.000906823592738228,-0.062243225191553196,-0.050376679641734236,-0.002259101037596916,0.0018387148064546892,-0.004688243894945222,0.033741762351349965,0.015493630553158616,0.0014645722690930785
NSCLC_Ravi_SU2CLC-DFC-1004-T1,-0.002427921976721062,0.01165035936387429,0.0,0.007233561271833417,-0.012182606202911183,-0.06384535829443318,-0.02775574286635293,0.018002754532332448,-0.004985383580747543,0.011776673780605863,0.011300471468969384,-0.01929252576124057,0.0034040684108761344,0.0010119230973173274,0.0073314004029215755,-0.002675176563915369,-0.026613106439755712,-0.002916343173244298,-0.01126859641402146,-0.18936119740021784,-0.038536409345459474,0.0073044932162330805,0.16902990832441647,-0.008794022489671819,0.0,-0.0036054962970254604,-0.028956553645526954,-0.003406532693330794,0.003059955044884228,-0.02717749304908454,-0.05730767739569728,-0.004493228911871836,0.021244325193130395,0.013848345476580367,-0.02179546205901014,-0.01104483760036041,0.008576365588846896,0.005594608385490367,0.009322898233119433,-0.0033323458017579903,0.005902562242627048,0.035398337640373825,-0.007195871269021067,-0.0015811401719038332
NSCLC_Ravi_SU2CLC-DFC-1007-T1,0.000566783138509018,-0.033367869823023505,-0.0031549123456075757,0.03581982888985081,0.002063363394919057,-0.0023655139918467454,0.01070967054133751,-0.0953226990978378,0.03951589340972487,0.020060499609313717,-0.021433482029608538,-0.05898970369399822,0.008021892793820824,-0.003730790980378718,0.0010592827805139115,-0.002844022931955539,0.0069915913516965375,0.005430571454122506,-0.0019840124371476773,-0.0920848009430322,-0.0201672419539399,-0.005407083972036049,0.007985603160398595,0.0002376173051985704,0.0030163737541283875,0.06708296730751657,-0.024715992573871547,-0.015620843745753111,-0.0005306548076492468,-0.03191876565825612,-0.021462733878273844,0.03412413250576243,-0.004828602724717542,-0.08688321243299525,0.029588687493452677,0.0113739621989374,-0.024024885910036414,0.00855438561296738,-0.04356256162766516,-0.000977488481958795,-0.00038557282639046305,0.005771124064567804,-0.037174951681642095,-0.0022671204364682063
NSCLC_Ravi_SU2CLC-DFC-1013-T1,0.0012205350684039438,-0.042527298334167796,-0.006897174034906733,0.041124846489849654,-0.0068779445550515815,-0.13216868761075135,0.010857946062091488,-0.02664177148449829,0.013641733512664797,0.02109572498691556,0.007992375618451116,0.02085324196085744,0.00040284809204432857,0.0,0.013777687258192556,-0.0008344418683777486,-0.039898447591172045,-0.0049870041203477836,-0.032099322764804525,-0.20724570274081652,0.0035187601618058757,0.011706367325401668,0.1293689554067375,0.005642000743523137,0.01249819298695393,-0.03828070754457891,-0.032356470792759634,0.005551021043634497,-0.0018134967475106592,0.004953315501242407,-0.04195678279017583,-0.027274543897504003,-0.004063480209072044,0.027060107364107418,-0.00723161865290709,-0.01953149399745786,0.023488225274819287,-0.013548610349289426,-0.0015903035973841167,0.008318569667962546,-0.006552071042033309,-0.029577073809300598,-0.029531959015205198,-0.0009069858440342027
NSCLC_Ravi_SU2CLC-DFC-1015-T2,0.0,0.021797851272800633,-0.010863915861939166,0.022809111225132454,0.004465241496006923,-0.051292983212889484,-0.01530770616233967,0.008565338600263869,-0.07124317541192737,0.005520758015860869,0.0015624515494369199,-0.002379589177414951,0.0,0.0,-0.011592035745491964,-0.0035068296256300356,0.003431364804899496,-0.024132375865705352,-0.04322597523973787,-0.2277762856685753,0.0,-0.0060290356724266615,0.18231283615470037,-0.006284525494593799,0.0,0.16685369769763136,-0.027974928499978877,0.0,0.0,-0.01159721629220558,0.011248115110748452,-0.005541952212799847,0.030737866284234888,0.02244429033889108,0.002390371740558604,-0.008697561385942887,-0.049737826090799665,-0.03644015111351807,-0.022457876020451923,0.005808482698209799,-0.02463833053735613,-0.018629364329105204,0.06609724502399743,-0.0011394616705802246
NSCLC_Ravi_SU2CLC-DFC-1017-T2,0.0019730248517210226,-0.010456014655091536,-0.009150878241966415,0.0214974359001017,0.0,-0.18347681079780065,0.028704022899319864,-0.038157424569879445,0.04701820270304002,0.03328822144888939,-0.016458474715215367,-0.0019208000747902715,0.006367638386067109,-0.002909584058748071,0.0025160183305299446,0.003751162708765831,0.03323834464990383,-0.023235048379985506,0.06145843803056027,-0.13567769256685516,0.007747844599280455,-0.0007345906906165126,-0.049056067768692584,0.0015257982072773596,-0.0013634326594630759,-0.10512582263176012,0.039451947644832355,0.01220918832340472,0.0,0.014238310305530721,0.03667519083008627,-0.02256543449658732,-0.015973451534219824,0.03748339703233772,0.010956546047460833,-0.03866465686299166,0.02626344436212116,-0.023326725509473855,0.011952181691679848,-0.007290868788840634,0.0056325087407712105,-0.0594412689292904,-0.04400129188841867,0.0
NSCLC_Ravi_SU2CLC-DFC-1018-T1,0.004467234309555671,-0.034554350685234436,-0.006677040179634098,0.028816321853922557,0.0,-0.003228820774626119,0.007641807876798897,-0.05699784219083211,0.02874987241032506,0.02079094961272249,-0.013312234320327746,-0.04008539472618654,-0.004413025431014951,0.0009778037743537274,-0.02525823560635261,-0.0033977179683949057,0.009766880104337688,0.004731836066694066,-0.01671614823242872,-0.07645560839519294,-0.005227428966545917,-0.007809401122046882,-0.06236735058526702,0.0025088356886641683,-0.0014614855991354116,-0.060551373923311294,0.001009183816530199,0.004068907337665637,-0.0025632067213214177,0.008284041003969395,-0.0014642362094716968,-0.0012409280945223286,-0.005061286773159151,-0.01725289536171793,0.017706552357883164,-0.008800800450266768,0.014030727997678417,-0.054367191934836946,-0.028812438380541542,0.004366175156955166,-0.002111061711397252,-0.023096309252353387,-0.005757538891042899,0.0010263543133555708
NSCLC_Ravi_SU2CLC-DFC-1019-T1,0.001904812771318406,0.013570849749467713,0.0010604486576078528,0.009671358452610964,-0.001599671076056374,-0.015944138610884957,-0.014535067210890915,0.005209093662776685,-0.040040462271269436,0.0015228794929343912,0.007439788205918012,0.0016721046191662742,0.003667969734167673,0.0029421339634149433,0.10221672070681177,-0.001270068808517073,-0.04173439702987234,-0.009340873286463488,-0.055257670419378846,-0.30929552075270916,-0.02459549574054358,0.006656478823504623,0.06563062344078972,0.001710180110477314,0.0035889754576412243,-0.004286845302044423,0.004794561179495685,-0.008254860088348488,0.002354740395373884,-0.003237809132311189,-0.015366302174571404,-0.02522896303574724,0.022167398214125476,0.012371577127323022,0.009691234582730766,-0.0061339779133330824,-0.007543449151371381,-0.011855955383679884,-0.025006531966619703,0.004854084738233704,-0.007574009496112982,-0.02997215426743049,0.013951803608342195,0.0
NSCLC_Ravi_SU2CLC-DFC-1020-T1,0.0,0.0,0.011301799951324283,0.03114950371576348,0.0017825073074357824,0.023516129681540588,0.040362898717113245,0.0653297076364455,0.00510808264544773,-0.010587319488775898,-0.0018420363694748047,0.15111956892471196,-0.007672555521343122,0.008234146169031245,-0.004177942669078229,-0.0023776159018615226,0.05520825249851679,0.02828390827285766,0.04491937620207885,0.03171419519471054,0.0813695278055818,0.0025735540448497754,-0.007257313821482386,0.004532500573419778,-0.0015408356867164727,-0.020014566493908377,-0.01792939215432722,0.0006480014642104962,0.00325932537186103,-0.008420451636650124,0.02418429893063746,0.004647177878311306,0.028961544922594878,0.0076120339104331245,0.018998319672012275,-0.005121247841201648,-0.07602944455054152,0.045773497482431126,0.025406264314368546,0.017824295942658303,-0.01685997536455832,-0.021107120845924827,-0.019137681264790957,0.003506561319154833
NSCLC_Ravi_SU2CLC-DFC-1534-T1,0.0,-0.03052589310666337,-0.0027465697200913125,0.03715527399829343,-0.00291364647443597,0.014707751321539543,0.007561969098981986,-0.08886392954506014,0.023871857560999108,0.015904359905639525,-0.007624105834939859,-0.06336625778840105,0.004704571790732617,-0.002023341765404366,-0.028692126352755237,-0.0018460239715752647,0.005002832268428464,-0.005342012639496231,-0.029718630903094533,-0.06412351142408527,-0.0037399761684083804,-0.006921111455287451,-0.045566375443582406,0.0021886729540626306,-0.0035458819409004676,0.08159588040270638,-0.008414758952825568,-0.01811505328110524,-0.0011867936356080942,-0.03299504847725455,0.05235771988501805,0.018492369921748873,0.0012117391674623162,-0.03612622235873057,-0.06316405804954352,-0.018383728381462374,-0.0009997733591023677,-0.0501495961783925,-0.08185171775163629,-0.00235567883598206,-0.002192811240398157,0.07223787178491191,-0.013381907380161496,0.0009681867372231534
NSCLC_Ravi_SU2CLC-DFC-1536-T1,-0.000814309630292002,0.015007098006609088,0.00684413662042308,0.01068269508441798,0.0087735791966404,-0.03571576362819328,0.02330568574855611,0.017167586724619762,0.010743884872026379,-0.00975660659925567,0.0008926181925956627,0.03371888403868604,-0.0007969202657452527,-0.0013364642853609264,-0.009610871512631878,0.003642023765227186,-0.005105231976540123,-0.0045608911624543695,0.04827908822276249,0.11820373762402792,-0.04018503007101852,0.005200702867377734,0.2037896977965068,0.0013185783475844215,-0.005235064586595251,-0.016384857328745474,-0.02176037148830995,0.004151849641556852,0.0019463631189422267,0.001247701966616425,0.0,0.015227066258136548,0.008417417119358716,0.01594968680340301,-0.023686020152881702,0.012972025528878252,0.023347615567569396,0.1339198332531251,-0.0220301918528353,0.01770070186451749,-0.007973488421889679,0.010494105366152928,-0.001845716410355838,0.0006560937404952449
NSCLC_Ravi_SU2CLC-DFC-1537-T1,-0.0013523232555281441,-0.008719793993837778,0.004631046855548013,-0.007794931246847963,-0.008378498631408056,-0.023146032048708694,-0.027810175173847904,0.11463240536131546,-0.07104191204851981,0.019127558954654227,0.0018944781615128326,-0.02582635016811159,0.002192490875411387,0.0011060171390817207,-0.0024257054630172415,0.001104490963909344,-0.02692104485963418,-0.015484589843749426,-0.08035494434100035,-0.320866872885732,-0.041027633201654944,0.01425567890867891,0.12106334848176928,0.015095224198484646,0.01900589546926154,0.08189523441731648,0.021845845445200227,-0.00412196900196175,0.005469592861201251,-0.03122106308873936,-0.003873041747919958,-0.03381202936580911,0.02629257604624245,0.0519512407091134,0.013088846088958628,-0.00730727564311072,-0.014885534776112975,-0.017702955169805048,-0.027832944936555585,0.002032065266974726,-0.015399675769617564,0.0774566008131114,0.06849176018646169,0.0
NSCLC_Ravi_SU2CLC-DFC-1538-T1,0.0,-0.014875533651190136,-0.0036628240972022734,0.008213742491208776,0.000671153101091294,-0.0027167168892602376,-0.01385947560059498,-0.010597057642523142,0.011245237031186163,0.01462600037612226,0.003958492599223248,-0.02500703215106882,0.003644541035319611,-0.0026705264738905395,-0.011989341552656215,-0.0017985596219166414,-0.02086943735255352,-0.00045849423744970496,-0.04034955871017136,-0.26190825132744555,-0.015510503375697714,-0.005904458834325904,0.046226127071465305,0.004942695372743614,-0.0004671396681374352,-0.00622310870966125,-0.020584144661775397,-0.0026345360968906286,-0.0013164808508389812,-0.0030999884537181227,0.01145675362348156,0.0,0.01648999626169607,-0.0012257951447388897,-0.006982312825228179,-0.011510849282024156,-0.0034518152959323086,-0.02023433858306206,-0.0464225590818294,0.004151669327181366,-0.007366079689550332,0.028112390026063108,0.021686505685946236,0.00120539436996564
NSCLC_Ravi_SU2CLC-DFC-1539-T1,-0.0017002616399973206,-0.015053282120914882,-0.007502613914737219,0.04419563402037075,-0.0017124653110637265,0.01384818560334847,0.020808076103339835,-0.10753910705909604,0.008933012224446923,0.02550342732636335,-0.02139912685384222,-0.05816198188504653,0.005114774767982818,-0.0018858625859805174,-0.02236526544020063,-0.0015840900170252191,0.007779325757396559,0.022992896984944847,-0.021119382931219746,0.015882379370808605,-0.01147847062213856,-0.0006166471171130207,-0.02122573118341831,0.0007546281313167768,-0.0024964480608462764,-0.039521240384311526,-0.02517283476800964,-0.004969950956287387,-0.0042154873670893905,-0.03393899053325628,0.026034881417384345,-0.0038017184674197916,-0.004904102236805011,0.002369119184315268,-0.051818144707655736,-0.006451822783983246,0.0,-0.09019968858849867,0.01744349354117947,-0.003705315609135848,0.01281131636424333,-0.010819894409473632,-0.043347203731191525,-0.0018523036446855823
NSCLC_Ravi_SU2CLC-DFC-DF0033-T1,0.0,0.023150951907479674,-0.01301063435586377,-0.0022379793159778122,0.002636037245532762,-0.10136759502380062,-0.01182384360513466,-0.010513546556048995,0.0021532082534338596,0.004064667291440801,-0.0027568509865044575,0.03598868650878522,0.007723654733002827,0.001082544339867649,-0.018827127426750984,-0.005506159816479114,-0.02272159404459875,0.0016576467863147122,0.05460765919101893,0.10007324757259499,0.044046021920422125,0.005581081899565313,0.007475282559982335,0.0006945810288423883,-0.00537124545087837,-0.06809694348403156,0.014647581290928939,0.004981172221516552,-0.00480005071237708,-0.007515781706925707,-0.07986059017809292,0.005825867851409933,0.009063999646357623,0.003965428045194151,0.009155021438072612,-0.03908068275562063,0.015141106798415968,0.03183738806979679,0.029204257354121625,0.0014959397736254083,-0.018860160412739045,-0.033606741669248284,0.06488643009860996,-0.0006370033619337648
NSCLC_Ravi_SU2CLC-DFC-DF0107-T1,0.0,-0.002439467590756196,-0.002279898210065462,0.02354529166341209,0.007674843970823817,-0.03683078457216083,0.011101371040245528,-0.04908011526458315,0.033298259745359625,0.028661718642013258,0.0011199153482631496,-0.054306763701404345,0.002491670160606541,0.001509017588106478,0.002383751045029171,-0.002872650458627379,-0.002838030413753822,-0.013055866360922371,-0.05597858306165485,-0.06970653964063028,-0.03375315415900959,0.005345210022287908,-0.026800940517153905,-0.002405404109871264,0.003020585934623438,0.049555008016678725,-0.011658654899811582,-0.002299001323329178,-0.0030242465235013082,-0.013244274029582353,-0.015513716596142578,-0.0107838892676576,0.003172774018452508,0.009147558080074026,-0.04268814380601116,-0.014514113316435635,-0.03739080855350714,-0.07631420693022478,-0.05127168326467949,-0.0027791226240194825,0.0028593257118925716,0.05464013054038152,-0.007844127792983732,0.0008686974601563313
NSCLC_Ravi_SU2CLC-DFC-DF0108-T1,0.002898840389023876,-0.004499411033521511,0.006358196878538004,-0.33968627440198434,0.003261998614020258,0.0833319020632627,-0.011890397359090732,0.025572868193711042,-0.0845575893513885,-0.11345756040114213,0.01230097253322375,0.03685624062478842,-0.008733047698288292,0.0,-0.01833529493173842,0.007801862607969623,-0.05957675428426857,0.05429487001155614,0.0,0.18031127559897941,-0.040789384303446495,-0.003952746392070308,-0.03916937369239877,0.00306519625725921,-0.0014809328880480217,0.08549144380426234,0.004616931023342566,0.013004250638212011,0.006868040743088965,0.009050245234172678,0.050816545794199204,0.0,-0.02519904190420046,-0.0946145689347578,-0.02053342895373033,-0.015013789172804257,-0.1255531075389919,0.037984754339591045,0.003000759905565071,0.004122208182153437,0.0,0.11141822910616839,0.0,0.0
NSCLC_Ravi_SU2CLC-DFC-DF0109-T1,-0.0019471766797035388,-0.008939540935089495,0.0,0.021481102913824334,0.0019328106167015072,-0.020865410135572953,0.0017888467273118346,-0.029903539393327922,0.019840584787072787,0.021156654527235905,-0.017333313335786978,-0.018828682526697484,0.004404708415401009,0.0,-0.010678319525500642,0.0,0.0059229465817395065,-0.005794849263758316,-0.02666553205744891,0.0,0.010171163607069763,-0.0024426520689348526,0.012575919129155917,-0.0008108670319538354,-0.0002923696406146609,0.17917800413971735,-0.013432302937250907,-0.027233396469696244,0.0014884052157132942,-0.008948568167908599,0.015576367672912934,-0.014954961076126025,0.014673197373397083,-0.2626538922300558,-0.024588547262154623,-0.0007577434340946789,-0.05225077407378546,-0.1251585743042936,0.024034864056830658,0.0011507458520675063,-0.007014432388941723,-0.04820646208491413,0.014512735313365596,-0.0033275282302204223
NSCLC_Ravi_SU2CLC-DFC-DF0112-T1,0.0,-0.02018175993652868,-0.006560325580921865,0.0380747133335571,-0.0013994138441522847,-0.07230293618274813,0.027834824862288315,-0.06957467986973104,0.045186215678097524,0.027173235618313776,-0.01476519739387813,-0.08252906160245124,-0.0023152234065159263,0.0023604504028934543,-0.03441975116757217,-0.004242529666477373,0.005286705345991749,-0.008325112822715973,-0.008143670729745747,0.13474445619990474,0.04483693551837755,0.0,0.008414944668037435,0.0,0.007490379053720497,-0.15291069349713987,0.003101399894507349,-0.012619293089576062,-0.002015510737327344,-0.022418210217629277,0.0,0.01238683696660355,0.04715299826599353,0.0,0.012121159472382174,-0.0179265317352022,-0.03448963593537633,-0.07866507754104346,0.006929243166502887,0.00527360956825426,0.005232623750965766,-0.06791477839219373,-0.053422192352086444,0.005164571304133392
NSCLC_Ravi_SU2CLC-DFC-DF0241-T1,-0.0013071854325825323,0.03089098616974687,0.0,-0.04040114539094907,0.0007982549782567004,0.10966652772958026,-0.014841475955848104,0.04451691354735758,-0.04041298828322872,-0.1297181950325975,0.010423211373455407,0.09728209785549218,-0.002785579923923926,0.002795445511183201,-0.0025020033979619377,0.0004895327046485857,0.0258605493606147,-0.0008357757077840655,-0.020859507418486224,-0.3098056930389184,0.0221987833836351,-0.013043931683474303,-0.11823901763916517,0.0027196239001011416,-0.0006405801171321802,0.02414922299972345,0.11731101516154581,0.03130423885223428,0.004239795915267597,0.03167999123546968,0.051788148064379536,-0.010707994562966769,-0.03065424070213613,0.008208352068059758,0.019978022305344643,0.010106584328479553,-0.03908642978247272,-0.0803125543424758,0.06587527262217245,0.001613370490320268,-0.005946914520425264,-0.07177678239996908,0.004868128301984207,0.0042862660339089975
NSCLC_Ravi_SU2CLC-DFC-DF0499-T1,0.0,-0.01698444092430268,-0.001112848584113036,0.02633508505569345,0.002143224896471062,-0.015180307985164154,0.01581751129272734,-0.015882215216176936,-0.0026762823606961707,0.01532153939570559,0.01119845754736259,0.05018323291223606,0.0022290350471705664,0.003641344985207439,-0.0054566192131940625,0.0015097112946870419,0.002412568549181552,-0.020035627546788757,-0.055280472734587985,-0.1063287478132765,-0.04068337275140176,0.01103138894611248,0.002233979073810817,-0.0009630260917631731,-0.002721432309927316,-0.05359369946910613,0.0,0.005170778185387287,-0.0006872105987482527,-0.030215850514355002,0.007588586780209682,-0.0036329025471775185,0.005980815671757334,-0.09631260946478193,-0.0024947684757712983,-0.01594075104766849,-0.07363449939162837,0.0,0.0032568695232338867,0.011324132927045953,0.0033414531674500272,0.006727809324539482,-0.03469617420653197,-0.0024974741890853025
NSCLC_Ravi_SU2CLC-DFC-DF0510-T1,-0.001186479617174537,-0.025348342812530775,-0.0034671912824246094,0.027246728933983444,0.0,-0.02731821888369223,-0.0027554294398184345,0.039253983235162535,0.020995948013465562,0.02959043322582128,-0.014385177434437724,-0.004450966232475147,0.0050618152392965165,-0.0038061059067874986,-0.006841394876484536,0.0,-0.013405335820215589,-0.0034917028798027725,-0.009676308635198905,-0.27871599825568766,-0.019217171532196313,-0.010581057557993673,-0.049839212162539615,-0.0018012074631606637,-0.003178741644619959,-0.0060220145161627055,0.01842697212453889,0.004606075601384208,0.0,0.010687679673651154,0.013362543941947514,-0.00981503820130048,-0.009388642493331953,0.013216624269359122,0.0,0.008426402307888617,0.022138962304063207,-0.07198319900124614,0.020504539570982236,0.0,-0.002803074954244422,-0.06103662479004713,-0.001039553727089842,-0.0007478194917963643
NSCLC_Ravi_SU2CLC-DFC-DF0512-T1,0.0007464737819069996,0.011584402284582374,0.005476506501040813,0.019844003681479736,-9.076922356269487e-05,0.010497308589239049,-0.013627720471707159,0.015907810131082847,-0.01217595191075944,0.004240872073156881,0.009566779567678917,0.001959736823366014,-0.015553863444891562,-0.0006986149317046301,-0.0059930774136855835,-0.000729706781680743,-0.006817575097308872,0.0,-0.013616717508035,-0.3480061453827779,0.019354380349901768,-0.0036692140148483266,0.06354984865973622,-0.002133228804065745,-0.0035873704042732766,0.009769230165599236,-0.0261755712889481,0.0020707326166791067,-0.0008239451698000297,-0.01195023868912725,-0.028944411217297173,-0.0008543459068303326,0.009979245240035808,0.009675253745510997,-0.0017532001912418302,0.006713583277689055,-0.015820442594470043,-0.0009697112210649666,-0.03183617076601642,0.011331841906636718,-0.004427843284607064,-0.023733199209915137,-0.014313152417844567,-0.0011614603459843553
NSCLC_Ravi_SU2CLC-DFC-DF0561-T1,-0.0009884263156903757,0.0027486180351343247,-0.0028493288628527306,0.013429000397142883,-0.0009716066418263673,-0.03548309070381805,-0.00855027798776039,-0.014934924029710863,0.008260402295119745,0.028841608360137418,-0.004576166106368515,0.01699600702991217,0.004488005440285632,0.0010428748468213596,-0.01839236747326797,0.0,0.011353568168181854,0.008320901158317089,-0.02797608206234991,-0.16509770256434242,-0.04920128048901554,0.017815358906720976,-0.10583566668031663,-0.035807103650845905,0.007775508304875386,-0.06635908286974902,0.0774411813264678,0.013149826933274218,0.001689751820691319,0.027309984838889093,0.0224478731651782,-0.008533669656192096,-0.012741452175794872,0.0021756035102962826,0.023561461744283658,-0.007998720152836569,0.004095325131436805,-0.12615527338504637,0.06617783790921009,0.0017275071632041953,-0.00400167998793302,-0.03228866477516154,0.005375863848090756,-0.0016224992335989175
NSCLC_Ravi_SU2CLC-DFC-DF0668-T1,-0.0005219482773903152,-0.019768577775140787,0.0038174293415983284,0.01077992782630351,-0.0021959050653840156,-0.07092940078964474,0.005849731629914438,-0.01662970005309434,0.017062742687163734,0.028351163244203018,-0.0017640136474883833,-0.043476949270718504,0.0038004366763656557,0.001593939825132023,0.0059610870390168595,0.0026862412469692656,-0.0041714313367675225,-0.01257939474176901,-0.02774521855327043,-0.20067300659745627,-0.026318281742281152,0.008479350583449492,-0.1549484758835723,-0.01711805565229892,0.026376947173433998,0.12697091588974235,0.07707270003289565,0.007605116653220768,-0.0013591128285326865,0.027963691591877508,0.04964497320403755,-0.0038217074959103806,-0.0058285496760308855,0.021975414604954727,0.005504601157513833,-0.019442510081731736,0.031160334498265645,-0.13430398289778311,0.023199899341446163,-0.001074297931866976,0.008172524786580055,-0.022090477272255302,-0.06194717970798434,-0.0009165847890707512
NSCLC_Ravi_SU2CLC-DFC-DF0790-T1,0.000751011548800104,0.01814600700703764,-0.003566144853329903,-0.03859687267803898,-0.002519200053574385,0.059241338397255004,-0.00862438987402096,0.044418963993753315,-0.019004499589907808,-0.002017948816054774,0.020148663967126203,0.07731281399271339,-0.005847377399616333,0.006139670645532454,-0.008028003664042709,-0.0018267375791749846,0.0,-0.004372656934543721,0.10554141715206052,-0.15691103051420394,-0.0500740634791752,0.02281171181361656,0.1392776230554204,0.002148009580394972,0.012283859778451141,-0.0428466896944301,0.07655955861529502,0.021752187869887883,-0.0021831360995711877,0.010587446872377487,0.0387777180880927,-0.017387004901897277,-0.019732865739297386,0.0026341756913889594,-0.028333306744230267,0.01263918492637436,0.01120635238393009,0.23386265246743224,0.09298953971964703,-0.001866084905040628,-0.001983648518532868,-0.075803775580706,-0.03525493722076417,-0.00280307040328992
NSCLC_Ravi_SU2CLC-DFC-DF0840-T1,0.00024018874079938924,0.025032819129021118,0.012760679472582264,0.011162949018883872,0.004462563707637742,0.019792546559554983,0.00986301353672429,0.04958875651086239,-0.023684593479216243,-0.03239519426189813,0.02560187451171856,0.03934115949941741,-0.018996420512948153,0.0006406367536109982,0.009269031774236916,0.002141268586851421,0.026645500157932177,-0.005191207426119371,0.07310234619123115,0.06420273077957202,0.0655424496854394,-0.004551378846952306,0.06851647784499355,0.0028406014536843977,-0.005009498472656429,-0.015688577980341737,-0.021675605009523514,0.01063051394806641,-0.000974026774208584,-0.020826253133287224,0.008208943700113948,0.0031913446477617744,0.028994624975260966,0.012860082810877943,-0.019813222146665716,0.03448771259868135,-0.011502905577602276,0.15048108496743637,-0.01661093368705638,0.007895108912327304,-0.0038084280779737013,-0.010846053621020492,-0.01878926037920162,-0.0016272442166666012
NSCLC_Ravi_SU2CLC-MDA-1441-T1,0.0,-0.06943466005607284,-0.0065891926146257095,0.0459828172375084,0.00029326553211716643,-0.060715530818913135,-0.008331333745572489,0.028359664325170095,0.003972355083662084,0.022434682230243298,-0.015599538532096254,-0.13193791817567166,0.0006852119881484703,-0.003463647705639731,-0.0031019294840404694,-0.0019287224829681677,0.01638466763869815,-0.015535119428906213,-0.03322692138025112,0.01656385552685524,-0.02076396247969489,0.0010883603831916265,0.05851355753020103,-0.0034147446877563006,-0.00157128343972096,0.02515485957334647,-0.039016675209245746,0.002916836918491964,-0.0015970114617635915,0.014018593545494722,-0.009917778218011843,0.028836361396568012,0.01805782631601547,0.005790026795076305,-0.0862902841926769,-0.011755522386687887,0.03428069784711903,0.016350917387629022,-0.06648510599290519,-0.001274769438475165,-0.002442586710178636,0.03497312320213985,0.012992382155902205,0.0
NSCLC_Ravi_SU2CLC-MDA-1442-T1,0.0,-0.04185113695194458,-0.006256747595332953,0.039194877050494695,-0.0012473789939090418,-0.06754125721547376,0.01304445411954229,-0.03092453308432438,0.029930064287836525,0.031452698226476714,-0.026774840957299192,-0.09844731550586154,-0.0054945409608579765,-0.002676803342082767,-0.010712207971489345,-0.004913811501524286,0.022716828512477805,0.011595061695723902,0.03997838134532553,0.0321670803521201,-0.026115891907921823,-0.01576623457647879,-0.10517538888412221,-0.0006418470755509872,-0.004901920394211099,-0.06946196300081499,-0.0026001059981048368,-0.010159236587288494,0.0,-0.02102419268200019,0.026151874220130766,0.0011835823686897201,-0.01980619897689644,0.001134499361548214,0.011088615358795644,-0.0006713013920062927,-0.021510704848856282,-0.029330377082245906,0.04460733265490791,0.007120501644070471,-0.0017268187944860388,-0.0871891700101936,-0.001796142280602962,0.0027569382705956436
NSCLC_Ravi_SU2CLC-MDA-1443-T1,0.0010923991165986114,0.00675207598099449,-0.00895983975640521,0.0083294720904871,0.0,0.00438329661621215,0.011260612765096815,-0.04161022603675423,0.031026051926699685,0.007762319417649692,-0.009363002979593393,-0.060392698336137966,0.005097831970454331,0.0,0.009850404168794524,-0.00425991229160617,0.01790750232617341,-0.006083192221615829,0.0043212918328227904,0.09842312735358512,0.010896995084610134,-0.0028166986915018075,-0.17137914596887252,0.0,0.0,-0.026044697488798653,-0.023506257644611447,-0.06857736038626976,-0.004246889546024952,0.014562593307831209,-0.0007227524866057675,0.017111270427329437,-0.010451989948784492,-0.022720091291424126,0.009218872966550318,-0.021927133046077185,-0.012410336810326978,-0.036850920655378226,0.020826440421622457,-0.0008206651415601948,0.006177690952622042,-0.06726393093806084,-0.04196572666712245,0.0
NSCLC_Ravi_SU2CLC-MDA-1561-T1,0.0006228959662907451,-0.025744669748631717,0.006222987896173529,0.0371231045547873,0.0009694115636833338,0.01719999457798556,-0.0016010996381887676,-0.07772745440876783,0.03057741905138436,0.01662044417319314,-0.017317715208004462,-0.06997751555214553,0.0076708293494608375,-0.003457059097883867,-0.010477277416310132,-0.0005029065074514353,-0.0075944854040345495,-0.007589141232979987,0.023546467558670518,-0.16232851912967228,-0.03845739451118645,0.006790516078840921,-0.015036569566153972,0.0,0.0015864793255756379,0.07072045005796991,-0.010869637079170838,-0.008103398277366471,-0.0013982600006617264,-0.03839877155897231,0.018856618499769485,0.023861332079604395,-0.009566562653935878,0.003724249338961004,-0.00785920257737002,-0.0016999770446379557,-0.002565191807023662,-0.09294877022105238,-0.05741876653047276,-0.0015454949398791802,-0.004242897390676339,0.04725611223990866,0.017124275706562553,0.0015483954091903285
NSCLC_Ravi_SU2CLC-MDA-1562-T1,-0.003086404307198469,-0.028147704210956075,-0.003515028060983423,0.03017104927971921,0.0020205711005006803,0.014028267360344042,0.01162639849762767,0.022423935979631174,0.027330317192065332,0.024717739985971935,-0.016522617193089912,0.015347845881120285,0.005792551039455671,-0.003509925366504996,0.014239881363302634,0.0008207348034596937,0.0025228428114783324,-0.012655415251877009,-0.023708677281790824,0.14042696835244398,0.05214789784244978,-0.012317380351225916,-0.061108309445661216,-0.0021784357174027104,-0.005268012218573498,0.23386557859173612,0.0027759822766131657,0.010194135590070073,-0.0003094227264043246,0.03329852655790077,0.025548149772964095,0.009529766958170137,-0.0014812377050211528,-0.0931152724965827,0.030277442545124975,-0.00899894098744104,0.037832974086374226,-0.08090331242864394,0.013753527195942477,0.0034984459771646645,-0.01657898082558674,0.14267023752739705,0.020366160197064172,0.0006137302568126612
NSCLC_Ravi_SU2CLC-MDA-1627-T1,-0.0005061729837761164,0.03485252353879858,-0.0024286298181045735,0.009845954389766754,0.0,0.05010832118659108,-0.025452887642960005,0.03376096039175527,-0.04525576028026484,0.030961947745610986,-0.002781242987807955,-0.06646314613231823,0.0,-0.001063249567741069,-0.0069434855429418305,-0.005394514295603164,-0.03290285286565571,0.028471511687937774,-0.014094568309393148,0.3533407127855508,0.05100387405793744,-0.0032972414692307504,0.014509773343702001,0.0,-0.001273739945940366,0.13965251681408192,0.005961249274728491,0.0076884207237997325,-0.000528977452760287,0.037369546878205255,-0.024929948923543343,0.011489209733787906,0.02886159417186815,0.017727324790091682,0.0009154416051724819,-0.022837155588098103,-0.043020637748926865,-0.016702524058526985,-0.020933212538550208,-0.003389399415632081,-0.017458829155617916,0.039235340246710215,0.02834461548372688,-0.0011358017968463585
NSCLC_Ravi_SU2CLC-MDA-1628-T1,-0.0006443078400905262,0.023358172642946293,0.00013920682273733335,-0.016385904864280036,0.0004664180704650371,0.05771260779089641,-0.007653598180485757,-0.030714781505175794,-0.005277206485753082,0.007214255072279907,-0.014825368486194774,0.026011546071153385,0.00489764200520235,-0.004746663805298098,-0.022567928767614896,0.0,-0.02630152508888661,0.0031359090995786696,-0.02969525647526219,-0.15810070567471857,-0.03506295962967904,0.0005982842000797355,0.04105563893874486,0.0,-0.0034729925668157773,0.054448788097296384,-0.03535135376170741,0.0009439080904359169,-0.0011316040321995458,0.003518666366644443,-0.004131387533054942,-0.006729408757072014,0.010158532757082473,-0.030798348567629693,-0.0005855704420842298,0.006412212860101154,-0.010039357934784518,-0.06440083513179243,-0.04750717660910801,-0.004049785146711531,-0.002420427180411791,-0.03775667232690521,-0.009483561372141801,-0.00280378269901016
NSCLC_Ravi_SU2CLC-MDA-1630-T1,0.0006734635404628663,0.0031784886696760713,-0.002540556672326753,0.005463625819898225,0.0,0.014274209019080624,0.012267091247140711,-0.013158637925290038,0.006874236060628518,-0.0016131792475416458,0.0030799686002377286,0.018962596212013183,0.0017007153256495833,-0.001839829451779319,-0.010001104193043866,-0.002812825790074321,0.001005349104655799,-0.014033595891593014,-0.01100302920973639,-0.03251798887478947,-0.004583027234108328,-0.002049331390749996,-0.059007964653391136,0.0007185704380786498,-0.0027681813831708342,0.0030803962017568617,-0.03427506994452555,-0.01097780276759343,0.0,0.011931205254511548,0.03301349900477,-0.014031858383085955,-0.005505132502987693,-0.20445887542167002,-0.0526373917967444,-0.018352429812952403,-0.005742945262677016,0.021898242131132697,-0.003906947480082198,-0.0066015301521767525,0.0011917582345310023,-0.022297843359445377,-0.0093476255849484,-0.0005059206336887612
NSCLC_Ravi_SU2CLC-MDA-1631-T1,-0.0019992963122084694,-0.015915292278886613,-0.004600456512779386,0.04425937773539013,0.0,-0.0671517432266895,0.047355926800837826,-0.03186520357434538,0.02413485589908401,0.04658112917641868,-0.01774075038418917,-0.007706254214827654,0.0014621571626946557,-0.0016183057166191009,0.01802004960585961,-0.004781139507125444,0.019046872769700542,-0.01734773561457038,0.021048371362406375,0.3894766231465912,0.06293796172667968,-0.017287880783063935,-0.1253270585808554,0.0064860495989661,0.002469439661106592,-0.06493492669279981,0.07194249323123317,-0.009132074191783069,-0.0016663182300036042,0.047094477779907704,-0.018265436855537727,-0.0014999817323406136,-0.012850691763399614,0.047297135273682414,0.016023756838425083,0.011311964771947257,0.07217240948957762,-0.1057525832697137,0.10778968487644172,0.0012828959642543108,0.05389631754970249,-0.024966898496608974,-0.04740569078684786,-0.004108973405465566
NSCLC_Ravi_SU2CLC-MGH-1054-T2,0.0011130582899460406,-0.02291820222846674,-0.013244759648149376,0.056869723712205375,-0.0030510833748374966,0.0022683626295250683,0.019606014239357875,-0.08022712642816916,0.032319351834006624,0.027272109818022146,-0.0056277243306855785,-0.035937223357879404,0.01310315366422461,-0.005494439564936432,-0.013605415643058344,-3.016367723507774e-05,0.003914170828254551,0.004457599722698528,0.08848820930328206,0.28801534832556874,0.026621489690968853,-0.004428142062435758,-0.0697655206970758,0.001498698047689479,0.001701160710994562,0.04328919447222275,-0.01834332913899851,0.019619210258561493,0.002444988828812289,0.03364034765179149,-0.08464343888551565,-0.024560487582312437,-0.008088089633261923,0.011962602948495422,0.03137521385246525,0.0022044006195364742,0.01524238556182485,0.11134867080608907,0.06506536556354113,-0.010064910217141987,0.02463740515453194,-0.062161640658165145,-0.032669058961545205,-0.004821714303853475
NSCLC_Ravi_SU2CLC-MGH-1135-T2,0.001320950908544652,-0.006315131276249988,0.011467645924056913,0.004345305809066694,0.0018407674193802186,0.08563890052915936,-0.009322032208310323,-0.03166076581892454,0.02344908093632672,0.01571914212797278,-0.01068234166629255,-0.06285597800556625,0.004415940548298376,-0.0027163007494442194,-0.012917246310828719,0.0008062324352103059,-0.004046230487943579,-0.01766747748202689,-0.0378695191336266,-0.06203985547661926,-0.036433406476106545,0.0007901712870113172,-0.027615644838342324,0.0058433001234396015,0.010038188315517312,-0.02239550355095539,0.012434975168085163,-0.010255200284234142,-0.004329211418035501,-0.06150275468648541,0.007782268161360818,-0.004109395413486188,-0.009741467263630938,0.0098529248223788,0.044810331832606985,0.018295497465087227,-0.021634018135326637,-0.04275147856096904,-0.02744066206496819,-0.0005957186771381821,-0.004026920807377993,0.08012009278196693,-0.0021597309695161613,-1.1153771974858895e-05
NSCLC_Ravi_SU2CLC-MGH-1149-T1,0.0,0.019358221805465165,-0.004503298924618327,0.006285999704017658,-0.0020850571932079973,-0.021077287055244153,-0.01693290286781347,0.03942676412580048,-0.03886628028282994,0.007090140911418689,-0.0014017293922455024,-0.0033013891144322337,-0.0006134083985433026,0.0007883342777530955,-0.0030774141021957823,-0.0025602415033333273,-0.006618106876342028,-0.009613416146058219,-0.05705271062735474,-0.2627190645705637,-0.030467546929140787,0.001917662636926348,0.1291821365747266,-0.0025097344802657495,-0.006077538166383114,0.0012096246974239787,-0.02067926397771345,-0.004565355961820658,0.004993004819332326,-0.013443118627580332,-0.055763846584584546,0.007216906146570552,0.02008199113368963,0.021451092235139045,0.0,-0.009165567481792744,-0.010314633470611942,-0.011065284455965831,-0.01640058667146703,-0.0015785216850219487,-0.009942142210958878,0.03141539145915784,0.005645521032970687,-0.0011491320780655512
NSCLC_Ravi_SU2CLC-MGH-1161-T2,0.00015894388967224038,0.011238043849715555,0.00887814577620971,0.012344914250147774,0.005088292772256088,0.005423012623377901,0.014407693316142613,0.01772304451376958,-0.009070454953093663,-0.021467230241416845,0.023046809835934913,0.05428815451599128,-0.002473462171279697,0.0,0.16135445345462565,0.002345428760436776,-0.010219817502411072,0.0,0.06437422812664834,0.06155791911983645,-0.017965287301704724,0.004096490517443502,0.059979456503650504,0.00044913330945205225,0.0,-0.05089248632721532,-0.016250344700020156,0.009296277425239014,0.001963907561813357,0.015958155809382618,0.02448542858986569,0.001127339409352061,-0.0037351813234834655,0.006129899607609654,0.009375387906615469,0.004389347903538747,0.016613179750040737,0.1485284336567327,-0.008469435309320218,-0.003798749190584647,0.002475874355740581,-0.013745087389969128,-0.0026070092365156894,0.0
NSCLC_Ravi_SU2CLC-MGH-1163-T1,-0.0030542090654847986,-0.0427642053187589,0.012460122159991817,0.03191748824457616,-0.0010099420380447403,0.05559037294086141,0.006727938399758189,0.025774940207589664,0.06968883166605211,0.03314726351895913,-0.01714842021290923,-0.09568924396943733,0.009638648147168565,0.0024807133510879606,0.012742232959206918,-0.0023721270423843746,0.004777469878903854,-0.025216449311145216,-0.06299383923419123,0.21683409085306693,0.014325684123150034,-0.0110864107596241,-0.07551215500457832,0.001104828056384174,0.01018405000273528,0.08098786103012855,0.02784886799878231,-0.005051936726041648,0.0,-0.02931696389953525,0.06726023789274616,0.043125275745650525,-0.015510169432090977,0.029981380386868386,-0.01035584214869261,0.01303589247204602,0.018805351382354892,-0.11199021789333351,-0.055997036360774584,-0.0010771850862123626,-0.005942662837115394,0.05721145643566392,0.02649401717146016,0.0
NSCLC_Ravi_SU2CLC-MGH-1169-T1,0.0014337422686139093,-0.022741423873142725,-0.003288285179086855,0.028888287646363326,-0.0031383746235997536,-0.00527178209581993,0.010464072440079073,-0.06104513993108801,0.0,0.020483010706363478,-0.007524658875003791,-0.018860703714372127,0.001573495821966525,0.0008341300065310761,0.015413128486651401,-0.001588802779181869,-0.014122921079858136,-0.01049259742835676,0.057521391006142994,-0.36897042236847966,-0.03578919143955738,-0.021446096398994804,-0.12529934428266892,0.0030524569829613575,-0.0009886799609911685,0.12757894835404524,0.03376369868463008,-0.013726595940005963,0.0,-0.02046801702758903,-0.0297128782846756,-0.0008351575796513982,-0.01965700246945151,0.021782036160560216,-0.006566712093964649,0.006538205910462438,-0.02417675152831559,0.023336729870262113,0.013977936395842626,-0.0005820928633642141,0.0054984774613482555,0.10654332072241672,-0.004522658523898447,-0.0021179685889927136
NSCLC_Ravi_SU2CLC-MGH-1387-T1,-0.0009353980350420856,0.002345186364993138,0.017868498798091798,0.007629343364706701,-0.0045549639336052725,0.035677240418103016,0.004567456714420856,-0.004775621517528629,0.024495763329641047,0.006439505877137863,-0.0014157664358918712,0.08434180438315136,-0.022222904591956465,0.0071999074775106605,-0.010928977570560425,-0.0031703419659207394,0.00262664150473447,-0.03826975887526405,0.018525567225491795,0.012235875105767013,0.015777254852639356,0.001948294918330629,0.11368388685439434,0.00045678686455202257,0.0,-0.1046881058446079,-0.009254251296308745,0.008322690359042421,0.003627281932546444,-0.018889015924998608,0.031254510304846016,-0.011778364343498842,0.02256374270688924,0.04790299255535202,-0.02508604428881695,0.020684047823985866,-0.008573863847442418,0.07584906734906366,0.028410948040424478,-0.0024954196626533844,0.0036203576459630194,0.021072229826204988,-0.018063217189265533,-0.005882087088013799
NSCLC_Ravi_SU2CLC-MGH-1411-T1,0.0010246506079030352,-0.028004466092539246,-0.0020945139199735814,0.027333087440980022,-0.0013142878940665562,0.05151266495179399,-0.0005523554253480954,0.0,0.010845784336882179,0.02426321019007657,-0.006039694311232032,-0.0817331633485211,0.0034949372001499756,-0.003655553053130244,-0.009425465925893071,-0.0009912590264825618,0.003192111231618433,-0.021262704024357638,-0.054182844382084226,-0.12353669275717405,-0.010217495095222297,-0.004876372820449177,-0.04184264813966914,-0.00045026152198652527,0.0013913572007180914,-0.02816073279235256,-0.032554497529463794,-0.0020170957799400175,-0.0005564661114828897,0.008608092456704328,0.026264818323228075,0.023049544140769023,0.009371299420259887,0.0032874174889478596,-0.03303206755539788,-0.012840831119651078,0.014982959050371822,-0.010002977006203131,-0.08241189812811571,0.003668531042249414,0.0015669679924025324,-0.004323090848623307,0.008666349986139873,-0.0012393761530192782
NSCLC_Ravi_SU2CLC-MGH-1412-T1,0.0,0.020519246252574366,0.024584638287045955,-0.004888743972806361,-0.00104825111390222,0.1357875163855608,0.003912792604176881,0.04608937957043163,-0.017056797379357138,-0.04411560229605219,0.013853979931705838,0.09756375218121718,-0.008297260745995143,-0.001667128825361754,0.024011790061503398,0.005039445166607276,-0.01303468234493123,-0.016142141824252613,0.026770814993793093,0.07211541644111066,0.027638808928089603,-0.012224976170192026,-0.05033865914558843,0.0049133956291641445,-0.0018889706724463085,-0.006826865969233199,-0.015293378495053741,0.016845994709771477,0.0025763738959407646,0.02434906658620036,0.012772220589052944,-0.0038375906218632615,-0.021490904030865413,0.01727903568481183,0.030487702659699002,0.01833291825708848,0.005151976627848594,0.15213846815540838,0.02849755624426506,-0.004904621036024784,-0.006289953426184873,-0.03304877795153088,0.0,-0.0015068247514559152
NSCLC_Ravi_SU2CLC-MGH-1413-T1,-0.0004947252393568145,0.01905428829478529,0.02300826793000624,0.016585564804988136,-0.0016011066537450285,0.011321377736657442,-0.008967053915332979,-0.0698333941135495,0.0299219513947939,0.007217566861363493,0.0028866483331681054,-0.05557047243421093,-0.0007757257630597042,-0.0008859950247094644,-0.016531707344434644,0.002336620242745902,-0.01580640014938015,-0.013619969933429692,-0.026034141097327313,-0.0059109087920472606,-0.03270946041900389,-0.001400754218657209,0.15441093177323248,0.009573398566087594,0.015183993894563496,0.16902759778702864,-0.0010380109741911973,-0.010112523805298385,0.005311030115145208,-0.023536318264074412,0.07164314715146988,0.07267586090865917,0.0060969021420103344,-0.04676043041353091,-0.03902247252272096,-0.042920781254467175,0.01948384040992251,-0.06481748698611971,-0.07425172475961068,-0.0015174018833220733,-0.010882133152555158,0.24239622365531688,0.06501349638491101,-0.0009091388357152508
NSCLC_Ravi_SU2CLC-MGH-1414-T1,0.0016900226292027958,0.03683621045683728,-0.002857813732407952,0.005210351150842069,0.0028497679514549634,0.04071055395933583,-0.03681756851564522,0.030801111009094537,-0.01721400900079131,0.014621402365577598,0.010520831363869844,-0.02362550458355887,-0.011382418384764791,0.0005529562672171471,-0.003071286200115375,-0.0026804714296491334,-0.0546374833097581,0.19835726072493695,0.02022027368533089,0.14403513987988212,0.038134867789061465,-0.023752900352540803,0.08263120340555107,-0.002283775138299545,-0.006379496678546351,-0.038819733228886155,-0.03971387049204522,0.0017334027604274705,0.0035464684437683676,0.031171025757785367,-0.13306730258511995,0.004918659770632567,0.021041980894125564,-0.10740569897299243,0.004177925161154023,-0.029475861389218334,0.04089908537315247,0.04828895489255681,-0.012408732678729937,0.012713606688743006,-0.009834625479546028,-0.05352637520820888,0.04047815155544522,0.00024270414840427135
NSCLC_Ravi_SU2CLC-MGH-1415-T1,-0.0016268324614531688,0.02005635892255952,0.026932820069132012,-0.006919080252374685,-0.003569226476913535,0.11259552875931869,-0.007343175480102368,0.07749856436620134,-0.06325410419859476,-0.09772176571879808,0.04761628292532033,0.1261817551605805,-0.009649992948478242,0.004111868643143561,0.020456756605315714,0.005713734721354118,0.034380197558781356,-0.016102905621424326,0.0800762831590026,-0.21724672926395427,0.0027854836039960928,-0.005860640175835815,0.005583399040042899,-0.0010547437371639936,-0.0009503532826050848,-0.023683563738732358,-0.020627254117510933,-0.007149802305313531,0.006331059145974244,0.04902554695896036,0.017699301340327853,0.0,-0.028617924004714537,0.025451038956434077,0.07119906060265278,0.02462696466112984,0.029582451868725743,0.2240690545435343,-0.0025998870007310393,0.0,0.029040766860768875,-0.022934619237590638,-0.020579863756494617,-0.0038832201844370418
NSCLC_Ravi_SU2CLC-MGH-1416-T1,0.0,0.023778206799120977,0.012581347022156504,0.004101534681940831,-0.0027022870540860293,0.04496423938757334,-0.01715339314341782,0.0013735302255696677,-0.014685744057346892,0.013225052508377955,0.01957574564743903,0.0043856032477339445,-0.007210677768047237,-0.0016104438857624977,-0.011647821435088824,0.0,-0.05312777638580754,-0.018443566783240637,0.03726553121568677,-0.20810713550560342,0.005430637300387756,-0.005806831035421937,0.017432082950895496,-0.0006972766743086258,-0.0038751420875679315,-0.04249601927069196,-0.04236366597425542,0.008932385876223017,0.0006680989060647628,-0.0057422865944415065,-0.04610176950227338,0.002573944529120586,0.028122819842349767,0.04775716817907042,-0.031964128127054084,0.011425681476027112,0.015266711149111543,0.08849901887420261,-0.031201720674911202,-0.003710254955448778,-0.008900834109222327,-0.01811504117194833,0.021033334421964364,-0.002021707226289915
NSCLC_Ravi_SU2CLC-MGH-1417-T1,-0.0013328103554865354,0.01120777698163985,-0.014878444812067192,0.0004931963660115436,0.0,-0.09756831935596214,-0.012920815806159596,0.0031374337547246545,0.025276422312585197,0.03367416151701135,-0.02949380890212944,-0.03223691038079401,0.002821863176193996,0.004637975789598719,-0.01290514175832775,-0.006078322516722838,0.01460820822641754,-0.01975471006581589,-0.002283214546483607,0.10058934167739637,0.020306767771764333,0.013627124380890985,-0.050335162830982896,0.0003718425466777592,-0.0023495687177728856,-0.08735704959188233,0.015445891232830054,0.007529328682798688,0.0014921398164554774,0.0030838456893669663,0.046088693815773546,-0.022179878398172623,0.01172309906896147,0.053647513799558774,-0.014971864811293673,-0.01361466064535992,0.0479467586798283,-0.08503177918276221,0.03936215447854981,0.0005959824935990456,-0.013690982724018953,-0.049860741928796595,0.05080965786444226,0.003478027655600721
NSCLC_Ravi_SU2CLC-MGH-1487-T1,0.0,0.0,0.006634648492212418,0.031036289428313855,0.002576639794495338,0.012409246004932262,0.004218543012544895,0.010295609045432858,0.015033383245474612,0.04209515508416949,0.013375570995770173,-0.007703474739185431,0.0021174979815117945,0.0026500562304923423,0.01960086408440883,0.007314026367999013,0.0363068712852019,0.00978728190813071,0.016672914590195004,0.3140055045361074,0.0401291751255831,0.0004460902018453721,-0.10822713170427661,-0.026500308725040316,-0.0016439724936173892,-0.024423456597980488,0.05698365557119863,0.02932348307060626,-0.002556986218892558,0.02158081555901443,0.07023776091912719,7.266507194665478e-05,-0.013246745488325443,0.05789540879896589,-0.005682608842054018,0.027802415086916877,0.05013003828484794,-0.08109108222186821,0.05213889721264638,0.0006923819303544989,0.007549719902836197,-0.047542637799870245,-0.05484279618224452,-0.0015238105952728453
NSCLC_Ravi_SU2CLC-MGH-1488-T1,0.0006014018147873472,0.004377268525414726,-0.0030729615511039528,0.009733672819234157,-0.00046737506341188134,0.02980830208511387,-0.013651738559280861,0.002508620378290969,0.0014913128112098207,0.011119550632587308,-0.0026769846825657004,-0.07360440013439246,0.0,-0.0002782725347984287,0.001158228317370728,-0.0005496117680191569,-0.0026921311346337472,-0.00947241685127021,-0.03850328426956845,-0.18040305726479394,-0.06372428124470368,0.017318120510044922,0.05665792444010391,0.005385352842319771,0.030769029864655437,0.04343708086713515,-0.024774731675698103,-0.01114296178284559,-0.0007877355326830765,-0.009824466017857093,-0.026660022981944382,0.04943235561708612,-0.010052153817920096,-0.01474520002166819,0.0017219238441229172,-0.013454423166111725,-0.011248042460679451,-0.031507007205940685,-0.03762193789334817,-0.0009073551837399093,-0.0014316466641018802,0.048899619622933814,-0.004733065322018742,-0.000875840387753124
NSCLC_Ravi_SU2CLC-MGH-1489-T1,0.0014411084970355067,-0.04056865994005143,0.002305657610692863,0.05615819631541124,0.0,0.17232624124790774,-0.0051939041206712205,-0.06156845983886805,0.04616628129880708,0.04983696982690936,-0.01628508906330344,-0.020749840955347452,0.015855937732021545,0.0023407454298066525,-0.0010432585930112994,0.0,0.024818727833574222,-0.01458864556630855,-0.0008717912808724911,0.3516038138790261,-0.06336352667070143,0.032874957617183814,-0.15710586113956923,0.018371221314393612,-0.004500610505838068,-0.039048694241887685,0.005205878133117791,0.01431400843015759,0.0,0.027963152140764377,0.06561110941959317,0.015008491540039411,-0.02567564777023565,0.014134871753356613,-0.004789139826472529,0.05909579654363114,0.037337387393610325,-0.06075021353071087,-0.017837368574867115,0.0,0.008177816062678067,0.0020924387909380753,-0.0407797342312863,0.004833622899172718
NSCLC_Ravi_SU2CLC-MGH-1490-T1,0.0013341602748648336,0.012618414693017494,0.007779625719232136,0.008831468609317352,-0.0025979177818939263,0.0095616374532368,0.013717082766444018,0.022519668359446493,-0.024814392328367466,-0.038243532573054656,0.016338764950503397,0.06494431381793866,-0.0018090482023838397,0.0,0.00872641782262156,0.0045620452933666155,-0.00532964853220007,0.06227931231431926,0.041829701910639845,0.15502306185681705,0.029605529552519768,-0.0009736527112607664,0.003392492964604757,-0.0023073843312766133,-0.002094445114636142,0.21188351400913655,-0.01951139500377219,0.0067117751015713266,0.0019753636377550306,-0.008901945473636885,-0.027428674152766962,0.00045920644200093497,0.011661112805492934,-0.13089916377486313,-0.008589477337050413,0.03285039037304786,-0.019087640550226416,0.10048597748515756,0.04543508242509068,-0.0061742482048229045,0.008428142275463856,0.0,-0.0035162072612144107,-0.0012116916514145482
NSCLC_Ravi_SU2CLC-MGH-1493-T1,0.002354179803902651,-0.001842614838995333,-0.0023836819381407117,-0.24873708817491966,0.0013290698012237226,-0.02427281454494477,-0.02528718889646162,0.03693619402236376,-0.06797007702948135,-0.06277903436172837,0.0077538108738791885,0.05171585857502144,0.0010705997126952476,0.0,0.03195548734135914,0.0004176892902012676,0.0032293898139101364,0.013664420023566395,0.006167145827834102,-0.11327234096623495,-0.102237550679169,0.009162814125568422,0.0450490925701177,0.003012979576937921,0.01754391134589217,0.06035566689870772,-0.021376615054523058,0.010371670016252625,0.0,0.020105378088310692,0.045809954976415254,0.0012557815379868591,-0.007806423683714332,0.04320596036132069,-0.011723021525010868,0.029712134823036796,0.004479567513667656,0.031237865751578817,0.022360031909545747,-0.0020856881259959026,-7.613930097585079e-05,0.037045258286233104,-0.045171886218238214,0.002047515947332046
NSCLC_Ravi_SU2CLC-MGH-1495-T1,-0.0007487741656104378,0.02855728127310166,-0.0021090739561352985,-0.05595378473296955,0.0008913276010750527,0.02905870155272482,-0.026205538916766722,0.014356999233905482,-0.029353801453738698,-0.006542567152247899,-0.000585556872646254,-0.059834064702167095,-0.00519764318177281,-0.0017474601266728382,-0.020253843514513203,0.0,-0.04143930637663238,-0.009864520319301538,-0.025764227819638292,0.13874586711974868,0.024125689485209646,0.0,-0.07230634108433723,-0.0011058028487817284,-0.005897028225174207,0.02498654266669289,-0.029129508640524826,0.003107162653664637,0.0006730995963210086,0.007475217226962273,0.023544246650351774,-0.011582132676745387,-0.022658517199926963,-0.11344354171751654,-0.016952291973253462,0.01969112583002145,0.030702786662023196,-0.0755534409537305,-0.048042482477526835,-0.002212858581534596,-0.005137016803276293,-0.014928430141871335,0.02529507272621289,0.001546256217915154
NSCLC_Ravi_SU2CLC-MGH-1501-T1,0.005397686533518215,0.01148883441519625,-0.005620585765534403,0.022340131493406693,-0.004790437483169046,-0.302288822687734,0.02863320729885751,-0.0014488351904694496,0.02968278120250752,0.023511608335374308,0.01655508028030306,-0.03253224398993955,-0.0073691011985600454,-8.514043563752181e-05,0.02090336083267517,-0.0013759168545194763,0.03491760105711685,-0.01863031781603091,0.10921862077448674,-0.1312922008998709,-0.03471034890469822,-0.004269642247959669,0.06513687205947065,-0.0040876867504696535,-0.0020582398769358576,-0.11512195294115515,-0.02814908588285941,0.009621108930828655,-0.0022033586910563557,0.03422792638775856,-0.018833444754479556,-0.02635108708911336,-0.012213789643961876,0.004494783295807509,0.0036292752719298436,-0.013760851943937646,0.020937451273417142,0.11682301104149567,0.004711781576373143,-0.010452362786376753,0.011179825292318823,-0.03159574548225592,0.012644810029841651,-0.004376535450571095
NSCLC_Ravi_SU2CLC-MGH-1568-T1,-0.0002307195053812214,0.027414204630030036,0.0024870222296560687,-0.05802284049579869,-0.0010407079083104933,-0.05605994387641547,-0.01812972730778292,0.006093344564409225,0.006816211859866851,0.008456642144576802,0.001752684240964368,-0.023149642661994256,-0.014419733915123419,-0.0013999841155429252,-0.01976563553297746,0.003161437872379347,-0.0015747045487220213,0.005791829287701727,-0.03559729848995493,-0.09331068128655048,-0.009410949978258202,-0.0008138644637484188,-0.015221241226841034,0.0013797798605670389,-0.0016643345975672823,-0.02601902542953457,-0.015864829760635246,-0.002937486944595286,0.0006991827614208076,-0.00267838929287153,-0.0040594413081286316,0.0022229855814514315,0.0012790958831885222,0.006758613548775574,-0.007098387438316694,0.02467653288616848,-0.013648302177109514,-0.006917826144942223,-0.03138438255289239,-0.0020620488817398594,0.008432617759920422,-0.001433097723775773,-0.026617889312716525,0.0
NSCLC_Ravi_SU2CLC-MGH-1572-T1,-0.0007503247237991656,-0.020731975312491175,-0.009095288978673826,0.026073231085823777,-0.003155550221086548,-0.03868831179136181,-0.005438682691129202,-0.015987029393643663,0.020487723767050377,0.008793006490447224,0.0014663746667642732,-0.036829544165647154,-0.011382951485703887,0.0007021878808713078,0.007337258651610305,-0.001992309253426481,0.01396286429603364,0.0036969562113349243,-0.010837052831152608,-0.09853821585846456,-0.013232589537529468,-0.006500072509966912,-0.08392752949703895,-0.003046329048428352,0.0020872184545254907,-0.00879941951872071,-0.022288271628673865,0.0010546622333657413,-0.002324521732086084,0.011819685141341279,-0.0030477705286365195,-0.012305985156083513,-0.017116852879718633,-0.003340478057544312,0.05464946240909409,-0.02219430489683161,0.02115884337150512,-0.04364633170273208,-0.012186639219718165,4.586257430651978e-06,-0.0037609177634015567,-0.017086900686676364,0.013878948028991044,-0.001627336548371161
NSCLC_Ravi_SU2CLC-MGH-1574-T1,0.0037483111886699575,0.0,0.0029515777349635535,-0.2100487220300178,0.0015108602431555887,0.12465192068320081,-0.007221247515993596,0.01382258374648393,-0.06239787685606263,-0.09187133344179381,0.009411643743388704,0.08199851700507839,0.004684951531752518,-0.0035706090880383806,-0.0041648605783445045,0.003460276844148566,-0.04236418543359825,0.025468810907239098,0.023121214266560903,0.25621630140180823,0.003344564106715981,0.009450165336391678,-0.022523587744695,0.0,0.004405222522050897,0.13814699473157444,0.07913574983243322,0.01775450304478778,0.003667344425606387,0.02116524893057712,0.06785303922057928,-0.007765044927475979,-0.018332269856615718,0.012637883433531527,-0.022084181349895426,-0.03624065516536729,-0.06461144169652816,0.05274633921036654,0.022474120309208482,-0.0027995249597936034,-0.0013244802390550588,0.1318996206046008,-0.0016736026801355186,-0.000941157550021221
NSCLC_Ravi_SU2CLC-MGH-1575-T1,-0.00019227564131472124,-0.009579423331055112,0.0009469843670096137,0.03560192219969354,-0.0034290304805207855,0.07387513613159419,-0.005218306238137885,-0.0012593881837637984,0.02346609134691156,0.03893155711279735,-0.027675373753948324,-0.1026977262416715,0.003131693283979387,-0.004139462260088942,0.007842065706020886,0.0029522637679483426,0.010137108719605359,-0.028052740536952493,-0.07114802422649442,0.0032239610518292844,-0.04091363755061303,0.007545359385088744,0.0540507412951032,-0.004588580909612868,-0.004751370650898754,-0.0464727173032537,-0.015151639500606887,-0.006701457485055997,0.0,-0.05714071250606767,-0.005847792197331572,-0.0063471018501978045,-0.0035548927907017524,0.11012453415057775,-0.04441132053647732,-0.04233714113351274,0.05296166973548689,-0.00942425698736459,-0.02835339390450911,-0.0009534456238618858,-0.004814494011502686,-0.006532580110033066,0.0,0.003918735832155573
NSCLC_Ravi_SU2CLC-MSK-1364-T1,0.0,0.005534115897470443,-0.0132197714968742,0.039980675721185056,0.0,0.0021450210923880204,0.020196218488495326,-0.0016363974704230407,0.04993351188726644,0.008951864287799843,-0.015913955053848242,-0.008243235531893272,0.014765602218776805,-0.0013186578238315622,-0.01688777967495752,0.0,0.020807808784803986,-0.02456379308816276,-0.02845806594910657,0.3710343369016679,0.0709321789052755,0.0054360395389422755,0.029555356856410933,-0.0024856594794706462,-0.002666912241698787,0.10315291615875703,-0.005464570610119339,0.006950039714321981,0.0007743266254093779,-0.010780458647814106,0.02905830651254042,0.0,-0.013245213615619849,0.011987578652768296,0.04815216407442708,0.010121491557102274,0.021330864249011722,-0.050862321008454725,-0.021729400422009992,0.0015090037991106807,-0.0023609579809892637,-0.04778661013496973,-0.02006302215496758,0.0
NSCLC_Ravi_SU2CLC-MSK-1365-T1,0.001028999491584403,-0.03505645216339487,-0.00031954271334470495,0.02226221275141769,-0.00277482450143374,0.04065939759978244,-0.0003347583707936058,0.022522053655156003,0.04806451290927415,0.013860015531446404,-0.024442152003524495,-0.12648747781111938,0.005505218154136524,0.0026743302539367934,-0.03367102882213267,-0.00359433391289677,-0.041176638520334555,0.009977296000671348,0.009539626843467841,0.05176171526126032,0.043420570095808186,-0.024873171442503856,-0.09540579596144547,-0.001112278647155632,0.0029066363229376326,-0.13593094365099756,-0.008104832390830333,-0.0015105504188440374,0.0009853230963530939,0.0,0.056121093825245515,-0.014561107033193525,-0.012448354912484614,-0.021615553454345,0.0548259830603091,0.005568920352003416,0.03226630289175507,-0.0478280891475407,-0.03794396786325126,0.0,-0.004007607318911205,-0.08725460731216932,0.011591493427120281,0.003736474318971894
NSCLC_Ravi_SU2CLC-MSK-A2013-T1,0.0,0.01692223939110311,-0.0033022780995290305,0.011282936515669712,0.0067638571640277765,0.036180479438684,-0.0029921917389539206,0.0028411951421162375,0.0,0.00868137181997603,0.00430545809065832,0.003269268450493239,0.0008810258107773513,0.0010252826338626904,0.008478132837795384,0.0,-0.00917321789080096,-0.000623677699324175,-0.01701210947493983,0.3223161333377353,0.02397652468663273,0.004258725232720857,0.14014406075664773,-0.001653228944838243,-0.002000833851139564,0.00992972995059798,-0.025514739615008802,0.0009305463450408889,-0.0013283940263802336,-0.004276243343915739,-0.02968238894738792,0.004039207165881038,0.0069431524512960354,0.06537590796729716,-0.006401917514310622,-0.005406050932943044,0.005235905520656186,-0.0077673552785936005,-0.008751011646471142,-0.0008125790419232912,-0.010026692552986202,0.007736538137289895,0.020625174989452256,-0.0012349976260102036
NSCLC_Ravi_SU2CLC-MSK-A2014-T1,-0.0015304092272984638,-0.016173571585760042,-0.0067962694076435185,0.014300380950855467,0.007687705297177508,-0.0076466823122164655,0.008721375553289255,-0.0143969862266137,0.03585311646437286,0.012771831618108995,0.0,0.012430403340966682,0.0,0.0,0.004448362389214715,0.0009158763395990703,0.01471169169395418,-0.006333304640447681,0.010831343177009789,0.3648594207832951,0.0550973137312636,0.0018851053897905928,-0.020208396555709125,-0.0013143605760841566,-0.005679254500629254,-0.059226434387345726,0.031765396233216954,0.009545836904191085,0.001528573271538921,0.004347179816523239,-0.013552573242665684,-0.007233088330208404,0.003986816413510992,0.010358380852542603,-0.009650258202821022,-0.01402286166941702,0.06539846850496656,-0.02584391964147746,0.05671382716329537,0.0023323042357966004,-0.009042666424385604,0.049869321841114894,0.021282125863087406,0.0036401355650470535
NSCLC_Ravi_SU2CLC-MSK-A2060-T1,0.0,0.005460284088390732,0.006574039601443025,-0.00717775221940056,0.0,0.0053135136937828495,0.004594767640544082,0.008676322588863701,0.0031057036816176165,-0.013919687880885814,0.013898057916801956,0.037352473498949795,0.0,0.001339895188157421,0.0,0.0,0.014224442191926139,0.0,0.046904260354432306,0.20273454008951936,0.017579092681908694,0.007886455219184307,0.10602080481894421,0.002352195856818169,0.00044499949887983313,-0.05141050921369856,0.013181620086495082,0.007197165019440524,0.004362111711924243,0.01798039014533274,0.020853658367934624,-0.00187840989810219,0.003993624207651982,0.008848338861940011,-0.016610880565498722,0.0,0.020925166719280377,0.08931742439108684,0.02792728612654326,0.0,-0.009395849666152832,-0.019577909602014554,0.00616272169033619,0.002745653541729176
NSCLC_Ravi_SU2CLC-MSK-A2075-T1,-0.0011235395496182203,-0.017369461214372946,0.008346222539096714,0.06391705038701086,-0.0017238895165950807,-0.04794761052665779,0.026249563905650634,0.0148278370195255,0.021527580929161662,0.02280898347360648,0.00939941478000718,0.08978530770570875,-0.0034837366457591596,-0.0010140779519392208,0.04083727142540487,0.007198622671545239,-0.005499906509713009,-0.016335623465534882,0.029065836635730882,-0.05604285183059611,0.012123348035112481,-0.003984245589627942,-0.06659561963311467,0.00377566824090723,0.00038789030633307723,0.08764098236183065,0.06171139685784827,-0.008974348995518265,0.0024450885928276552,0.008516025317278027,-0.005448198036187742,-0.012328438718180653,-0.02522622536632362,0.05910661369041229,0.035453374515013555,0.0411090907414271,0.0043073709812868986,0.034031451484168994,0.08674484136979893,-0.010598860237461868,0.02728594642506739,0.03879494316094076,-0.021262528810646754,-0.0059553648136558834
NSCLC_Ravi_SU2CLC-UCD-1124-T1,-0.0031970876497199787,-0.0041431885779601154,0.009437084290659047,0.03269261810106823,-0.002771463899995375,-0.09549594797392766,0.019450412096399926,-0.0046352256926176175,0.02438166000956216,0.03877133890705647,-0.0030635361501246913,-0.0068975307252590575,0.0074027925617064375,0.009637837875682518,-0.030955710538207334,-0.0024560161928332126,0.038878321329983645,0.1019931349864638,-0.03630231029286915,0.29851377036354915,0.1586641486670472,0.013567696732530594,0.11134487430027187,0.004154896590568136,-0.007338676243600549,-0.06922329062970185,-0.03252393829085513,-0.0003902320674672107,0.0011797935902450026,-0.039179063134452005,0.013446348149896196,0.002116271239615471,0.016148588275203404,0.021314440865630203,0.02823960315407529,0.009887672239625363,-0.010400122678343402,-0.06932033355875641,0.012210243094744855,0.038445835725431234,-0.0038372221297779717,-0.0550619364197109,-0.005719857759255171,0.003986945417854493
NSCLC_Ravi_SU2CLC-UCD-1142-T1,0.00153663437009392,-0.012103348987261318,0.010615826985098234,0.04316168645682045,0.0011418579095030046,0.007989020519242052,0.041210999923950345,-0.002499012077254198,0.0014655448005801736,0.009682762146274433,0.026709680339389915,0.1259079569486388,-0.012413360868676938,-0.006546056218539102,0.02540982009196054,0.0034817970702063967,0.03689107336502867,0.029567594922565447,0.054352293853841514,-0.18618236252628134,-0.035388798715204575,-0.007851686534622438,-0.07803502997284027,-0.0010634521515623255,-0.0012137606581059618,0.016423184192695374,-0.004424498062040929,-0.019103092721091293,-0.001474050013495615,-0.030237535134259187,0.004399955016275876,-0.013604926892572712,-0.023080049426339646,0.015034942412062815,0.032890446570605254,0.017947283432933277,0.015334039680554086,0.23716433577774704,0.006670091838027221,-0.01136562649776489,0.025993433704334993,0.007558489918563764,-0.03466304639371372,-0.004084784956958132
NSCLC_Ravi_SU2CLC-UCD-1143-T1,-0.0010313067787009085,-0.012796315676830467,-0.0035873580635903315,0.006238396576410078,-0.005007496929525138,-0.003131463261330871,-0.02640864693255339,0.05619730726709881,-0.0688451877981947,0.0024887261584015897,0.0027967516236378667,0.024121774463978077,-0.0008217893406998209,-0.0010214986317742547,-0.005439372565889635,-0.0016246782756762024,-0.04004451658975948,-0.015106406223529921,-0.05569682783651894,-0.2631149814197105,-0.04757272560279907,0.004983452371884118,0.10779047529697972,0.015999794719363268,-0.006506774680766316,0.03484088305749111,-0.0025673890071135504,-0.0015204247991391327,0.010439062266155843,-0.015936277491638152,0.01134025048734748,-0.013950610235427442,0.02877699921726637,0.018139120815698594,-0.007644892489682487,-0.010161607389123471,0.01462145057524269,0.02229800752362708,-0.0123126430125152,0.0031244963666693516,-0.016471145659929763,0.04942262403395763,0.055504223327261744,-0.0009855768905985274
NSCLC_Ravi_SU2CLC-UCD-1557-T1,0.0012761006033671738,0.026836089059425135,-0.008114679175708897,-0.02100716845027737,-0.0007322748640552352,-0.06788670861695109,-0.013345129546757194,-0.028339159438345463,0.010013535047405391,0.0177719595097719,-0.02624998838714003,-0.040792702561357405,-0.0010185032229754116,0.0032847391363338614,-0.01758225543013106,-0.002257543291406527,0.013139659153320122,-0.021212142323273904,0.0034904927316565574,-0.05601369194626323,-0.016099336185635648,-0.009743233903127918,-0.09278798918864901,0.0,0.0,-0.08223037481305209,0.05438844757008924,0.0,0.0,-0.0011613129400667415,0.03565391031304104,-0.014003627356046659,0.007383324253676008,0.019017822052561095,-0.026180210206634868,0.001137934705314421,-0.009661124568117558,-0.051617252460997916,0.008004740766683416,0.005379012898806816,-0.0060510667120725874,0.0011723308937921673,0.02932868775786537,0.004248649349312239
NSCLC_Ravi_SU2CLC-UCD-1560-T1,0.0,0.012137361954406277,0.005931529632945905,-0.07498353463140374,0.0,0.08600816147512833,-0.017299266805067135,0.04307704586248426,-0.045130606059162096,-0.07738835883154638,0.020795137725221766,0.036363459608193004,0.0,0.0,0.006245981847234921,-0.004693694638048974,-0.02089182594967089,0.006207852347761147,0.051583003890905296,0.3701350957798171,0.09110345462403721,0.0039054621805886683,-0.08694998366759125,0.0030745308901680667,0.0,-0.05811377704751784,0.1031006818790808,0.028343606560474417,0.0,0.01637755760019958,0.050013909946222686,-0.003186546834955065,-0.019441306668494862,0.0,0.004367818864635334,-0.016406417017942786,-0.017182467493087442,0.004649572884300912,0.05314119268014473,-0.00662577693228416,-0.017849257268687246,0.01844039742706113,0.022566842517110372,0.009411979146426885
