transfer,CAF,CD8,CIS,CKS,CTL,CTLA4,FFT,GEP,GeneBio,ICA,IFNG,IMPRES,IS,LFT,MIAS,NFT,NRS,NetBio,PD1,PDL1,PFT,PGM,TAM,TIDE,Teff,Texh
Allen$\mapsto$Freeman,0.4734848484848485,0.5018939393939394,0.4469696969696969,0.4659090909090908,0.4886363636363636,0.4886363636363636,0.4128787878787878,0.6439393939393939,0.509469696969697,0.4924242424242424,0.4962121212121212,0.4564393939393939,0.5303030303030303,0.5075757575757576,0.6553030303030304,0.678030303030303,0.4318181818181818,0.6287878787878788,0.4507575757575758,0.4867424242424243,0.5113636363636364,0.6325757575757576,0.3484848484848485,0.4734848484848484,0.5227272727272727,0.375
Allen$\mapsto$Gide,0.4871212121212121,0.8204545454545454,0.7916666666666666,0.8151515151515151,0.812878787878788,0.6962121212121212,0.7242424242424242,0.8303030303030302,0.8166666666666668,0.8121212121212121,0.7977272727272726,0.5571969696969697,0.7848484848484848,0.8128787878787879,0.7825757575757576,0.7234848484848484,0.7318181818181818,0.6628787878787878,0.7647727272727273,0.7829545454545455,0.8613636363636363,0.6128787878787878,0.5696969696969697,0.6325757575757576,0.8265151515151514,0.6674242424242424
Allen$\mapsto$IMVigor210,0.4481457800511509,0.5876598465473145,0.5375319693094629,0.5712915601023018,0.5817774936061382,0.5164322250639386,0.4683503836317135,0.5652813299232736,0.585613810741688,0.5714194373401534,0.5484654731457801,0.519693094629156,0.5406649616368286,0.6360613810741688,0.5233375959079284,0.5653452685421996,0.4890025575447571,0.5694373401534526,0.5416560102301791,0.5610613810741688,0.6247442455242966,0.4666240409207161,0.3872762148337595,0.5070332480818415,0.6108695652173913,0.4175191815856778
Allen$\mapsto$IMmotion150,0.4186253561253562,0.6962250712250712,0.7118945868945868,0.6504629629629629,0.6887464387464387,0.6381766381766382,0.6394230769230769,0.6850071225071225,0.6949786324786325,0.6948005698005699,0.6737891737891738,0.5716702279202279,0.6451210826210826,0.6800213675213675,0.6632834757834757,0.5559116809116809,0.5776353276353277,0.6077279202279201,0.6301638176638177,0.6194800569800569,0.6597222222222222,0.5783475783475783,0.4816595441595441,0.495014245014245,0.6696937321937322,0.4396367521367521
Allen$\mapsto$Kim,0.2828282828282827,0.7727272727272727,0.7196969696969696,0.8055555555555555,0.7676767676767676,0.6565656565656565,0.3964646464646464,0.8232323232323232,0.7777777777777778,0.7348484848484849,0.8055555555555555,0.4217171717171717,0.8232323232323231,0.6666666666666666,0.7196969696969697,0.8080808080808081,0.696969696969697,0.2373737373737373,0.7525252525252526,0.7904040404040403,0.7196969696969697,0.6742424242424242,0.2575757575757575,0.4671717171717172,0.8181818181818182,0.6641414141414141
Allen$\mapsto$Liu,0.5428677014042868,0.5218033998521803,0.5380635624538064,0.5591278640059129,0.5517368810051737,0.5332594235033259,0.5602365114560237,0.5354767184035477,0.5254988913525499,0.558388765705839,0.524759793052476,0.5861049519586106,0.5343680709534369,0.6699926090169992,0.5458240946045825,0.6031042128603104,0.5391722099039172,0.6001478196600147,0.4902069475240207,0.5266075388026608,0.6356245380635623,0.5650406504065041,0.5229120473022911,0.4560236511456024,0.5373244641537325,0.4951958610495195
Allen$\mapsto$Ravi-1,0.4333881578947368,0.6188322368421053,0.6077302631578947,0.6101973684210527,0.6171875,0.6348684210526315,0.5592105263157895,0.6480263157894737,0.6217105263157895,0.5941611842105263,0.6175986842105263,0.5731907894736843,0.6077302631578947,0.7602796052631579,0.6143092105263157,0.4021381578947368,0.5106907894736842,0.5127467105263158,0.6480263157894737,0.6134868421052632,0.7438322368421052,0.6377467105263157,0.4366776315789474,0.6414473684210527,0.6282894736842106,0.4872532894736842
Allen$\mapsto$Riaz,0.4902439024390244,0.646341463414634,0.6682926829268292,0.6439024390243903,0.6292682926829268,0.7280487804878049,0.6682926829268293,0.6439024390243901,0.6560975609756098,0.6341463414634146,0.6463414634146342,0.625609756097561,0.6341463414634146,0.5804878048780487,0.6560975609756097,0.4707317073170731,0.6219512195121951,0.4853658536585366,0.6524390243902439,0.4878048780487805,0.5414634146341464,0.6951219512195123,0.526829268292683,0.5146341463414634,0.6268292682926829,0.4951219512195122
Allen$\mapsto$Rose,0.3604452054794521,0.589041095890411,0.5907534246575343,0.6335616438356164,0.6207191780821919,0.529109589041096,0.5573630136986302,0.6224315068493151,0.5950342465753424,0.5873287671232877,0.610445205479452,0.5851883561643836,0.6181506849315068,0.6815068493150684,0.5847602739726028,0.5599315068493151,0.547945205479452,0.5248287671232877,0.6374143835616439,0.6207191780821918,0.6318493150684931,0.591609589041096,0.375,0.4931506849315068,0.6438356164383562,0.4691780821917808
Choueiri$\mapsto$Allen,0.5414201183431954,0.636094674556213,0.6745562130177516,0.3372781065088758,0.6715976331360947,0.7041420118343196,0.4349112426035503,0.6775147928994083,0.6390532544378699,0.6834319526627219,0.6863905325443788,0.2914201183431952,0.6331360946745562,0.6597633136094675,0.6272189349112427,0.5088757396449703,0.6153846153846154,0.5591715976331362,0.6301775147928994,0.5295857988165681,0.5917159763313609,0.5946745562130178,0.5443786982248521,0.0,0.6686390532544378,0.6005917159763314
Choueiri$\mapsto$Freeman,0.4734848484848485,0.5018939393939394,0.4469696969696969,0.5340909090909091,0.4886363636363636,0.4886363636363636,0.4848484848484848,0.6439393939393939,0.509469696969697,0.4924242424242424,0.4962121212121212,0.5435606060606061,0.5303030303030303,0.4393939393939394,0.6553030303030304,0.6666666666666666,0.4318181818181818,0.4583333333333332,0.4507575757575758,0.4867424242424243,0.446969696969697,0.5151515151515151,0.3484848484848485,0.5265151515151515,0.5227272727272727,0.375
Choueiri$\mapsto$Gide,0.4871212121212121,0.8204545454545454,0.7916666666666666,0.1848484848484848,0.812878787878788,0.6962121212121212,0.5924242424242425,0.8303030303030302,0.8196969696969697,0.8121212121212121,0.7977272727272726,0.4428030303030302,0.7848484848484848,0.7363636363636364,0.7825757575757576,0.5446969696969698,0.7318181818181818,0.656060606060606,0.7647727272727273,0.7829545454545455,0.7007575757575758,0.7242424242424242,0.5696969696969697,0.3674242424242425,0.8265151515151514,0.6674242424242424
Choueiri$\mapsto$IMVigor210,0.4481457800511509,0.5876598465473145,0.5375319693094629,0.4287084398976982,0.5817774936061382,0.5164322250639386,0.3983375959079284,0.5652813299232736,0.586764705882353,0.5714194373401534,0.5484654731457801,0.480306905370844,0.5406649616368286,0.4789641943734015,0.5233375959079284,0.5298593350383632,0.4890025575447571,0.4369565217391304,0.5416560102301791,0.5610613810741688,0.3813299232736572,0.5504475703324809,0.3872762148337595,0.4929667519181586,0.6108695652173913,0.4175191815856778
Choueiri$\mapsto$IMmotion150,0.4186253561253562,0.6962250712250712,0.7118945868945868,0.349537037037037,0.6887464387464387,0.6381766381766382,0.5797720797720798,0.6850071225071225,0.6965811965811965,0.6948005698005699,0.6737891737891738,0.4283297720797722,0.6451210826210826,0.6805555555555556,0.6632834757834757,0.4218304843304843,0.5776353276353277,0.6196581196581197,0.6301638176638177,0.6194800569800569,0.5982905982905983,0.6529558404558403,0.4816595441595441,0.504985754985755,0.6696937321937322,0.4396367521367521
Choueiri$\mapsto$Kim,0.2828282828282827,0.7727272727272727,0.7196969696969696,0.1944444444444444,0.7676767676767676,0.6565656565656565,0.2348484848484848,0.8232323232323232,0.7777777777777778,0.7348484848484849,0.8055555555555555,0.5782828282828283,0.8232323232323231,0.6338383838383839,0.7196969696969697,0.4545454545454545,0.696969696969697,0.6641414141414141,0.7525252525252526,0.7904040404040403,0.2398989898989898,0.5530303030303031,0.2575757575757575,0.5328282828282829,0.8181818181818182,0.6641414141414141
Choueiri$\mapsto$Liu,0.5428677014042868,0.5218033998521803,0.5380635624538064,0.4408721359940872,0.5517368810051737,0.5332594235033259,0.41869918699187,0.5354767184035477,0.524759793052476,0.558388765705839,0.524759793052476,0.4138950480413895,0.5343680709534369,0.5354767184035477,0.5458240946045825,0.5997782705099779,0.5391722099039172,0.5402808573540281,0.4902069475240207,0.5266075388026608,0.5262379896526239,0.540650406504065,0.5229120473022911,0.5439763488543976,0.5373244641537325,0.4951958610495195
Choueiri$\mapsto$Ravi-1,0.4333881578947368,0.6188322368421053,0.6077302631578947,0.3898026315789473,0.6171875,0.6348684210526315,0.4761513157894737,0.6480263157894737,0.6188322368421052,0.5941611842105263,0.6175986842105263,0.4268092105263157,0.6077302631578947,0.5867598684210527,0.6143092105263157,0.4379111842105262,0.5106907894736842,0.5061677631578947,0.6480263157894737,0.6134868421052632,0.4609375,0.580592105263158,0.4366776315789474,0.3585526315789473,0.6282894736842106,0.4872532894736842
Choueiri$\mapsto$Riaz,0.4902439024390244,0.646341463414634,0.6682926829268292,0.3560975609756098,0.6292682926829268,0.7280487804878049,0.5292682926829269,0.6439024390243901,0.6536585365853659,0.6341463414634146,0.6463414634146342,0.374390243902439,0.6341463414634146,0.5341463414634147,0.6560975609756097,0.4926829268292683,0.6219512195121951,0.6658536585365854,0.6524390243902439,0.4878048780487805,0.6829268292682926,0.7268292682926829,0.526829268292683,0.4853658536585366,0.6268292682926829,0.4951219512195122
Choueiri$\mapsto$Rose,0.3604452054794521,0.589041095890411,0.5907534246575343,0.3664383561643836,0.6207191780821919,0.529109589041096,0.4109589041095891,0.6224315068493151,0.5933219178082192,0.5873287671232877,0.610445205479452,0.4148116438356164,0.6181506849315068,0.5214041095890412,0.5847602739726028,0.5222602739726028,0.547945205479452,0.6523972602739725,0.6374143835616439,0.6207191780821918,0.4392123287671233,0.5590753424657535,0.375,0.5068493150684932,0.6438356164383562,0.4691780821917808
Freeman$\mapsto$Allen,0.4585798816568047,0.636094674556213,0.6745562130177516,0.6627218934911243,0.6715976331360947,0.7041420118343196,0.3668639053254438,0.6775147928994083,0.6094674556213018,0.6834319526627219,0.3136094674556213,0.5,0.6331360946745562,0.6124260355029585,0.6272189349112427,0.5414201183431953,0.3846153846153846,0.4881656804733727,0.6301775147928994,0.4704142011834319,0.5384615384615384,0.757396449704142,0.4556213017751479,0.0,0.6686390532544378,0.3994082840236686
Freeman$\mapsto$Gide,0.5128787878787879,0.8204545454545454,0.7916666666666666,0.8151515151515151,0.812878787878788,0.6962121212121212,0.5068181818181818,0.8303030303030302,0.8287878787878787,0.8121212121212121,0.2022727272727272,0.5,0.7848484848484848,0.6818181818181818,0.7825757575757576,0.6295454545454546,0.2681818181818182,0.6446969696969698,0.7647727272727273,0.2170454545454545,0.6757575757575758,0.6484848484848486,0.4303030303030303,0.3674242424242425,0.8265151515151514,0.3325757575757575
Freeman$\mapsto$IMVigor210,0.5518542199488491,0.5876598465473145,0.5375319693094629,0.5712915601023018,0.5817774936061382,0.5164322250639386,0.5881074168797954,0.5652813299232736,0.5767902813299233,0.5714194373401534,0.4515345268542199,0.5,0.5406649616368286,0.6122762148337597,0.5233375959079284,0.5313299232736572,0.510997442455243,0.5206521739130434,0.5416560102301791,0.4389386189258312,0.6306265984654732,0.4724424552429667,0.6127237851662404,0.4929667519181586,0.6108695652173913,0.5824808184143222
Freeman$\mapsto$IMmotion150,0.5813746438746439,0.6962250712250712,0.7118945868945868,0.6504629629629629,0.6887464387464387,0.6381766381766382,0.5423789173789174,0.6850071225071225,0.685363247863248,0.6948005698005699,0.3262108262108262,0.5,0.6451210826210826,0.4396367521367521,0.6632834757834757,0.4442663817663817,0.4223646723646724,0.6121794871794872,0.6301638176638177,0.3805199430199429,0.484508547008547,0.5918803418803419,0.5183404558404558,0.504985754985755,0.6696937321937322,0.5603632478632479
Freeman$\mapsto$Kim,0.7171717171717171,0.7727272727272727,0.7196969696969696,0.8055555555555555,0.7676767676767676,0.6565656565656565,0.595959595959596,0.8232323232323232,0.7323232323232323,0.7348484848484849,0.1944444444444444,0.5,0.8232323232323231,0.6742424242424243,0.7196969696969697,0.5732323232323233,0.303030303030303,0.8055555555555556,0.7525252525252526,0.2095959595959595,0.787878787878788,0.6565656565656566,0.7424242424242424,0.5328282828282829,0.8181818181818182,0.3358585858585858
Freeman$\mapsto$Liu,0.4571322985957132,0.5218033998521803,0.5380635624538064,0.5591278640059129,0.5517368810051737,0.5332594235033259,0.4467849223946785,0.5354767184035477,0.5055432372505544,0.558388765705839,0.475240206947524,0.5,0.5343680709534369,0.5890613451589061,0.5458240946045825,0.6341463414634148,0.4608277900960828,0.5679970436067997,0.4902069475240207,0.4733924611973392,0.5753880266075388,0.565410199556541,0.4770879526977088,0.5439763488543976,0.5373244641537325,0.5048041389504804
Freeman$\mapsto$Ravi-1,0.5666118421052633,0.6188322368421053,0.6077302631578947,0.6101973684210527,0.6171875,0.6348684210526315,0.4745065789473684,0.6480263157894737,0.5826480263157894,0.5941611842105263,0.3824013157894737,0.5,0.6077302631578947,0.564967105263158,0.6143092105263157,0.4407894736842105,0.4893092105263158,0.5978618421052632,0.6480263157894737,0.3865131578947369,0.5600328947368421,0.638157894736842,0.5633223684210527,0.3585526315789473,0.6282894736842106,0.5127467105263157
Freeman$\mapsto$Riaz,0.5097560975609756,0.646341463414634,0.6682926829268292,0.6439024390243903,0.6292682926829268,0.7280487804878049,0.5829268292682928,0.6439024390243901,0.6317073170731707,0.6341463414634146,0.3536585365853659,0.5,0.6341463414634146,0.7682926829268293,0.6560975609756097,0.5219512195121951,0.3780487804878049,0.5121951219512195,0.6524390243902439,0.5121951219512195,0.7682926829268293,0.7024390243902439,0.473170731707317,0.4853658536585366,0.6268292682926829,0.5048780487804878
Freeman$\mapsto$Rose,0.639554794520548,0.589041095890411,0.5907534246575343,0.6335616438356164,0.6207191780821919,0.529109589041096,0.4743150684931507,0.6224315068493151,0.5856164383561644,0.5873287671232877,0.389554794520548,0.5,0.6181506849315068,0.6121575342465754,0.5847602739726028,0.5633561643835616,0.4520547945205479,0.4803082191780822,0.6374143835616439,0.3792808219178082,0.6575342465753425,0.5933219178082192,0.625,0.5068493150684932,0.6438356164383562,0.5308219178082192
Gide$\mapsto$Allen,0.4585798816568047,0.636094674556213,0.6745562130177516,0.6627218934911243,0.6715976331360947,0.7041420118343196,0.665680473372781,0.6775147928994083,0.6272189349112426,0.6834319526627219,0.6863905325443788,0.7085798816568046,0.6331360946745562,0.7485207100591715,0.6272189349112427,0.6301775147928994,0.6153846153846154,0.6952662721893491,0.6301775147928994,0.5295857988165681,0.7810650887573964,0.6568047337278107,0.5443786982248521,1.0,0.6686390532544378,0.6005917159763314
Gide$\mapsto$Freeman,0.5265151515151516,0.5018939393939394,0.4469696969696969,0.4659090909090908,0.4886363636363636,0.4886363636363636,0.5643939393939393,0.6439393939393939,0.4867424242424242,0.4924242424242424,0.4962121212121212,0.4564393939393939,0.5303030303030303,0.5606060606060606,0.6553030303030304,0.6439393939393939,0.4318181818181818,0.5454545454545454,0.4507575757575758,0.4867424242424243,0.625,0.5151515151515151,0.3484848484848485,0.4734848484848484,0.5227272727272727,0.375
Gide$\mapsto$IMVigor210,0.5518542199488491,0.5876598465473145,0.5375319693094629,0.5712915601023018,0.5817774936061382,0.5164322250639386,0.5553708439897698,0.5652813299232736,0.5855498721227621,0.5714194373401534,0.5484654731457801,0.519693094629156,0.5406649616368286,0.6156649616368286,0.5233375959079284,0.5952685421994885,0.4890025575447571,0.5205242966751917,0.5416560102301791,0.5610613810741688,0.6764066496163683,0.5270460358056266,0.3872762148337595,0.5070332480818415,0.6108695652173913,0.4175191815856778
Gide$\mapsto$IMmotion150,0.5813746438746439,0.6962250712250712,0.7118945868945868,0.6504629629629629,0.6887464387464387,0.6381766381766382,0.683048433048433,0.6850071225071225,0.6949786324786325,0.6948005698005699,0.6737891737891738,0.5716702279202279,0.6451210826210826,0.6873219373219372,0.6632834757834757,0.5753205128205128,0.5776353276353277,0.6622150997150998,0.6301638176638177,0.6194800569800569,0.6757478632478633,0.650997150997151,0.4816595441595441,0.495014245014245,0.6696937321937322,0.4396367521367521
Gide$\mapsto$Kim,0.7171717171717171,0.7727272727272727,0.7196969696969696,0.8055555555555555,0.7676767676767676,0.6565656565656565,0.8055555555555555,0.8232323232323232,0.76010101010101,0.7348484848484849,0.8055555555555555,0.4217171717171717,0.8232323232323231,0.7575757575757576,0.7196969696969697,0.7702020202020202,0.696969696969697,0.6565656565656566,0.7525252525252526,0.7904040404040403,0.7954545454545454,0.5858585858585859,0.2575757575757575,0.4671717171717172,0.8181818181818182,0.6641414141414141
Gide$\mapsto$Liu,0.4571322985957132,0.5218033998521803,0.5380635624538064,0.5591278640059129,0.5517368810051737,0.5332594235033259,0.5506282335550629,0.5354767184035477,0.5125646711012565,0.558388765705839,0.524759793052476,0.5861049519586106,0.5343680709534369,0.6300813008130081,0.5458240946045825,0.61529933481153,0.5391722099039172,0.5373244641537325,0.4902069475240207,0.5266075388026608,0.6263858093126385,0.549519586104952,0.5229120473022911,0.4560236511456024,0.5373244641537325,0.4951958610495195
Gide$\mapsto$Ravi-1,0.5666118421052633,0.6188322368421053,0.6077302631578947,0.6101973684210527,0.6171875,0.6348684210526315,0.615953947368421,0.6480263157894737,0.6085526315789473,0.5941611842105263,0.6175986842105263,0.5731907894736843,0.6077302631578947,0.645970394736842,0.6143092105263157,0.5505756578947368,0.5106907894736842,0.5904605263157895,0.6480263157894737,0.6134868421052632,0.6842105263157894,0.6093749999999999,0.4366776315789474,0.6414473684210527,0.6282894736842106,0.4872532894736842
Gide$\mapsto$Riaz,0.5097560975609756,0.646341463414634,0.6682926829268292,0.6439024390243903,0.6292682926829268,0.7280487804878049,0.6292682926829268,0.6439024390243901,0.6439024390243903,0.6341463414634146,0.6463414634146342,0.625609756097561,0.6341463414634146,0.648780487804878,0.6560975609756097,0.4878048780487805,0.6219512195121951,0.6365853658536585,0.6524390243902439,0.4878048780487805,0.6926829268292682,0.7463414634146341,0.526829268292683,0.5146341463414634,0.6268292682926829,0.4951219512195122
Gide$\mapsto$Rose,0.639554794520548,0.589041095890411,0.5907534246575343,0.6335616438356164,0.6207191780821919,0.529109589041096,0.6053082191780823,0.6224315068493151,0.5958904109589042,0.5873287671232877,0.610445205479452,0.5851883561643836,0.6181506849315068,0.6506849315068493,0.5847602739726028,0.6292808219178082,0.547945205479452,0.5068493150684932,0.6374143835616439,0.6207191780821918,0.6147260273972602,0.574486301369863,0.375,0.4931506849315068,0.6438356164383562,0.4691780821917808
Hugo$\mapsto$Allen,0.4585798816568047,0.363905325443787,0.3254437869822485,0.3372781065088758,0.3284023668639053,0.2958579881656805,0.4053254437869822,0.3224852071005917,0.4053254437869822,0.3165680473372781,0.3136094674556213,0.7085798816568046,0.3668639053254438,0.4497041420118343,0.6272189349112427,0.408284023668639,0.3846153846153846,0.3668639053254438,0.3698224852071006,0.5295857988165681,0.4349112426035503,0.757396449704142,0.4556213017751479,0.0,0.3313609467455621,0.3994082840236686
Hugo$\mapsto$Freeman,0.5265151515151516,0.4981060606060605,0.553030303030303,0.5340909090909091,0.5113636363636364,0.5113636363636364,0.5303030303030303,0.3560606060606061,0.4071969696969697,0.5075757575757576,0.5037878787878788,0.4564393939393939,0.4696969696969697,0.446969696969697,0.6553030303030304,0.4242424242424242,0.5681818181818181,0.5871212121212122,0.5492424242424243,0.4867424242424243,0.3143939393939394,0.6742424242424242,0.6515151515151515,0.5265151515151515,0.4772727272727273,0.625
Hugo$\mapsto$Gide,0.5128787878787879,0.1795454545454545,0.2083333333333333,0.1848484848484848,0.1871212121212121,0.3037878787878788,0.3439393939393939,0.1696969696969696,0.1765151515151514,0.1878787878787879,0.2022727272727272,0.5571969696969697,0.2151515151515151,0.3492424242424242,0.7825757575757576,0.3681818181818181,0.2681818181818182,0.3545454545454545,0.2352272727272727,0.7829545454545455,0.4613636363636363,0.5462121212121213,0.4303030303030303,0.3674242424242425,0.1734848484848484,0.3325757575757575
Hugo$\mapsto$IMVigor210,0.5518542199488491,0.4123401534526854,0.4624680306905371,0.4287084398976982,0.4182225063938619,0.4835677749360614,0.5627237851662403,0.4347186700767263,0.427621483375959,0.4285805626598465,0.4515345268542199,0.519693094629156,0.4593350383631714,0.5519820971867008,0.5233375959079284,0.4125959079283887,0.510997442455243,0.4551790281329923,0.4583439897698209,0.5610613810741688,0.5253196930946291,0.4584398976982097,0.6127237851662404,0.4929667519181586,0.3891304347826086,0.5824808184143222
Hugo$\mapsto$IMmotion150,0.5813746438746439,0.3037749287749288,0.2881054131054131,0.349537037037037,0.3112535612535613,0.3618233618233618,0.4294871794871794,0.3149928774928775,0.3212250712250712,0.3051994301994301,0.3262108262108262,0.5716702279202279,0.3548789173789173,0.5856481481481481,0.6632834757834757,0.44747150997151,0.4223646723646724,0.5030270655270656,0.3698361823361822,0.6194800569800569,0.5738960113960114,0.5461182336182335,0.5183404558404558,0.504985754985755,0.3303062678062678,0.5603632478632479
Hugo$\mapsto$Kim,0.7171717171717171,0.2272727272727272,0.2803030303030303,0.1944444444444444,0.2323232323232323,0.3434343434343434,0.4494949494949495,0.1767676767676767,0.2878787878787878,0.2651515151515151,0.1944444444444444,0.4217171717171717,0.1767676767676767,0.6136363636363636,0.7196969696969697,0.3434343434343434,0.303030303030303,0.5631313131313131,0.2474747474747474,0.7904040404040403,0.4671717171717172,0.6792929292929293,0.7424242424242424,0.5328282828282829,0.1818181818181818,0.3358585858585858
Hugo$\mapsto$Liu,0.4571322985957132,0.4781966001478197,0.4619364375461937,0.4408721359940872,0.4482631189948263,0.4667405764966741,0.4475240206947524,0.4645232815964523,0.5011086474501109,0.4416112342941611,0.475240206947524,0.5861049519586106,0.4656319290465632,0.4722838137472284,0.5458240946045825,0.3987435328898743,0.4608277900960828,0.3762010347376201,0.5097930524759793,0.5266075388026608,0.4493717664449371,0.5550628233555063,0.4770879526977088,0.5439763488543976,0.4626755358462675,0.5048041389504804
Hugo$\mapsto$Ravi-1,0.5666118421052633,0.3811677631578947,0.3922697368421052,0.3898026315789473,0.3828125,0.3651315789473684,0.4913651315789473,0.3519736842105262,0.4226973684210526,0.4058388157894737,0.3824013157894737,0.5731907894736843,0.3922697368421053,0.5760690789473684,0.6143092105263157,0.5682565789473684,0.4893092105263158,0.563733552631579,0.3519736842105262,0.6134868421052632,0.5501644736842105,0.6258223684210527,0.5633223684210527,0.3585526315789473,0.3717105263157895,0.5127467105263157
Hugo$\mapsto$Riaz,0.5097560975609756,0.3536585365853658,0.3317073170731707,0.3560975609756098,0.3707317073170731,0.2719512195121951,0.4585365853658537,0.3560975609756097,0.3731707317073171,0.3658536585365853,0.3536585365853659,0.625609756097561,0.3658536585365853,0.5585365853658537,0.6560975609756097,0.5682926829268293,0.3780487804878049,0.4048780487804878,0.3475609756097561,0.4878048780487805,0.5536585365853659,0.6829268292682926,0.473170731707317,0.4853658536585366,0.373170731707317,0.5048780487804878
Hugo$\mapsto$Rose,0.639554794520548,0.410958904109589,0.4092465753424657,0.3664383561643836,0.3792808219178082,0.470890410958904,0.5590753424657534,0.3775684931506849,0.4263698630136986,0.4126712328767123,0.389554794520548,0.5851883561643836,0.3818493150684932,0.5479452054794521,0.5847602739726028,0.4905821917808219,0.4520547945205479,0.4238013698630137,0.3625856164383562,0.6207191780821918,0.5316780821917809,0.586472602739726,0.625,0.5068493150684932,0.3561643835616438,0.5308219178082192
IMVigor210$\mapsto$Allen,0.4585798816568047,0.636094674556213,0.6745562130177516,0.6627218934911243,0.6715976331360947,0.7041420118343196,0.4408284023668639,0.6775147928994083,0.6390532544378699,0.6834319526627219,0.6863905325443788,0.7085798816568046,0.6331360946745562,0.6538461538461539,0.6272189349112427,0.6213017751479291,0.3846153846153846,0.636094674556213,0.6301775147928994,0.5295857988165681,0.6863905325443788,0.378698224852071,0.4556213017751479,1.0,0.6686390532544378,0.3994082840236686
IMVigor210$\mapsto$Freeman,0.5265151515151516,0.5018939393939394,0.4469696969696969,0.4659090909090908,0.4886363636363636,0.4886363636363636,0.7007575757575757,0.6439393939393939,0.5056818181818182,0.4924242424242424,0.4962121212121212,0.4564393939393939,0.5303030303030303,0.7007575757575758,0.6553030303030304,0.6098484848484849,0.5681818181818181,0.6325757575757576,0.4507575757575758,0.4867424242424243,0.7121212121212122,0.4659090909090909,0.6515151515151515,0.4734848484848484,0.5227272727272727,0.625
IMVigor210$\mapsto$Gide,0.5128787878787879,0.8204545454545454,0.7916666666666666,0.8151515151515151,0.812878787878788,0.6962121212121212,0.6704545454545454,0.8303030303030302,0.8196969696969698,0.8121212121212121,0.7977272727272726,0.5571969696969697,0.7848484848484848,0.8,0.7825757575757576,0.6954545454545454,0.2681818181818182,0.5659090909090909,0.7647727272727273,0.7829545454545455,0.8083333333333332,0.6393939393939394,0.4303030303030303,0.6325757575757576,0.8265151515151514,0.3325757575757575
IMVigor210$\mapsto$IMmotion150,0.5813746438746439,0.6962250712250712,0.7118945868945868,0.6504629629629629,0.6887464387464387,0.6381766381766382,0.5847578347578347,0.6850071225071225,0.6967592592592592,0.6948005698005699,0.6737891737891738,0.5716702279202279,0.6451210826210826,0.6805555555555556,0.6632834757834757,0.615562678062678,0.4223646723646724,0.5892094017094017,0.6301638176638177,0.6194800569800569,0.6878561253561254,0.5877849002849004,0.5183404558404558,0.495014245014245,0.6696937321937322,0.5603632478632479
IMVigor210$\mapsto$Kim,0.7171717171717171,0.7727272727272727,0.7196969696969696,0.8055555555555555,0.7676767676767676,0.6565656565656565,0.6792929292929293,0.8232323232323232,0.7727272727272727,0.7348484848484849,0.8055555555555555,0.4217171717171717,0.8232323232323231,0.7676767676767676,0.7196969696969697,0.6641414141414141,0.303030303030303,0.7045454545454546,0.7525252525252526,0.7904040404040403,0.9065656565656564,0.3863636363636363,0.7424242424242424,0.4671717171717172,0.8181818181818182,0.3358585858585858
IMVigor210$\mapsto$Liu,0.4571322985957132,0.5218033998521803,0.5380635624538064,0.5591278640059129,0.5517368810051737,0.5332594235033259,0.4674796747967479,0.5354767184035477,0.5229120473022912,0.558388765705839,0.524759793052476,0.5861049519586106,0.5343680709534369,0.5713229859571324,0.5458240946045825,0.5351071692535107,0.4608277900960828,0.5070214338507022,0.4902069475240207,0.5266075388026608,0.5491500369549149,0.5166297117516631,0.4770879526977088,0.4560236511456024,0.5373244641537325,0.5048041389504804
IMVigor210$\mapsto$Ravi-1,0.5666118421052633,0.6188322368421053,0.6077302631578947,0.6101973684210527,0.6171875,0.6348684210526315,0.5703125,0.6480263157894737,0.6200657894736842,0.5941611842105263,0.6175986842105263,0.5731907894736843,0.6077302631578947,0.6957236842105263,0.6143092105263157,0.6258223684210527,0.4893092105263158,0.5719572368421053,0.6480263157894737,0.6134868421052632,0.694078947368421,0.4498355263157894,0.5633223684210527,0.6414473684210527,0.6282894736842106,0.5127467105263157
IMVigor210$\mapsto$Riaz,0.5097560975609756,0.646341463414634,0.6682926829268292,0.6439024390243903,0.6292682926829268,0.7280487804878049,0.6097560975609756,0.6439024390243901,0.651219512195122,0.6341463414634146,0.6463414634146342,0.625609756097561,0.6341463414634146,0.7268292682926829,0.6560975609756097,0.4414634146341463,0.3780487804878049,0.4853658536585366,0.6524390243902439,0.4878048780487805,0.7,0.5390243902439025,0.473170731707317,0.5146341463414634,0.6268292682926829,0.5048780487804878
IMVigor210$\mapsto$Rose,0.639554794520548,0.589041095890411,0.5907534246575343,0.6335616438356164,0.6207191780821919,0.529109589041096,0.5179794520547945,0.6224315068493151,0.595890410958904,0.5873287671232877,0.610445205479452,0.5851883561643836,0.6181506849315068,0.738013698630137,0.5847602739726028,0.6113013698630138,0.4520547945205479,0.5804794520547946,0.6374143835616439,0.6207191780821918,0.6892123287671232,0.4820205479452055,0.625,0.4931506849315068,0.6438356164383562,0.5308219178082192
IMmotion150$\mapsto$Allen,0.4585798816568047,0.636094674556213,0.6745562130177516,0.6627218934911243,0.6715976331360947,0.7041420118343196,0.680473372781065,0.6775147928994083,0.6390532544378699,0.6834319526627219,0.6863905325443788,0.7085798816568046,0.6331360946745562,0.7810650887573964,0.6272189349112427,0.6627218934911243,0.6153846153846154,0.6301775147928994,0.6301775147928994,0.5295857988165681,0.7692307692307693,0.6331360946745562,0.4556213017751479,0.0,0.6686390532544378,0.3994082840236686
IMmotion150$\mapsto$Freeman,0.5265151515151516,0.5018939393939394,0.4469696969696969,0.4659090909090908,0.4886363636363636,0.4886363636363636,0.5151515151515151,0.6439393939393939,0.5056818181818182,0.4924242424242424,0.4962121212121212,0.4564393939393939,0.5303030303030303,0.5984848484848485,0.6553030303030304,0.5265151515151515,0.4318181818181818,0.5643939393939393,0.4507575757575758,0.4867424242424243,0.5492424242424242,0.5189393939393939,0.6515151515151515,0.5265151515151515,0.5227272727272727,0.625
IMmotion150$\mapsto$Gide,0.5128787878787879,0.8204545454545454,0.7916666666666666,0.8151515151515151,0.812878787878788,0.6962121212121212,0.7734848484848486,0.8303030303030302,0.818939393939394,0.8121212121212121,0.7977272727272726,0.5571969696969697,0.7848484848484848,0.8484848484848485,0.7825757575757576,0.6378787878787879,0.7318181818181818,0.7590909090909091,0.7647727272727273,0.7829545454545455,0.8007575757575758,0.7348484848484849,0.4303030303030303,0.3674242424242425,0.8265151515151514,0.3325757575757575
IMmotion150$\mapsto$IMVigor210,0.5518542199488491,0.5876598465473145,0.5375319693094629,0.5712915601023018,0.5817774936061382,0.5164322250639386,0.5308823529411765,0.5652813299232736,0.5863810741687978,0.5714194373401534,0.5484654731457801,0.519693094629156,0.5406649616368286,0.590537084398977,0.5233375959079284,0.5929028132992328,0.4890025575447571,0.5847826086956521,0.5416560102301791,0.5610613810741688,0.6239130434782609,0.5394501278772378,0.6127237851662404,0.4929667519181586,0.6108695652173913,0.5824808184143222
IMmotion150$\mapsto$Kim,0.7171717171717171,0.7727272727272727,0.7196969696969696,0.8055555555555555,0.7676767676767676,0.6565656565656565,0.7171717171717171,0.8232323232323232,0.7752525252525253,0.7348484848484849,0.8055555555555555,0.4217171717171717,0.8232323232323231,0.8535353535353536,0.7196969696969697,0.6565656565656566,0.696969696969697,0.4898989898989898,0.7525252525252526,0.7904040404040403,0.8939393939393939,0.5757575757575757,0.7424242424242424,0.5328282828282829,0.8181818181818182,0.3358585858585858
IMmotion150$\mapsto$Liu,0.4571322985957132,0.5218033998521803,0.5380635624538064,0.5591278640059129,0.5517368810051737,0.5332594235033259,0.5528455284552846,0.5354767184035477,0.5232815964523282,0.558388765705839,0.524759793052476,0.5861049519586106,0.5343680709534369,0.6178861788617886,0.5458240946045825,0.4124168514412417,0.5391722099039172,0.5358462675535847,0.4902069475240207,0.5266075388026608,0.5997782705099778,0.5436067997043607,0.4770879526977088,0.5439763488543976,0.5373244641537325,0.5048041389504804
IMmotion150$\mapsto$Ravi-1,0.5666118421052633,0.6188322368421053,0.6077302631578947,0.6101973684210527,0.6171875,0.6348684210526315,0.5953947368421052,0.6480263157894737,0.6208881578947368,0.5941611842105263,0.6175986842105263,0.5731907894736843,0.6077302631578947,0.7035361842105263,0.6143092105263157,0.6282894736842105,0.5106907894736842,0.7088815789473684,0.6480263157894737,0.6134868421052632,0.6467927631578947,0.6036184210526316,0.5633223684210527,0.3585526315789473,0.6282894736842106,0.5127467105263157
IMmotion150$\mapsto$Riaz,0.5097560975609756,0.646341463414634,0.6682926829268292,0.6439024390243903,0.6292682926829268,0.7280487804878049,0.6609756097560976,0.6439024390243901,0.6536585365853659,0.6341463414634146,0.6463414634146342,0.625609756097561,0.6341463414634146,0.6097560975609757,0.6560975609756097,0.5073170731707317,0.6219512195121951,0.551219512195122,0.6524390243902439,0.4878048780487805,0.5975609756097562,0.7414634146341463,0.473170731707317,0.4853658536585366,0.6268292682926829,0.5048780487804878
IMmotion150$\mapsto$Rose,0.639554794520548,0.589041095890411,0.5907534246575343,0.6335616438356164,0.6207191780821919,0.529109589041096,0.5556506849315068,0.6224315068493151,0.5941780821917808,0.5873287671232877,0.610445205479452,0.5851883561643836,0.6181506849315068,0.5787671232876713,0.5847602739726028,0.6909246575342466,0.547945205479452,0.7414383561643836,0.6374143835616439,0.6207191780821918,0.6335616438356164,0.5702054794520548,0.625,0.5068493150684932,0.6438356164383562,0.5308219178082192
Kim$\mapsto$Allen,0.4585798816568047,0.636094674556213,0.6745562130177516,0.6627218934911243,0.6715976331360947,0.7041420118343196,0.5325443786982248,0.6775147928994083,0.636094674556213,0.6834319526627219,0.6863905325443788,0.2914201183431952,0.6331360946745562,0.7159763313609467,0.6272189349112427,0.636094674556213,0.6153846153846154,0.6331360946745562,0.6301775147928994,0.5295857988165681,0.7692307692307693,0.7692307692307693,0.4556213017751479,0.0,0.6686390532544378,0.6005917159763314
Kim$\mapsto$Freeman,0.5265151515151516,0.5018939393939394,0.4469696969696969,0.4659090909090908,0.4886363636363636,0.4886363636363636,0.7537878787878787,0.6439393939393939,0.509469696969697,0.4924242424242424,0.4962121212121212,0.5435606060606061,0.5303030303030303,0.6477272727272727,0.6553030303030304,0.5984848484848485,0.4318181818181818,0.7462121212121211,0.4507575757575758,0.4867424242424243,0.6287878787878788,0.5946969696969697,0.6515151515151515,0.5265151515151515,0.5227272727272727,0.375
Kim$\mapsto$Gide,0.5128787878787879,0.8204545454545454,0.7916666666666666,0.8151515151515151,0.812878787878788,0.6962121212121212,0.7454545454545455,0.8303030303030302,0.8166666666666668,0.8121212121212121,0.7977272727272726,0.4428030303030302,0.7848484848484848,0.7212121212121212,0.7825757575757576,0.7287878787878789,0.7318181818181818,0.743181818181818,0.7647727272727273,0.7829545454545455,0.6984848484848485,0.4795454545454546,0.4303030303030303,0.3674242424242425,0.8265151515151514,0.6674242424242424
Kim$\mapsto$IMVigor210,0.5518542199488491,0.5876598465473145,0.5375319693094629,0.5712915601023018,0.5817774936061382,0.5164322250639386,0.5925831202046037,0.5652813299232736,0.5848465473145781,0.5714194373401534,0.5484654731457801,0.480306905370844,0.5406649616368286,0.6755754475703325,0.5233375959079284,0.5771099744245524,0.4890025575447571,0.5874040920716113,0.5416560102301791,0.5610613810741688,0.6972506393861894,0.4473785166240409,0.6127237851662404,0.4929667519181586,0.6108695652173913,0.4175191815856778
Kim$\mapsto$IMmotion150,0.5813746438746439,0.6962250712250712,0.7118945868945868,0.6504629629629629,0.6887464387464387,0.6381766381766382,0.6290954415954416,0.6850071225071225,0.6953347578347578,0.6948005698005699,0.6737891737891738,0.4283297720797722,0.6451210826210826,0.6807336182336181,0.6632834757834757,0.6378205128205128,0.5776353276353277,0.6340811965811965,0.6301638176638177,0.6194800569800569,0.6682692307692307,0.5126424501424501,0.5183404558404558,0.504985754985755,0.6696937321937322,0.4396367521367521
Kim$\mapsto$Liu,0.4571322985957132,0.5218033998521803,0.5380635624538064,0.5591278640059129,0.5517368810051737,0.5332594235033259,0.4785661492978566,0.5354767184035477,0.524390243902439,0.558388765705839,0.524759793052476,0.4138950480413895,0.5343680709534369,0.4951958610495196,0.5458240946045825,0.5203252032520325,0.5391722099039172,0.5303030303030303,0.4902069475240207,0.5266075388026608,0.5598669623059868,0.5380635624538064,0.4770879526977088,0.5439763488543976,0.5373244641537325,0.4951958610495195
Kim$\mapsto$Ravi-1,0.5666118421052633,0.6188322368421053,0.6077302631578947,0.6101973684210527,0.6171875,0.6348684210526315,0.6517269736842104,0.6480263157894737,0.6200657894736842,0.5941611842105263,0.6175986842105263,0.4268092105263157,0.6077302631578947,0.7129934210526315,0.6143092105263157,0.6023848684210527,0.5106907894736842,0.6492598684210527,0.6480263157894737,0.6134868421052632,0.7183388157894737,0.614720394736842,0.5633223684210527,0.3585526315789473,0.6282894736842106,0.4872532894736842
Kim$\mapsto$Riaz,0.5097560975609756,0.646341463414634,0.6682926829268292,0.6439024390243903,0.6292682926829268,0.7280487804878049,0.5804878048780487,0.6439024390243901,0.6560975609756098,0.6341463414634146,0.6463414634146342,0.374390243902439,0.6341463414634146,0.4878048780487805,0.6560975609756097,0.5658536585365853,0.6219512195121951,0.602439024390244,0.6524390243902439,0.4878048780487805,0.6121951219512195,0.6560975609756098,0.473170731707317,0.4853658536585366,0.6268292682926829,0.4951219512195122
Kim$\mapsto$Rose,0.639554794520548,0.589041095890411,0.5907534246575343,0.6335616438356164,0.6207191780821919,0.529109589041096,0.6352739726027398,0.6224315068493151,0.5993150684931507,0.5873287671232877,0.610445205479452,0.4148116438356164,0.6181506849315068,0.7559931506849316,0.5847602739726028,0.711472602739726,0.547945205479452,0.7414383561643836,0.6374143835616439,0.6207191780821918,0.7773972602739726,0.577054794520548,0.625,0.5068493150684932,0.6438356164383562,0.4691780821917808
Liu$\mapsto$Allen,0.5414201183431954,0.636094674556213,0.6745562130177516,0.6627218934911243,0.6715976331360947,0.7041420118343196,0.5355029585798817,0.6775147928994083,0.6094674556213018,0.6834319526627219,0.6863905325443788,0.7085798816568046,0.6331360946745562,0.7218934911242603,0.6272189349112427,0.636094674556213,0.6153846153846154,0.6834319526627219,0.6301775147928994,0.5295857988165681,0.7721893491124261,0.7662721893491125,0.4556213017751479,0.0,0.6686390532544378,0.6005917159763314
Liu$\mapsto$Freeman,0.4734848484848485,0.5018939393939394,0.4469696969696969,0.4659090909090908,0.4886363636363636,0.4886363636363636,0.5151515151515151,0.6439393939393939,0.4943181818181818,0.4924242424242424,0.4962121212121212,0.4564393939393939,0.5303030303030303,0.75,0.6553030303030304,0.5984848484848485,0.4318181818181818,0.6098484848484849,0.4507575757575758,0.4867424242424243,0.7348484848484849,0.5265151515151515,0.6515151515151515,0.5265151515151515,0.5227272727272727,0.375
Liu$\mapsto$Gide,0.4871212121212121,0.8204545454545454,0.7916666666666666,0.8151515151515151,0.812878787878788,0.6962121212121212,0.7386363636363638,0.8303030303030302,0.8242424242424241,0.8121212121212121,0.7977272727272726,0.5571969696969697,0.7848484848484848,0.7840909090909091,0.7825757575757576,0.6462121212121213,0.7318181818181818,0.5371212121212121,0.7647727272727273,0.7829545454545455,0.8166666666666667,0.7037878787878787,0.4303030303030303,0.3674242424242425,0.8265151515151514,0.6674242424242424
Liu$\mapsto$IMVigor210,0.4481457800511509,0.5876598465473145,0.5375319693094629,0.5712915601023018,0.5817774936061382,0.5164322250639386,0.3993606138107416,0.5652813299232736,0.5831202046035805,0.5714194373401534,0.5484654731457801,0.519693094629156,0.5406649616368286,0.6121483375959079,0.5233375959079284,0.5398976982097187,0.4890025575447571,0.5587595907928389,0.5416560102301791,0.5610613810741688,0.6072890025575447,0.484079283887468,0.6127237851662404,0.4929667519181586,0.6108695652173913,0.4175191815856778
Liu$\mapsto$IMmotion150,0.4186253561253562,0.6962250712250712,0.7118945868945868,0.6504629629629629,0.6887464387464387,0.6381766381766382,0.650997150997151,0.6850071225071225,0.6921296296296297,0.6948005698005699,0.6737891737891738,0.5716702279202279,0.6451210826210826,0.6655982905982906,0.6632834757834757,0.4627849002849002,0.5776353276353277,0.5794159544159544,0.6301638176638177,0.6194800569800569,0.6730769230769231,0.6239316239316239,0.5183404558404558,0.504985754985755,0.6696937321937322,0.4396367521367521
Liu$\mapsto$Kim,0.2828282828282827,0.7727272727272727,0.7196969696969696,0.8055555555555555,0.7676767676767676,0.6565656565656565,0.2297979797979797,0.8232323232323232,0.7424242424242424,0.7348484848484849,0.8055555555555555,0.4217171717171717,0.8232323232323231,0.5176767676767677,0.7196969696969697,0.5227272727272727,0.696969696969697,0.5656565656565656,0.7525252525252526,0.7904040404040403,0.6212121212121212,0.6363636363636364,0.7424242424242424,0.5328282828282829,0.8181818181818182,0.6641414141414141
Liu$\mapsto$Ravi-1,0.4333881578947368,0.6188322368421053,0.6077302631578947,0.6101973684210527,0.6171875,0.6348684210526315,0.4457236842105263,0.6480263157894737,0.5966282894736842,0.5941611842105263,0.6175986842105263,0.5731907894736843,0.6077302631578947,0.6398026315789473,0.6143092105263157,0.4247532894736842,0.5106907894736842,0.505345394736842,0.6480263157894737,0.6134868421052632,0.7220394736842105,0.6356907894736842,0.5633223684210527,0.3585526315789473,0.6282894736842106,0.4872532894736842
Liu$\mapsto$Riaz,0.4902439024390244,0.646341463414634,0.6682926829268292,0.6439024390243903,0.6292682926829268,0.7280487804878049,0.6121951219512195,0.6439024390243901,0.6341463414634146,0.6341463414634146,0.6463414634146342,0.625609756097561,0.6341463414634146,0.8317073170731708,0.6560975609756097,0.524390243902439,0.6219512195121951,0.5024390243902439,0.6524390243902439,0.4878048780487805,0.8048780487804877,0.7219512195121951,0.473170731707317,0.4853658536585366,0.6268292682926829,0.4951219512195122
Liu$\mapsto$Rose,0.3604452054794521,0.589041095890411,0.5907534246575343,0.6335616438356164,0.6207191780821919,0.529109589041096,0.5017123287671232,0.6224315068493151,0.5941780821917809,0.5873287671232877,0.610445205479452,0.5851883561643836,0.6181506849315068,0.6318493150684932,0.5847602739726028,0.4837328767123288,0.547945205479452,0.6772260273972602,0.6374143835616439,0.6207191780821918,0.615582191780822,0.5950342465753425,0.625,0.5068493150684932,0.6438356164383562,0.4691780821917808
Miao$\mapsto$Allen,0.5414201183431954,0.636094674556213,0.6745562130177516,0.3372781065088758,0.3284023668639053,0.7041420118343196,0.5710059171597632,0.3224852071005917,0.5828402366863905,0.3165680473372781,0.3136094674556213,0.2914201183431952,0.3668639053254438,0.5207100591715976,0.3727810650887573,0.470414201183432,0.6153846153846154,0.455621301775148,0.3698224852071006,0.4704142011834319,0.4319526627218935,0.2455621301775148,0.4556213017751479,0.0,0.3313609467455621,0.6005917159763314
Miao$\mapsto$Freeman,0.4734848484848485,0.5018939393939394,0.4469696969696969,0.5340909090909091,0.5113636363636364,0.4886363636363636,0.4242424242424242,0.3560606060606061,0.5018939393939394,0.5075757575757576,0.5037878787878788,0.5435606060606061,0.4696969696969697,0.4128787878787879,0.3446969696969696,0.4356060606060605,0.4318181818181818,0.625,0.5492424242424243,0.5132575757575757,0.4583333333333333,0.4204545454545454,0.6515151515151515,0.5265151515151515,0.4772727272727273,0.375
Miao$\mapsto$Gide,0.4871212121212121,0.8204545454545454,0.7916666666666666,0.1848484848484848,0.1871212121212121,0.6962121212121212,0.628030303030303,0.1696969696969696,0.6007575757575757,0.1878787878787879,0.2022727272727272,0.4428030303030302,0.2151515151515151,0.521969696969697,0.2174242424242424,0.334090909090909,0.7318181818181818,0.4416666666666666,0.2352272727272727,0.2170454545454545,0.4719696969696969,0.5409090909090909,0.4303030303030303,0.3674242424242425,0.1734848484848484,0.6674242424242424
Miao$\mapsto$IMVigor210,0.4481457800511509,0.5876598465473145,0.5375319693094629,0.4287084398976982,0.4182225063938619,0.5164322250639386,0.4206521739130435,0.4347186700767263,0.5384271099744244,0.4285805626598465,0.4515345268542199,0.480306905370844,0.4593350383631714,0.4102941176470588,0.4766624040920716,0.4099744245524297,0.4890025575447571,0.5140025575447571,0.4583439897698209,0.4389386189258312,0.4106138107416879,0.5570971867007672,0.6127237851662404,0.4929667519181586,0.3891304347826086,0.4175191815856778
Miao$\mapsto$IMmotion150,0.4186253561253562,0.6962250712250712,0.7118945868945868,0.349537037037037,0.3112535612535613,0.6381766381766382,0.4565527065527065,0.3149928774928775,0.4626068376068376,0.3051994301994301,0.3262108262108262,0.4283297720797722,0.3548789173789173,0.4102564102564103,0.3367165242165241,0.3976139601139601,0.5776353276353277,0.4001068376068376,0.3698361823361822,0.3805199430199429,0.3977920227920227,0.5090811965811967,0.5183404558404558,0.504985754985755,0.3303062678062678,0.4396367521367521
Miao$\mapsto$Kim,0.2828282828282827,0.7727272727272727,0.7196969696969696,0.1944444444444444,0.2323232323232323,0.6565656565656565,0.3762626262626263,0.1767676767676767,0.5202020202020201,0.2651515151515151,0.1944444444444444,0.5782828282828283,0.1767676767676767,0.3207070707070707,0.2803030303030303,0.2676767676767676,0.696969696969697,0.3055555555555555,0.2474747474747474,0.2095959595959595,0.4242424242424242,0.3409090909090909,0.7424242424242424,0.5328282828282829,0.1818181818181818,0.6641414141414141
Miao$\mapsto$Liu,0.5428677014042868,0.5218033998521803,0.5380635624538064,0.4408721359940872,0.4482631189948263,0.5332594235033259,0.5314116777531411,0.4645232815964523,0.507760532150776,0.4416112342941611,0.475240206947524,0.4138950480413895,0.4656319290465632,0.5535846267553585,0.4541759053954176,0.4623059866962306,0.5391722099039172,0.5129342202512934,0.5097930524759793,0.4733924611973392,0.5476718403547671,0.4748706577974871,0.4770879526977088,0.5439763488543976,0.4626755358462675,0.4951958610495195
Miao$\mapsto$Ravi-1,0.4333881578947368,0.6188322368421053,0.6077302631578947,0.3898026315789473,0.3828125,0.6348684210526315,0.4502467105263158,0.3519736842105262,0.5460526315789473,0.4058388157894737,0.3824013157894737,0.4268092105263157,0.3922697368421053,0.4860197368421053,0.3856907894736842,0.4449013157894737,0.5106907894736842,0.4395559210526315,0.3519736842105262,0.3865131578947369,0.4942434210526316,0.3935032894736842,0.5633223684210527,0.3585526315789473,0.3717105263157895,0.4872532894736842
Miao$\mapsto$Riaz,0.4902439024390244,0.646341463414634,0.6682926829268292,0.3560975609756098,0.3707317073170731,0.7280487804878049,0.6634146341463415,0.3560975609756097,0.4682926829268293,0.3658536585365853,0.3536585365853659,0.374390243902439,0.3658536585365853,0.6365853658536585,0.3439024390243902,0.4195121951219512,0.6219512195121951,0.524390243902439,0.3475609756097561,0.5121951219512195,0.673170731707317,0.3902439024390244,0.473170731707317,0.4853658536585366,0.373170731707317,0.4951219512195122
Miao$\mapsto$Rose,0.3604452054794521,0.589041095890411,0.5907534246575343,0.3664383561643836,0.3792808219178082,0.529109589041096,0.533390410958904,0.3775684931506849,0.4863013698630137,0.4126712328767123,0.389554794520548,0.4148116438356164,0.3818493150684932,0.5214041095890412,0.4152397260273972,0.3253424657534247,0.547945205479452,0.5684931506849316,0.3625856164383562,0.3792808219178082,0.5410958904109588,0.425513698630137,0.625,0.5068493150684932,0.3561643835616438,0.4691780821917808
Ravi-1$\mapsto$Allen,0.4585798816568047,0.636094674556213,0.6745562130177516,0.6627218934911243,0.6715976331360947,0.7041420118343196,0.6301775147928994,0.6775147928994083,0.6301775147928994,0.6834319526627219,0.6863905325443788,0.7085798816568046,0.6331360946745562,0.7988165680473372,0.6272189349112427,0.5562130177514792,0.3846153846153846,0.4260355029585799,0.6301775147928994,0.5295857988165681,0.6538461538461539,0.7662721893491125,0.4556213017751479,1.0,0.6686390532544378,0.3994082840236686
Ravi-1$\mapsto$Freeman,0.5265151515151516,0.5018939393939394,0.4469696969696969,0.4659090909090908,0.4886363636363636,0.4886363636363636,0.6136363636363636,0.6439393939393939,0.5132575757575758,0.4924242424242424,0.4962121212121212,0.4564393939393939,0.5303030303030303,0.6401515151515151,0.6553030303030304,0.606060606060606,0.5681818181818181,0.6287878787878788,0.4507575757575758,0.4867424242424243,0.696969696969697,0.553030303030303,0.6515151515151515,0.4734848484848484,0.5227272727272727,0.625
Ravi-1$\mapsto$Gide,0.5128787878787879,0.8204545454545454,0.7916666666666666,0.8151515151515151,0.812878787878788,0.6962121212121212,0.7515151515151516,0.8303030303030302,0.8075757575757577,0.8121212121212121,0.7977272727272726,0.5571969696969697,0.7848484848484848,0.7893939393939394,0.7825757575757576,0.5742424242424242,0.2681818181818182,0.6825757575757576,0.7647727272727273,0.7829545454545455,0.7098484848484848,0.6924242424242424,0.4303030303030303,0.6325757575757576,0.8265151515151514,0.3325757575757575
Ravi-1$\mapsto$IMVigor210,0.5518542199488491,0.5876598465473145,0.5375319693094629,0.5712915601023018,0.5817774936061382,0.5164322250639386,0.5123401534526855,0.5652813299232736,0.5794117647058824,0.5714194373401534,0.5484654731457801,0.519693094629156,0.5406649616368286,0.6638746803069054,0.5233375959079284,0.5784526854219949,0.510997442455243,0.6037084398976983,0.5416560102301791,0.5610613810741688,0.6414961636828643,0.4814578005115089,0.6127237851662404,0.5070332480818415,0.6108695652173913,0.5824808184143222
Ravi-1$\mapsto$IMmotion150,0.5813746438746439,0.6962250712250712,0.7118945868945868,0.6504629629629629,0.6887464387464387,0.6381766381766382,0.6508190883190884,0.6850071225071225,0.6972934472934473,0.6948005698005699,0.6737891737891738,0.5716702279202279,0.6451210826210826,0.7254273504273504,0.6632834757834757,0.5623219373219372,0.4223646723646724,0.698005698005698,0.6301638176638177,0.6194800569800569,0.660968660968661,0.6187678062678064,0.5183404558404558,0.495014245014245,0.6696937321937322,0.5603632478632479
Ravi-1$\mapsto$Kim,0.7171717171717171,0.7727272727272727,0.7196969696969696,0.8055555555555555,0.7676767676767676,0.6565656565656565,0.7929292929292928,0.8232323232323232,0.7904040404040404,0.7348484848484849,0.8055555555555555,0.4217171717171717,0.8232323232323231,0.9494949494949496,0.7196969696969697,0.4469696969696969,0.303030303030303,0.7550505050505051,0.7525252525252526,0.7904040404040403,0.861111111111111,0.638888888888889,0.7424242424242424,0.4671717171717172,0.8181818181818182,0.3358585858585858
Ravi-1$\mapsto$Liu,0.4571322985957132,0.5218033998521803,0.5380635624538064,0.5591278640059129,0.5517368810051737,0.5332594235033259,0.500369549150037,0.5354767184035477,0.5273466371027347,0.558388765705839,0.524759793052476,0.5861049519586106,0.5343680709534369,0.6496674057649667,0.5458240946045825,0.4892830746489283,0.4608277900960828,0.467110125646711,0.4902069475240207,0.5266075388026608,0.6082779009608278,0.565779748706578,0.4770879526977088,0.4560236511456024,0.5373244641537325,0.5048041389504804
Ravi-1$\mapsto$Riaz,0.5097560975609756,0.646341463414634,0.6682926829268292,0.6439024390243903,0.6292682926829268,0.7280487804878049,0.6414634146341464,0.6439024390243901,0.6560975609756097,0.6341463414634146,0.6463414634146342,0.625609756097561,0.6341463414634146,0.6682926829268292,0.6560975609756097,0.4658536585365853,0.3780487804878049,0.524390243902439,0.6524390243902439,0.4878048780487805,0.6634146341463415,0.7170731707317073,0.473170731707317,0.5146341463414634,0.6268292682926829,0.5048780487804878
Ravi-1$\mapsto$Rose,0.639554794520548,0.589041095890411,0.5907534246575343,0.6335616438356164,0.6207191780821919,0.529109589041096,0.5796232876712328,0.6224315068493151,0.6027397260273972,0.5873287671232877,0.610445205479452,0.5851883561643836,0.6181506849315068,0.6626712328767124,0.5847602739726028,0.5830479452054794,0.4520547945205479,0.6498287671232877,0.6374143835616439,0.6207191780821918,0.6147260273972603,0.5958904109589042,0.625,0.4931506849315068,0.6438356164383562,0.5308219178082192
Ravi-2$\mapsto$Allen,0.4585798816568047,0.363905325443787,0.3254437869822485,0.3372781065088758,0.3284023668639053,0.2958579881656805,0.4349112426035503,0.3224852071005917,0.3698224852071006,0.3165680473372781,0.3136094674556213,0.7085798816568046,0.3668639053254438,0.5355029585798816,0.3727810650887573,0.5857988165680474,0.3846153846153846,0.4585798816568047,0.3698224852071006,0.5295857988165681,0.4585798816568047,0.3165680473372781,0.4556213017751479,1.0,0.3313609467455621,0.3994082840236686
Ravi-2$\mapsto$Freeman,0.5265151515151516,0.4981060606060605,0.553030303030303,0.5340909090909091,0.5113636363636364,0.5113636363636364,0.4696969696969697,0.3560606060606061,0.4678030303030303,0.5075757575757576,0.5037878787878788,0.4564393939393939,0.4696969696969697,0.5568181818181818,0.3446969696969696,0.356060606060606,0.5681818181818181,0.2954545454545454,0.5492424242424243,0.4867424242424243,0.5037878787878788,0.4469696969696969,0.6515151515151515,0.4734848484848484,0.4772727272727273,0.625
Ravi-2$\mapsto$Gide,0.5128787878787879,0.1795454545454545,0.2083333333333333,0.1848484848484848,0.1871212121212121,0.3037878787878788,0.3249999999999999,0.1696969696969696,0.231060606060606,0.1878787878787879,0.2022727272727272,0.5571969696969697,0.2151515151515151,0.5643939393939394,0.2174242424242424,0.6083333333333334,0.2681818181818182,0.4522727272727272,0.2352272727272727,0.7829545454545455,0.4022727272727273,0.6022727272727273,0.4303030303030303,0.6325757575757576,0.1734848484848484,0.3325757575757575
Ravi-2$\mapsto$IMVigor210,0.5518542199488491,0.4123401534526854,0.4624680306905371,0.4287084398976982,0.4182225063938619,0.4835677749360614,0.5664961636828645,0.4347186700767263,0.4379156010230179,0.4285805626598465,0.4515345268542199,0.519693094629156,0.4593350383631714,0.6392583120204604,0.4766624040920716,0.5176470588235295,0.510997442455243,0.5508951406649616,0.4583439897698209,0.5610613810741688,0.5674552429667519,0.5677109974424552,0.6127237851662404,0.5070332480818415,0.3891304347826086,0.5824808184143222
Ravi-2$\mapsto$IMmotion150,0.5813746438746439,0.3037749287749288,0.2881054131054131,0.349537037037037,0.3112535612535613,0.3618233618233618,0.4836182336182336,0.3149928774928775,0.3329772079772079,0.3051994301994301,0.3262108262108262,0.5716702279202279,0.3548789173789173,0.6590099715099715,0.3367165242165241,0.5671296296296297,0.4223646723646724,0.4074074074074074,0.3698361823361822,0.6194800569800569,0.5316951566951567,0.5537749287749288,0.5183404558404558,0.495014245014245,0.3303062678062678,0.5603632478632479
Ravi-2$\mapsto$Kim,0.7171717171717171,0.2272727272727272,0.2803030303030303,0.1944444444444444,0.2323232323232323,0.3434343434343434,0.5151515151515151,0.1767676767676767,0.255050505050505,0.2651515151515151,0.1944444444444444,0.4217171717171717,0.1767676767676767,0.7196969696969697,0.2803030303030303,0.5227272727272727,0.303030303030303,0.3863636363636363,0.2474747474747474,0.7904040404040403,0.6338383838383839,0.3636363636363636,0.7424242424242424,0.4671717171717172,0.1818181818181818,0.3358585858585858
Ravi-2$\mapsto$Liu,0.4571322985957132,0.4781966001478197,0.4619364375461937,0.4408721359940872,0.4482631189948263,0.4667405764966741,0.4656319290465632,0.4645232815964523,0.4719142645971915,0.4416112342941611,0.475240206947524,0.5861049519586106,0.4656319290465632,0.5280857354028086,0.4541759053954176,0.5288248337028825,0.4608277900960828,0.4937176644493718,0.5097930524759793,0.5266075388026608,0.5044345898004434,0.4985218033998522,0.4770879526977088,0.4560236511456024,0.4626755358462675,0.5048041389504804
Ravi-2$\mapsto$Ravi-1,0.5666118421052633,0.3811677631578947,0.3922697368421052,0.3898026315789473,0.3828125,0.3651315789473684,0.4407894736842105,0.3519736842105262,0.390625,0.4058388157894737,0.3824013157894737,0.5731907894736843,0.3922697368421053,0.591282894736842,0.3856907894736842,0.5032894736842105,0.4893092105263158,0.4272203947368421,0.3519736842105262,0.6134868421052632,0.5513980263157894,0.4115953947368421,0.5633223684210527,0.6414473684210527,0.3717105263157895,0.5127467105263157
Ravi-2$\mapsto$Riaz,0.5097560975609756,0.3536585365853658,0.3317073170731707,0.3560975609756098,0.3707317073170731,0.2719512195121951,0.4170731707317073,0.3560975609756097,0.3707317073170731,0.3658536585365853,0.3536585365853659,0.625609756097561,0.3658536585365853,0.5341463414634147,0.3439024390243902,0.4439024390243902,0.3780487804878049,0.5414634146341464,0.3475609756097561,0.4878048780487805,0.5,0.4365853658536586,0.473170731707317,0.5146341463414634,0.373170731707317,0.5048780487804878
Ravi-2$\mapsto$Rose,0.639554794520548,0.410958904109589,0.4092465753424657,0.3664383561643836,0.3792808219178082,0.470890410958904,0.517123287671233,0.3775684931506849,0.4272260273972602,0.4126712328767123,0.389554794520548,0.5851883561643836,0.3818493150684932,0.5941780821917808,0.4152397260273972,0.5059931506849316,0.4520547945205479,0.5625,0.3625856164383562,0.6207191780821918,0.5539383561643836,0.4554794520547945,0.625,0.4931506849315068,0.3561643835616438,0.5308219178082192
Riaz$\mapsto$Allen,0.4585798816568047,0.636094674556213,0.6745562130177516,0.6627218934911243,0.6715976331360947,0.7041420118343196,0.5562130177514794,0.6775147928994083,0.6331360946745562,0.6834319526627219,0.6863905325443788,0.7085798816568046,0.6331360946745562,0.591715976331361,0.6272189349112427,0.5680473372781065,0.6153846153846154,0.5325443786982249,0.6301775147928994,0.5295857988165681,0.6390532544378698,0.7218934911242604,0.5443786982248521,1.0,0.6686390532544378,0.6005917159763314
Riaz$\mapsto$Freeman,0.5265151515151516,0.5018939393939394,0.4469696969696969,0.4659090909090908,0.4886363636363636,0.4886363636363636,0.4696969696969697,0.6439393939393939,0.4981060606060606,0.4924242424242424,0.4962121212121212,0.4564393939393939,0.5303030303030303,0.6893939393939393,0.6553030303030304,0.6931818181818181,0.4318181818181818,0.5795454545454546,0.4507575757575758,0.4867424242424243,0.5492424242424242,0.5492424242424242,0.3484848484848485,0.4734848484848484,0.5227272727272727,0.375
Riaz$\mapsto$Gide,0.5128787878787879,0.8204545454545454,0.7916666666666666,0.8151515151515151,0.812878787878788,0.6962121212121212,0.7507575757575757,0.8303030303030302,0.8212121212121212,0.8121212121212121,0.7977272727272726,0.5571969696969697,0.7848484848484848,0.793939393939394,0.7825757575757576,0.6484848484848484,0.7318181818181818,0.6053030303030305,0.7647727272727273,0.7829545454545455,0.7924242424242424,0.7356060606060606,0.5696969696969697,0.6325757575757576,0.8265151515151514,0.6674242424242424
Riaz$\mapsto$IMVigor210,0.5518542199488491,0.5876598465473145,0.5375319693094629,0.5712915601023018,0.5817774936061382,0.5164322250639386,0.4394501278772378,0.5652813299232736,0.5875959079283888,0.5714194373401534,0.5484654731457801,0.519693094629156,0.5406649616368286,0.6188618925831203,0.5233375959079284,0.492071611253197,0.4890025575447571,0.5301790281329923,0.5416560102301791,0.5610613810741688,0.6585677749360614,0.5072250639386189,0.3872762148337595,0.5070332480818415,0.6108695652173913,0.4175191815856778
Riaz$\mapsto$IMmotion150,0.5813746438746439,0.6962250712250712,0.7118945868945868,0.6504629629629629,0.6887464387464387,0.6381766381766382,0.6864316239316239,0.6850071225071225,0.6956908831908832,0.6948005698005699,0.6737891737891738,0.5716702279202279,0.6451210826210826,0.5391737891737891,0.6632834757834757,0.5820868945868946,0.5776353276353277,0.5771011396011396,0.6301638176638177,0.6194800569800569,0.6253561253561254,0.6438746438746439,0.4816595441595441,0.495014245014245,0.6696937321937322,0.4396367521367521
Riaz$\mapsto$Kim,0.7171717171717171,0.7727272727272727,0.7196969696969696,0.8055555555555555,0.7676767676767676,0.6565656565656565,0.1843434343434343,0.8232323232323232,0.7651515151515151,0.7348484848484849,0.8055555555555555,0.4217171717171717,0.8232323232323231,0.6994949494949494,0.7196969696969697,0.7348484848484849,0.696969696969697,0.5808080808080808,0.7525252525252526,0.7904040404040403,0.6515151515151515,0.5833333333333333,0.2575757575757575,0.4671717171717172,0.8181818181818182,0.6641414141414141
Riaz$\mapsto$Liu,0.4571322985957132,0.5218033998521803,0.5380635624538064,0.5591278640059129,0.5517368810051737,0.5332594235033259,0.5683665927568367,0.5354767184035477,0.5199556541019956,0.558388765705839,0.524759793052476,0.5861049519586106,0.5343680709534369,0.681079083518108,0.5458240946045825,0.606430155210643,0.5391722099039172,0.5805617147080562,0.4902069475240207,0.5266075388026608,0.663710273466371,0.557280118255728,0.5229120473022911,0.4560236511456024,0.5373244641537325,0.4951958610495195
Riaz$\mapsto$Ravi-1,0.5666118421052633,0.6188322368421053,0.6077302631578947,0.6101973684210527,0.6171875,0.6348684210526315,0.4486019736842105,0.6480263157894737,0.6143092105263158,0.5941611842105263,0.6175986842105263,0.5731907894736843,0.6077302631578947,0.5509868421052632,0.6143092105263157,0.5201480263157894,0.5106907894736842,0.6089638157894737,0.6480263157894737,0.6134868421052632,0.5641447368421052,0.6229440789473684,0.4366776315789474,0.6414473684210527,0.6282894736842106,0.4872532894736842
Riaz$\mapsto$Rose,0.639554794520548,0.589041095890411,0.5907534246575343,0.6335616438356164,0.6207191780821919,0.529109589041096,0.4563356164383562,0.6224315068493151,0.5933219178082192,0.5873287671232877,0.610445205479452,0.5851883561643836,0.6181506849315068,0.5898972602739726,0.5847602739726028,0.6532534246575342,0.547945205479452,0.5068493150684932,0.6374143835616439,0.6207191780821918,0.6001712328767124,0.5941780821917808,0.375,0.4931506849315068,0.6438356164383562,0.4691780821917808
Rose$\mapsto$Allen,0.4585798816568047,0.636094674556213,0.6745562130177516,0.6627218934911243,0.6715976331360947,0.7041420118343196,0.5443786982248521,0.6775147928994083,0.6390532544378699,0.6834319526627219,0.6863905325443788,0.7085798816568046,0.6331360946745562,0.6863905325443787,0.6272189349112427,0.6242603550295858,0.6153846153846154,0.5621301775147929,0.6301775147928994,0.5295857988165681,0.8254437869822485,0.7662721893491125,0.4556213017751479,1.0,0.6686390532544378,0.3994082840236686
Rose$\mapsto$Freeman,0.5265151515151516,0.5018939393939394,0.4469696969696969,0.4659090909090908,0.4886363636363636,0.4886363636363636,0.6477272727272727,0.6439393939393939,0.5056818181818182,0.4924242424242424,0.4962121212121212,0.4564393939393939,0.5303030303030303,0.5378787878787878,0.6553030303030304,0.6325757575757576,0.4318181818181818,0.7765151515151515,0.4507575757575758,0.4867424242424243,0.6174242424242424,0.5568181818181818,0.6515151515151515,0.4734848484848484,0.5227272727272727,0.625
Rose$\mapsto$Gide,0.5128787878787879,0.8204545454545454,0.7916666666666666,0.8151515151515151,0.812878787878788,0.6962121212121212,0.693939393939394,0.8303030303030302,0.8166666666666668,0.8121212121212121,0.7977272727272726,0.5571969696969697,0.7848484848484848,0.6393939393939394,0.7825757575757576,0.6924242424242424,0.7318181818181818,0.6871212121212121,0.7647727272727273,0.7829545454545455,0.746969696969697,0.6886363636363636,0.4303030303030303,0.6325757575757576,0.8265151515151514,0.3325757575757575
Rose$\mapsto$IMVigor210,0.5518542199488491,0.5876598465473145,0.5375319693094629,0.5712915601023018,0.5817774936061382,0.5164322250639386,0.4811381074168798,0.5652813299232736,0.584846547314578,0.5714194373401534,0.5484654731457801,0.519693094629156,0.5406649616368286,0.5770460358056266,0.5233375959079284,0.6014705882352941,0.4890025575447571,0.702237851662404,0.5416560102301791,0.5610613810741688,0.6903452685421995,0.4805626598465473,0.6127237851662404,0.5070332480818415,0.6108695652173913,0.5824808184143222
Rose$\mapsto$IMmotion150,0.5813746438746439,0.6962250712250712,0.7118945868945868,0.6504629629629629,0.6887464387464387,0.6381766381766382,0.6344373219373219,0.6850071225071225,0.6955128205128206,0.6948005698005699,0.6737891737891738,0.5716702279202279,0.6451210826210826,0.4950142450142449,0.6632834757834757,0.6209045584045584,0.5776353276353277,0.6105769230769231,0.6301638176638177,0.6194800569800569,0.5657051282051282,0.6143162393162394,0.5183404558404558,0.495014245014245,0.6696937321937322,0.5603632478632479
Rose$\mapsto$Kim,0.7171717171717171,0.7727272727272727,0.7196969696969696,0.8055555555555555,0.7676767676767676,0.6565656565656565,0.7398989898989898,0.8232323232323232,0.7752525252525253,0.7348484848484849,0.8055555555555555,0.4217171717171717,0.8232323232323231,0.6868686868686869,0.7196969696969697,0.8106060606060606,0.696969696969697,0.6666666666666666,0.7525252525252526,0.7904040404040403,0.7954545454545455,0.6363636363636364,0.7424242424242424,0.4671717171717172,0.8181818181818182,0.3358585858585858
Rose$\mapsto$Liu,0.4571322985957132,0.5218033998521803,0.5380635624538064,0.5591278640059129,0.5517368810051737,0.5332594235033259,0.4944567627494457,0.5354767184035477,0.5269770879526977,0.558388765705839,0.524759793052476,0.5861049519586106,0.5343680709534369,0.5528455284552846,0.5458240946045825,0.5358462675535847,0.5391722099039172,0.5561714708056171,0.4902069475240207,0.5266075388026608,0.5827790096082779,0.5624538063562454,0.4770879526977088,0.4560236511456024,0.5373244641537325,0.5048041389504804
Rose$\mapsto$Ravi-1,0.5666118421052633,0.6188322368421053,0.6077302631578947,0.6101973684210527,0.6171875,0.6348684210526315,0.6529605263157895,0.6480263157894737,0.6221217105263157,0.5941611842105263,0.6175986842105263,0.5731907894736843,0.6077302631578947,0.6352796052631579,0.6143092105263157,0.6212993421052632,0.5106907894736842,0.5875822368421053,0.6480263157894737,0.6134868421052632,0.6661184210526315,0.6373355263157895,0.5633223684210527,0.6414473684210527,0.6282894736842106,0.5127467105263157
Rose$\mapsto$Riaz,0.5097560975609756,0.646341463414634,0.6682926829268292,0.6439024390243903,0.6292682926829268,0.7280487804878049,0.4512195121951219,0.6439024390243901,0.6536585365853659,0.6341463414634146,0.6463414634146342,0.625609756097561,0.6341463414634146,0.5609756097560975,0.6560975609756097,0.526829268292683,0.6219512195121951,0.5902439024390245,0.6524390243902439,0.4878048780487805,0.5804878048780487,0.7097560975609756,0.473170731707317,0.5146341463414634,0.6268292682926829,0.5048780487804878
Snyder$\mapsto$Allen,0.4585798816568047,0.636094674556213,0.6745562130177516,0.6627218934911243,0.6715976331360947,0.2958579881656805,0.6183431952662722,0.3224852071005917,0.591715976331361,0.6834319526627219,0.6863905325443788,0.7085798816568046,0.6331360946745562,0.5532544378698224,0.3727810650887573,0.5650887573964497,0.6153846153846154,0.4763313609467455,0.6301775147928994,0.5295857988165681,0.5414201183431953,0.4526627218934911,0.5443786982248521,0.0,0.6686390532544378,0.6005917159763314
Snyder$\mapsto$Freeman,0.5265151515151516,0.5018939393939394,0.4469696969696969,0.4659090909090908,0.4886363636363636,0.5113636363636364,0.5,0.3560606060606061,0.6003787878787878,0.4924242424242424,0.4962121212121212,0.4564393939393939,0.5303030303030303,0.4166666666666666,0.3446969696969696,0.5643939393939394,0.4318181818181818,0.4318181818181817,0.4507575757575758,0.4867424242424243,0.4053030303030303,0.4924242424242424,0.3484848484848485,0.5265151515151515,0.5227272727272727,0.375
Snyder$\mapsto$Gide,0.5128787878787879,0.8204545454545454,0.7916666666666666,0.8151515151515151,0.812878787878788,0.3037878787878788,0.6931818181818181,0.1696969696969696,0.8227272727272726,0.8121212121212121,0.7977272727272726,0.5571969696969697,0.7848484848484848,0.5666666666666667,0.2174242424242424,0.5007575757575758,0.7318181818181818,0.4439393939393939,0.7647727272727273,0.7829545454545455,0.5795454545454546,0.671969696969697,0.5696969696969697,0.3674242424242425,0.8265151515151514,0.6674242424242424
Snyder$\mapsto$IMVigor210,0.5518542199488491,0.5876598465473145,0.5375319693094629,0.5712915601023018,0.5817774936061382,0.4835677749360614,0.515153452685422,0.4347186700767263,0.5722506393861893,0.5714194373401534,0.5484654731457801,0.519693094629156,0.5406649616368286,0.5078005115089514,0.4766624040920716,0.55153452685422,0.4890025575447571,0.5349744245524297,0.5416560102301791,0.5610613810741688,0.4652813299232736,0.557608695652174,0.3872762148337595,0.4929667519181586,0.6108695652173913,0.4175191815856778
Snyder$\mapsto$IMmotion150,0.5813746438746439,0.6962250712250712,0.7118945868945868,0.6504629629629629,0.6887464387464387,0.3618233618233618,0.5922364672364673,0.3149928774928775,0.6785968660968661,0.6948005698005699,0.6737891737891738,0.5716702279202279,0.6451210826210826,0.50997150997151,0.3367165242165241,0.5049857549857549,0.5776353276353277,0.4722222222222221,0.6301638176638177,0.6194800569800569,0.516559829059829,0.608974358974359,0.4816595441595441,0.504985754985755,0.6696937321937322,0.4396367521367521
Snyder$\mapsto$Kim,0.7171717171717171,0.7727272727272727,0.7196969696969696,0.8055555555555555,0.7676767676767676,0.3434343434343434,0.5934343434343434,0.1767676767676767,0.7095959595959596,0.7348484848484849,0.8055555555555555,0.4217171717171717,0.8232323232323231,0.4823232323232322,0.2803030303030303,0.4772727272727272,0.696969696969697,0.4924242424242424,0.7525252525252526,0.7904040404040403,0.4898989898989899,0.4393939393939394,0.2575757575757575,0.5328282828282829,0.8181818181818182,0.6641414141414141
Snyder$\mapsto$Liu,0.4571322985957132,0.5218033998521803,0.5380635624538064,0.5591278640059129,0.5517368810051737,0.4667405764966741,0.4866962305986696,0.4645232815964523,0.5,0.558388765705839,0.524759793052476,0.5861049519586106,0.5343680709534369,0.5081300813008129,0.4541759053954176,0.4948263118994827,0.5391722099039172,0.4416112342941611,0.4902069475240207,0.5266075388026608,0.516629711751663,0.5284552845528455,0.5229120473022911,0.5439763488543976,0.5373244641537325,0.4951958610495195
Snyder$\mapsto$Ravi-1,0.5666118421052633,0.6188322368421053,0.6077302631578947,0.6101973684210527,0.6171875,0.3651315789473684,0.578125,0.3519736842105262,0.5764802631578947,0.5941611842105263,0.6175986842105263,0.5731907894736843,0.6077302631578947,0.5760690789473685,0.3856907894736842,0.5365953947368421,0.5106907894736842,0.4259868421052631,0.6480263157894737,0.6134868421052632,0.5427631578947367,0.4872532894736841,0.4366776315789474,0.3585526315789473,0.6282894736842106,0.4872532894736842
Snyder$\mapsto$Riaz,0.5097560975609756,0.646341463414634,0.6682926829268292,0.6439024390243903,0.6292682926829268,0.2719512195121951,0.5975609756097562,0.3560975609756097,0.6268292682926829,0.6341463414634146,0.6463414634146342,0.625609756097561,0.6341463414634146,0.4902439024390244,0.3439024390243902,0.5048780487804878,0.6219512195121951,0.4926829268292683,0.6524390243902439,0.4878048780487805,0.5292682926829269,0.6146341463414634,0.526829268292683,0.4853658536585366,0.6268292682926829,0.4951219512195122
Snyder$\mapsto$Rose,0.639554794520548,0.589041095890411,0.5907534246575343,0.6335616438356164,0.6207191780821919,0.470890410958904,0.5933219178082192,0.3775684931506849,0.5702054794520548,0.5873287671232877,0.610445205479452,0.5851883561643836,0.6181506849315068,0.5873287671232876,0.4152397260273972,0.5222602739726028,0.547945205479452,0.6977739726027398,0.6374143835616439,0.6207191780821918,0.5462328767123288,0.4811643835616438,0.375,0.5068493150684932,0.6438356164383562,0.4691780821917808
Zhao$\mapsto$Allen,0.5414201183431954,0.363905325443787,0.6745562130177516,0.3372781065088758,0.6715976331360947,0.7041420118343196,0.3905325443786982,0.6775147928994083,0.393491124260355,0.6834319526627219,0.6863905325443788,0.7085798816568046,0.3668639053254438,0.5177514792899408,0.6272189349112427,0.6390532544378699,0.3846153846153846,0.6005917159763313,0.6301775147928994,0.5295857988165681,0.6124260355029586,0.7514792899408285,0.4556213017751479,1.0,0.6686390532544378,0.3994082840236686
Zhao$\mapsto$Freeman,0.4734848484848485,0.4981060606060605,0.4469696969696969,0.5340909090909091,0.4886363636363636,0.4886363636363636,0.5757575757575758,0.6439393939393939,0.4905303030303031,0.4924242424242424,0.4962121212121212,0.4564393939393939,0.4696969696969697,0.3371212121212121,0.6553030303030304,0.4848484848484848,0.5681818181818181,0.5909090909090908,0.4507575757575758,0.4867424242424243,0.4393939393939394,0.625,0.6515151515151515,0.4734848484848484,0.5227272727272727,0.625
Zhao$\mapsto$Gide,0.4871212121212121,0.1795454545454545,0.7916666666666666,0.1848484848484848,0.812878787878788,0.6962121212121212,0.3818181818181818,0.8303030303030302,0.2613636363636363,0.8121212121212121,0.7977272727272726,0.5571969696969697,0.2151515151515151,0.4386363636363636,0.7825757575757576,0.6636363636363636,0.2681818181818182,0.4537878787878788,0.7647727272727273,0.7829545454545455,0.5424242424242425,0.5969696969696969,0.4303030303030303,0.6325757575757576,0.8265151515151514,0.3325757575757575
Zhao$\mapsto$IMVigor210,0.4481457800511509,0.4123401534526854,0.5375319693094629,0.4287084398976982,0.5817774936061382,0.5164322250639386,0.4092071611253197,0.5652813299232736,0.4418797953964195,0.5714194373401534,0.5484654731457801,0.519693094629156,0.4593350383631714,0.5404092071611253,0.5233375959079284,0.5667519181585677,0.510997442455243,0.4732097186700766,0.5416560102301791,0.5610613810741688,0.6088235294117648,0.4644501278772379,0.6127237851662404,0.5070332480818415,0.6108695652173913,0.5824808184143222
Zhao$\mapsto$IMmotion150,0.4186253561253562,0.3037749287749288,0.7118945868945868,0.349537037037037,0.6887464387464387,0.6381766381766382,0.5252849002849003,0.6850071225071225,0.3801638176638177,0.6948005698005699,0.6737891737891738,0.5716702279202279,0.3548789173789173,0.5728276353276354,0.6632834757834757,0.5478988603988604,0.4223646723646724,0.5181623931623931,0.6301638176638177,0.6194800569800569,0.6408475783475783,0.5731837606837606,0.5183404558404558,0.495014245014245,0.6696937321937322,0.5603632478632479
Zhao$\mapsto$Kim,0.2828282828282827,0.2272727272727272,0.7196969696969696,0.1944444444444444,0.7676767676767676,0.6565656565656565,0.3484848484848484,0.8232323232323232,0.3333333333333332,0.7348484848484849,0.8055555555555555,0.4217171717171717,0.1767676767676767,0.5353535353535354,0.7196969696969697,0.6489898989898989,0.303030303030303,0.7045454545454546,0.7525252525252526,0.7904040404040403,0.6439393939393939,0.6717171717171717,0.7424242424242424,0.4671717171717172,0.8181818181818182,0.3358585858585858
Zhao$\mapsto$Liu,0.5428677014042868,0.4781966001478197,0.5380635624538064,0.4408721359940872,0.5517368810051737,0.5332594235033259,0.4283074648928307,0.5354767184035477,0.4730229120473022,0.558388765705839,0.524759793052476,0.5861049519586106,0.4656319290465632,0.5081300813008129,0.5458240946045825,0.6038433111603844,0.4608277900960828,0.565040650406504,0.4902069475240207,0.5266075388026608,0.5040650406504065,0.5624538063562454,0.4770879526977088,0.4560236511456024,0.5373244641537325,0.5048041389504804
Zhao$\mapsto$Ravi-1,0.4333881578947368,0.3811677631578947,0.6077302631578947,0.3898026315789473,0.6171875,0.6348684210526315,0.4703947368421052,0.6480263157894737,0.4058388157894737,0.5941611842105263,0.6175986842105263,0.5731907894736843,0.3922697368421053,0.5546875,0.6143092105263157,0.4457236842105262,0.4893092105263158,0.4790296052631578,0.6480263157894737,0.6134868421052632,0.5970394736842106,0.635279605263158,0.5633223684210527,0.6414473684210527,0.6282894736842106,0.5127467105263157
Zhao$\mapsto$Riaz,0.4902439024390244,0.3536585365853658,0.6682926829268292,0.3560975609756098,0.6292682926829268,0.7280487804878049,0.2878048780487805,0.6439024390243901,0.4341463414634146,0.6341463414634146,0.6463414634146342,0.625609756097561,0.3658536585365853,0.4658536585365853,0.6560975609756097,0.4317073170731708,0.3780487804878049,0.6487804878048781,0.6524390243902439,0.4878048780487805,0.473170731707317,0.7,0.473170731707317,0.5146341463414634,0.6268292682926829,0.5048780487804878
Zhao$\mapsto$Rose,0.3604452054794521,0.410958904109589,0.5907534246575343,0.3664383561643836,0.6207191780821919,0.529109589041096,0.3852739726027397,0.6224315068493151,0.4580479452054795,0.5873287671232877,0.610445205479452,0.5851883561643836,0.3818493150684932,0.5539383561643836,0.5847602739726028,0.4914383561643836,0.4520547945205479,0.6207191780821918,0.6374143835616439,0.6207191780821918,0.5607876712328768,0.5873287671232876,0.625,0.4931506849315068,0.6438356164383562,0.5308219178082192
