	train_cohort	test_cohort	ROC	PRC	F1	ACC	MCC	mode	best_C
0	Allen	Allen	0.6153846153846154	0.38915635333998405	0.45161290322580644	0.5641025641025641	0.1091089451179962	NRS	0.1
1	Allen	Choueiri	0.7692307692307692	0.5388888888888889	0.5	0.625	0.4236592728681617	NRS	0.1
2	Allen	Gide	0.7318181818181818	0.7501611336151341	0.717948717948718	0.6986301369863014	0.39547451389050753	NRS	0.1
3	Allen	Hugo	0.34523809523809523	0.48929295042975984	0.32	0.34615384615384615	-0.3003124875651863	NRS	0.1
4	Allen	IMVigor210	0.4890025575447571	0.22734675085596778	0.2767857142857143	0.4563758389261745	-0.07360303478151538	NRS	0.1
5	Allen	IMmotion150	0.5776353276353277	0.3509015016135071	0.376068376068376	0.5575757575757576	0.05213788484675821	NRS	0.1
6	Allen	Kim	0.696969696969697	0.4436600344189059	0.5161290322580646	0.6666666666666666	0.2984440079997103	NRS	0.1
7	Allen	Liu	0.5391722099039172	0.43966799379368876	0.48275862068965514	0.5794392523364486	0.1310084994793835	NRS	0.1
8	Allen	MGH	0.4318181818181818	0.32551473366104444	0.35714285714285715	0.47058823529411764	-0.07978559231302818	NRS	0.1
9	Allen	Miao	0.55	0.30225274725274726	0.5	0.6470588235294118	0.24688535993934707	NRS	0.1
10	Allen	Riaz	0.6219512195121951	0.4195485090295511	0.33333333333333337	0.5294117647058824	0.08910646708599686	NRS	0.1
11	Allen	Rose	0.547945205479452	0.20921867571222208	0.3225806451612903	0.5280898876404494	0.10131789443795562	NRS	0.1
12	Allen	SU2CLC1	0.5106907894736842	0.4134455887907141	0.42222222222222217	0.49019607843137253	-0.015111763120674722	NRS	0.1
13	Allen	SU2CLC2	0.4117647058823529	0.28761918947420867	0.33333333333333326	0.52	-0.03500700210070025	NRS	0.1
14	Allen	Snyder	0.6632653061224489	0.42509670534880617	0.5263157894736842	0.5714285714285714	0.2041241452319315	NRS	0.1
15	Allen	Zhao	0.5	0.41929095994729443	0.4999999999999999	0.52	0.045162230233094555	NRS	0.1
16	Choueiri	Allen	0.6153846153846154	0.38915635333998405	0.4666666666666667	0.5897435897435898	0.14625448482542613	NRS	0.1
17	Choueiri	Choueiri	0.7692307692307692	0.5388888888888889	0.5	0.625	0.4236592728681617	NRS	0.1
18	Choueiri	Gide	0.7318181818181818	0.7501611336151341	0.6666666666666666	0.6575342465753424	0.3207570007699727	NRS	0.1
19	Choueiri	Hugo	0.34523809523809523	0.48929295042975984	0.32	0.34615384615384615	-0.3003124875651863	NRS	0.1
20	Choueiri	IMVigor210	0.4890025575447571	0.22734675085596778	0.2898550724637681	0.5067114093959731	-0.02753883882781049	NRS	0.1
21	Choueiri	IMmotion150	0.5776353276353277	0.3509015016135071	0.42000000000000004	0.6484848484848484	0.1686822300478102	NRS	0.1
22	Choueiri	Kim	0.696969696969697	0.4436600344189059	0.5333333333333333	0.6888888888888889	0.3282439759448873	NRS	0.1
23	Choueiri	Liu	0.5391722099039172	0.43966799379368876	0.45238095238095233	0.5700934579439252	0.09894085368659317	NRS	0.1
24	Choueiri	MGH	0.4318181818181818	0.32551473366104444	0.2962962962962963	0.4411764705882353	-0.1604088343952626	NRS	0.1
25	Choueiri	Miao	0.55	0.30225274725274726	0.22222222222222224	0.5882352941176471	-0.053708615552957466	NRS	0.1
26	Choueiri	Riaz	0.6219512195121951	0.4195485090295511	0.33333333333333337	0.5294117647058824	0.08910646708599686	NRS	0.1
27	Choueiri	Rose	0.547945205479452	0.20921867571222208	0.3636363636363636	0.6067415730337079	0.176255594016754	NRS	0.1
28	Choueiri	SU2CLC1	0.5106907894736842	0.4134455887907141	0.40963855421686746	0.5196078431372549	0.00960916767552923	NRS	0.1
29	Choueiri	SU2CLC2	0.4117647058823529	0.28761918947420867	0.35294117647058826	0.56	0.021437323142813606	NRS	0.1
30	Choueiri	Snyder	0.6632653061224489	0.42509670534880617	0.588235294117647	0.6666666666666666	0.337099931231621	NRS	0.1
31	Choueiri	Zhao	0.5	0.41929095994729443	0.47619047619047616	0.56	0.09869275424396534	NRS	0.1
32	Gide	Allen	0.6153846153846154	0.38915635333998405	0.4848484848484849	0.5641025641025641	0.14509525002200233	NRS	0.1
33	Gide	Choueiri	0.7692307692307692	0.5388888888888889	0.4615384615384615	0.5625	0.3721042037676254	NRS	0.1
34	Gide	Gide	0.7318181818181818	0.7501611336151341	0.7407407407407408	0.7123287671232876	0.4179350612800444	NRS	0.1
35	Gide	Hugo	0.34523809523809523	0.48929295042975984	0.32	0.34615384615384615	-0.3003124875651863	NRS	0.1
36	Gide	IMVigor210	0.4890025575447571	0.22734675085596778	0.2966101694915254	0.4429530201342282	-0.053782587569648696	NRS	0.1
37	Gide	IMmotion150	0.5776353276353277	0.3509015016135071	0.425531914893617	0.509090909090909	0.07925286978858903	NRS	0.1
38	Gide	Kim	0.696969696969697	0.4436600344189059	0.4848484848484849	0.6222222222222222	0.24174688920761409	NRS	0.1
39	Gide	Liu	0.5391722099039172	0.43966799379368876	0.4946236559139785	0.5607476635514018	0.11826302549403811	NRS	0.1
40	Gide	MGH	0.4318181818181818	0.32551473366104444	0.4666666666666666	0.5294117647058824	0.07978559231302818	NRS	0.1
41	Gide	Miao	0.55	0.30225274725274726	0.42857142857142855	0.5294117647058824	0.09128709291752769	NRS	0.1
42	Gide	Riaz	0.6219512195121951	0.4195485090295511	0.32432432432432434	0.5098039215686274	0.06984302957695782	NRS	0.1
43	Gide	Rose	0.547945205479452	0.20921867571222208	0.3076923076923077	0.4943820224719101	0.0700577859651305	NRS	0.1
44	Gide	SU2CLC1	0.5106907894736842	0.4134455887907141	0.40860215053763443	0.46078431372549017	-0.060622177096335134	NRS	0.1
45	Gide	SU2CLC2	0.4117647058823529	0.28761918947420867	0.3157894736842105	0.48	-0.0898283738337021	NRS	0.1
46	Gide	Snyder	0.6632653061224489	0.42509670534880617	0.5	0.5238095238095238	0.1386750490563073	NRS	0.1
47	Gide	Zhao	0.5	0.41929095994729443	0.4799999999999999	0.48	-0.025974025974025976	NRS	0.1
48	Hugo	Allen	0.3846153846153846	0.26362685276782044	0.35294117647058826	0.4358974358974359	-0.1091089451179962	NRS	0.1
49	Hugo	Choueiri	0.23076923076923073	0.11723484848484848	0.0	0.4375	-0.3721042037676254	NRS	0.1
50	Hugo	Gide	0.2681818181818182	0.42681159831892007	0.27397260273972607	0.273972602739726	-0.44696969696969696	NRS	0.1
51	Hugo	Hugo	0.6547619047619048	0.7318194025862093	0.689655172413793	0.6538461538461539	0.3003124875651863	NRS	0.1
52	Hugo	IMVigor210	0.510997442455243	0.22979197876804483	0.35121951219512193	0.5536912751677853	0.076022666905788	NRS	0.1
53	Hugo	IMmotion150	0.4223646723646724	0.24737055060514318	0.3609022556390977	0.48484848484848486	-0.019418390934515434	NRS	0.1
54	Hugo	Kim	0.303030303030303	0.263063495417637	0.21621621621621623	0.35555555555555557	-0.26967994498529685	NRS	0.1
55	Hugo	Liu	0.4608277900960828	0.3859693440178461	0.38	0.4205607476635514	-0.13943659986162055	NRS	0.1
56	Hugo	MGH	0.5681818181818181	0.5363888997349116	0.35714285714285715	0.47058823529411764	-0.07978559231302818	NRS	0.1
57	Hugo	Miao	0.45	0.25543456543456544	0.2857142857142857	0.4117647058823529	-0.16735967034880075	NRS	0.1
58	Hugo	Riaz	0.3780487804878049	0.15147026562436247	0.22857142857142856	0.47058823529411764	-0.08910646708599686	NRS	0.1
59	Hugo	Rose	0.4520547945205479	0.17773456319596126	0.21052631578947364	0.4943820224719101	-0.08046849193046156	NRS	0.1
60	Hugo	SU2CLC1	0.4893092105263158	0.4525744079145707	0.43678160919540227	0.5196078431372549	0.030240977995036222	NRS	0.1
61	Hugo	SU2CLC2	0.588235294117647	0.49331591804775443	0.45454545454545453	0.52	0.0898283738337021	NRS	0.1
62	Hugo	Snyder	0.33673469387755106	0.25034462165432975	0.25	0.42857142857142855	-0.2041241452319315	NRS	0.1
63	Hugo	Zhao	0.5	0.4958989227799113	0.45454545454545453	0.52	0.025974025974025976	NRS	0.1
64	IMVigor210	Allen	0.3846153846153846	0.26362685276782044	0.35294117647058826	0.4358974358974359	-0.1091089451179962	NRS	0.1
65	IMVigor210	Choueiri	0.23076923076923073	0.11723484848484848	0.0	0.4375	-0.3721042037676254	NRS	0.1
66	IMVigor210	Gide	0.2681818181818182	0.42681159831892007	0.2777777777777778	0.2876712328767123	-0.4179350612800444	NRS	0.1
67	IMVigor210	Hugo	0.6547619047619048	0.7318194025862093	0.689655172413793	0.6538461538461539	0.3003124875651863	NRS	0.1
68	IMVigor210	IMVigor210	0.510997442455243	0.22979197876804483	0.3267326732673267	0.5436241610738255	0.038944353618291	NRS	0.1
69	IMVigor210	IMmotion150	0.4223646723646724	0.24737055060514318	0.3255813953488372	0.4727272727272727	-0.06842970461934744	NRS	0.1
70	IMVigor210	Kim	0.303030303030303	0.263063495417637	0.21621621621621623	0.35555555555555557	-0.26967994498529685	NRS	0.1
71	IMVigor210	Liu	0.4608277900960828	0.3859693440178461	0.3711340206185567	0.42990654205607476	-0.13309407626666037	NRS	0.1
72	IMVigor210	MGH	0.5681818181818181	0.5363888997349116	0.35714285714285715	0.47058823529411764	-0.07978559231302818	NRS	0.1
73	IMVigor210	Miao	0.45	0.25543456543456544	0.3076923076923077	0.47058823529411764	-0.09128709291752769	NRS	0.1
74	IMVigor210	Riaz	0.3780487804878049	0.15147026562436247	0.23529411764705882	0.49019607843137253	-0.06984302957695782	NRS	0.1
75	IMVigor210	Rose	0.4520547945205479	0.17773456319596126	0.21428571428571425	0.5056179775280899	-0.0700577859651305	NRS	0.1
76	IMVigor210	SU2CLC1	0.4893092105263158	0.4525744079145707	0.4418604651162791	0.5294117647058824	0.04540519732854868	NRS	0.1
77	IMVigor210	SU2CLC2	0.588235294117647	0.49331591804775443	0.45454545454545453	0.52	0.0898283738337021	NRS	0.1
78	IMVigor210	Snyder	0.33673469387755106	0.25034462165432975	0.26666666666666666	0.47619047619047616	-0.1386750490563073	NRS	0.1
79	IMVigor210	Zhao	0.5	0.4958989227799113	0.45454545454545453	0.52	0.025974025974025976	NRS	0.1
80	IMmotion150	Allen	0.6153846153846154	0.38915635333998405	0.45161290322580644	0.5641025641025641	0.1091089451179962	NRS	0.1
81	IMmotion150	Choueiri	0.7692307692307692	0.5388888888888889	0.4615384615384615	0.5625	0.3721042037676254	NRS	0.1
82	IMmotion150	Gide	0.7318181818181818	0.7501611336151341	0.75	0.726027397260274	0.44696969696969696	NRS	0.1
83	IMmotion150	Hugo	0.34523809523809523	0.48929295042975984	0.32	0.34615384615384615	-0.3003124875651863	NRS	0.1
84	IMmotion150	IMVigor210	0.4890025575447571	0.22734675085596778	0.2794759825327511	0.4463087248322148	-0.076022666905788	NRS	0.1
85	IMmotion150	IMmotion150	0.5776353276353277	0.3509015016135071	0.3779527559055118	0.5212121212121212	0.02719774896322527	NRS	0.1
86	IMmotion150	Kim	0.696969696969697	0.4436600344189059	0.5	0.6444444444444445	0.26967994498529685	NRS	0.1
87	IMmotion150	Liu	0.5391722099039172	0.43966799379368876	0.49438202247191015	0.5794392523364486	0.13943659986162055	NRS	0.1
88	IMmotion150	MGH	0.4318181818181818	0.32551473366104444	0.41379310344827586	0.5	0.0	NRS	0.1
89	IMmotion150	Miao	0.55	0.30225274725274726	0.4615384615384615	0.5882352941176471	0.16735967034880075	NRS	0.1
90	IMmotion150	Riaz	0.6219512195121951	0.4195485090295511	0.33333333333333337	0.5294117647058824	0.08910646708599686	NRS	0.1
91	IMmotion150	Rose	0.547945205479452	0.20921867571222208	0.3125	0.5056179775280899	0.08046849193046156	NRS	0.1
92	IMmotion150	SU2CLC1	0.5106907894736842	0.4134455887907141	0.4175824175824176	0.4803921568627451	-0.030240977995036222	NRS	0.1
93	IMmotion150	SU2CLC2	0.4117647058823529	0.28761918947420867	0.3157894736842105	0.48	-0.0898283738337021	NRS	0.1
94	IMmotion150	Snyder	0.6632653061224489	0.42509670534880617	0.5263157894736842	0.5714285714285714	0.2041241452319315	NRS	0.1
95	IMmotion150	Zhao	0.5	0.41929095994729443	0.4999999999999999	0.52	0.045162230233094555	NRS	0.1
96	Kim	Allen	0.6153846153846154	0.38915635333998405	0.45161290322580644	0.5641025641025641	0.1091089451179962	NRS	0.1
97	Kim	Choueiri	0.7692307692307692	0.5388888888888889	0.5	0.625	0.4236592728681617	NRS	0.1
98	Kim	Gide	0.7318181818181818	0.7501611336151341	0.717948717948718	0.6986301369863014	0.39547451389050753	NRS	0.1
99	Kim	Hugo	0.34523809523809523	0.48929295042975984	0.32	0.34615384615384615	-0.3003124875651863	NRS	0.1
100	Kim	IMVigor210	0.4890025575447571	0.22734675085596778	0.2844036697247706	0.47651006711409394	-0.05162739480438801	NRS	0.1
101	Kim	IMmotion150	0.5776353276353277	0.3509015016135071	0.38596491228070173	0.5757575757575758	0.07626738588707156	NRS	0.1
102	Kim	Kim	0.696969696969697	0.4436600344189059	0.5161290322580646	0.6666666666666666	0.2984440079997103	NRS	0.1
103	Kim	Liu	0.5391722099039172	0.43966799379368876	0.4705882352941176	0.5794392523364486	0.1226814126902967	NRS	0.1
104	Kim	MGH	0.4318181818181818	0.32551473366104444	0.35714285714285715	0.47058823529411764	-0.07978559231302818	NRS	0.1
105	Kim	Miao	0.55	0.30225274725274726	0.5	0.6470588235294118	0.24688535993934707	NRS	0.1
106	Kim	Riaz	0.6219512195121951	0.4195485090295511	0.33333333333333337	0.5294117647058824	0.08910646708599686	NRS	0.1
107	Kim	Rose	0.547945205479452	0.20921867571222208	0.3225806451612903	0.5280898876404494	0.10131789443795562	NRS	0.1
108	Kim	SU2CLC1	0.5106907894736842	0.4134455887907141	0.42696629213483145	0.5	0.0	NRS	0.1
109	Kim	SU2CLC2	0.4117647058823529	0.28761918947420867	0.35294117647058826	0.56	0.021437323142813606	NRS	0.1
110	Kim	Snyder	0.6632653061224489	0.42509670534880617	0.5263157894736842	0.5714285714285714	0.2041241452319315	NRS	0.1
111	Kim	Zhao	0.5	0.41929095994729443	0.43478260869565216	0.48	-0.045162230233094555	NRS	0.1
112	Liu	Allen	0.6153846153846154	0.38915635333998405	0.45161290322580644	0.5641025641025641	0.1091089451179962	NRS	0.1
113	Liu	Choueiri	0.7692307692307692	0.5388888888888889	0.4615384615384615	0.5625	0.3721042037676254	NRS	0.1
114	Liu	Gide	0.7318181818181818	0.7501611336151341	0.75	0.726027397260274	0.44696969696969696	NRS	0.1
115	Liu	Hugo	0.34523809523809523	0.48929295042975984	0.32	0.34615384615384615	-0.3003124875651863	NRS	0.1
116	Liu	IMVigor210	0.4890025575447571	0.22734675085596778	0.2794759825327511	0.4463087248322148	-0.076022666905788	NRS	0.1
117	Liu	IMmotion150	0.5776353276353277	0.3509015016135071	0.37499999999999994	0.5151515151515151	0.019418390934515434	NRS	0.1
118	Liu	Kim	0.696969696969697	0.4436600344189059	0.5	0.6444444444444445	0.26967994498529685	NRS	0.1
119	Liu	Liu	0.5391722099039172	0.43966799379368876	0.49438202247191015	0.5794392523364486	0.13943659986162055	NRS	0.1
120	Liu	MGH	0.4318181818181818	0.32551473366104444	0.4666666666666666	0.5294117647058824	0.07978559231302818	NRS	0.1
121	Liu	Miao	0.55	0.30225274725274726	0.4615384615384615	0.5882352941176471	0.16735967034880075	NRS	0.1
122	Liu	Riaz	0.6219512195121951	0.4195485090295511	0.32432432432432434	0.5098039215686274	0.06984302957695782	NRS	0.1
123	Liu	Rose	0.547945205479452	0.20921867571222208	0.3125	0.5056179775280899	0.08046849193046156	NRS	0.1
124	Liu	SU2CLC1	0.5106907894736842	0.4134455887907141	0.4175824175824176	0.4803921568627451	-0.030240977995036222	NRS	0.1
125	Liu	SU2CLC2	0.4117647058823529	0.28761918947420867	0.3157894736842105	0.48	-0.0898283738337021	NRS	0.1
126	Liu	Snyder	0.6632653061224489	0.42509670534880617	0.5263157894736842	0.5714285714285714	0.2041241452319315	NRS	0.1
127	Liu	Zhao	0.5	0.41929095994729443	0.4799999999999999	0.48	-0.025974025974025976	NRS	0.1
128	MGH	Allen	0.3846153846153846	0.26362685276782044	0.3125	0.4358974358974359	-0.14509525002200233	NRS	0.1
129	MGH	Choueiri	0.23076923076923073	0.11723484848484848	0.0	0.4375	-0.3721042037676254	NRS	0.1
130	MGH	Gide	0.2681818181818182	0.42681159831892007	0.2777777777777778	0.2876712328767123	-0.4179350612800444	NRS	0.1
131	MGH	Hugo	0.6547619047619048	0.7318194025862093	0.689655172413793	0.6538461538461539	0.3003124875651863	NRS	0.1
132	MGH	IMVigor210	0.510997442455243	0.22979197876804483	0.3316582914572864	0.5536912751677853	0.050060908735718175	NRS	0.1
133	MGH	IMmotion150	0.4223646723646724	0.24737055060514318	0.3	0.4909090909090909	-0.07925286978858903	NRS	0.1
134	MGH	Kim	0.303030303030303	0.263063495417637	0.2222222222222222	0.37777777777777777	-0.24174688920761409	NRS	0.1
135	MGH	Liu	0.4608277900960828	0.3859693440178461	0.37499999999999994	0.4392523364485981	-0.11826302549403811	NRS	0.1
136	MGH	MGH	0.5681818181818181	0.5363888997349116	0.35714285714285715	0.47058823529411764	-0.07978559231302818	NRS	0.1
137	MGH	Miao	0.45	0.25543456543456544	0.3076923076923077	0.47058823529411764	-0.09128709291752769	NRS	0.1
138	MGH	Riaz	0.3780487804878049	0.15147026562436247	0.23529411764705882	0.49019607843137253	-0.06984302957695782	NRS	0.1
139	MGH	Rose	0.4520547945205479	0.17773456319596126	0.21428571428571425	0.5056179775280899	-0.0700577859651305	NRS	0.1
140	MGH	SU2CLC1	0.4893092105263158	0.4525744079145707	0.44705882352941173	0.5392156862745098	0.060622177096335134	NRS	0.1
141	MGH	SU2CLC2	0.588235294117647	0.49331591804775443	0.45454545454545453	0.52	0.0898283738337021	NRS	0.1
142	MGH	Snyder	0.33673469387755106	0.25034462165432975	0.26666666666666666	0.47619047619047616	-0.1386750490563073	NRS	0.1
143	MGH	Zhao	0.5	0.4958989227799113	0.45454545454545453	0.52	0.025974025974025976	NRS	0.1
144	Miao	Allen	0.6153846153846154	0.38915635333998405	0.45161290322580644	0.5641025641025641	0.1091089451179962	NRS	0.1
145	Miao	Choueiri	0.7692307692307692	0.5388888888888889	0.4615384615384615	0.5625	0.3721042037676254	NRS	0.1
146	Miao	Gide	0.7318181818181818	0.7501611336151341	0.75	0.726027397260274	0.44696969696969696	NRS	0.1
147	Miao	Hugo	0.34523809523809523	0.48929295042975984	0.32	0.34615384615384615	-0.3003124875651863	NRS	0.1
148	Miao	IMVigor210	0.4890025575447571	0.22734675085596778	0.2794759825327511	0.4463087248322148	-0.076022666905788	NRS	0.1
149	Miao	IMmotion150	0.5776353276353277	0.3509015016135071	0.3846153846153847	0.5151515151515151	0.030570481718389806	NRS	0.1
150	Miao	Kim	0.696969696969697	0.4436600344189059	0.5	0.6444444444444445	0.26967994498529685	NRS	0.1
151	Miao	Liu	0.5391722099039172	0.43966799379368876	0.5111111111111111	0.5887850467289719	0.16299057876041542	NRS	0.1
152	Miao	MGH	0.4318181818181818	0.32551473366104444	0.4666666666666666	0.5294117647058824	0.07978559231302818	NRS	0.1
153	Miao	Miao	0.55	0.30225274725274726	0.4615384615384615	0.5882352941176471	0.16735967034880075	NRS	0.1
154	Miao	Riaz	0.6219512195121951	0.4195485090295511	0.32432432432432434	0.5098039215686274	0.06984302957695782	NRS	0.1
155	Miao	Rose	0.547945205479452	0.20921867571222208	0.3125	0.5056179775280899	0.08046849193046156	NRS	0.1
156	Miao	SU2CLC1	0.5106907894736842	0.4134455887907141	0.4175824175824176	0.4803921568627451	-0.030240977995036222	NRS	0.1
157	Miao	SU2CLC2	0.4117647058823529	0.28761918947420867	0.3157894736842105	0.48	-0.0898283738337021	NRS	0.1
158	Miao	Snyder	0.6632653061224489	0.42509670534880617	0.5263157894736842	0.5714285714285714	0.2041241452319315	NRS	0.1
159	Miao	Zhao	0.5	0.41929095994729443	0.4799999999999999	0.48	-0.025974025974025976	NRS	0.1
160	Riaz	Allen	0.6153846153846154	0.38915635333998405	0.45161290322580644	0.5641025641025641	0.1091089451179962	NRS	0.1
161	Riaz	Choueiri	0.7692307692307692	0.5388888888888889	0.5	0.625	0.4236592728681617	NRS	0.1
162	Riaz	Gide	0.7318181818181818	0.7501611336151341	0.7012987012987014	0.684931506849315	0.3702903669621394	NRS	0.1
163	Riaz	Hugo	0.34523809523809523	0.48929295042975984	0.32	0.34615384615384615	-0.3003124875651863	NRS	0.1
164	Riaz	IMVigor210	0.4890025575447571	0.22734675085596778	0.29245283018867924	0.4966442953020134	-0.02974745278592943	NRS	0.1
165	Riaz	IMmotion150	0.5776353276353277	0.3509015016135071	0.411214953271028	0.6181818181818182	0.13465125431268657	NRS	0.1
166	Riaz	Kim	0.696969696969697	0.4436600344189059	0.5333333333333333	0.6888888888888889	0.3282439759448873	NRS	0.1
167	Riaz	Liu	0.5391722099039172	0.43966799379368876	0.45238095238095233	0.5700934579439252	0.09894085368659317	NRS	0.1
168	Riaz	MGH	0.4318181818181818	0.32551473366104444	0.35714285714285715	0.47058823529411764	-0.07978559231302818	NRS	0.1
169	Riaz	Miao	0.55	0.30225274725274726	0.4000000000000001	0.6470588235294118	0.15	NRS	0.1
170	Riaz	Riaz	0.6219512195121951	0.4195485090295511	0.33333333333333337	0.5294117647058824	0.08910646708599686	NRS	0.1
171	Riaz	Rose	0.547945205479452	0.20921867571222208	0.33898305084745767	0.5617977528089888	0.1328974978991366	NRS	0.1
172	Riaz	SU2CLC1	0.5106907894736842	0.4134455887907141	0.4186046511627907	0.5098039215686274	0.004779494455636703	NRS	0.1
173	Riaz	SU2CLC2	0.4117647058823529	0.28761918947420867	0.35294117647058826	0.56	0.021437323142813606	NRS	0.1
174	Riaz	Snyder	0.6632653061224489	0.42509670534880617	0.5555555555555556	0.6190476190476191	0.26967994498529685	NRS	0.1
175	Riaz	Zhao	0.5	0.41929095994729443	0.45454545454545453	0.52	0.025974025974025976	NRS	0.1
176	Rose	Allen	0.6153846153846154	0.38915635333998405	0.45161290322580644	0.5641025641025641	0.1091089451179962	NRS	0.1
177	Rose	Choueiri	0.7692307692307692	0.5388888888888889	0.4615384615384615	0.5625	0.3721042037676254	NRS	0.1
178	Rose	Gide	0.7318181818181818	0.7501611336151341	0.75	0.726027397260274	0.44696969696969696	NRS	0.1
179	Rose	Hugo	0.34523809523809523	0.48929295042975984	0.32	0.34615384615384615	-0.3003124875651863	NRS	0.1
180	Rose	IMVigor210	0.4890025575447571	0.22734675085596778	0.2794759825327511	0.4463087248322148	-0.076022666905788	NRS	0.1
181	Rose	IMmotion150	0.5776353276353277	0.3509015016135071	0.3779527559055118	0.5212121212121212	0.02719774896322527	NRS	0.1
182	Rose	Kim	0.696969696969697	0.4436600344189059	0.5	0.6444444444444445	0.26967994498529685	NRS	0.1
183	Rose	Liu	0.5391722099039172	0.43966799379368876	0.49438202247191015	0.5794392523364486	0.13943659986162055	NRS	0.1
184	Rose	MGH	0.4318181818181818	0.32551473366104444	0.41379310344827586	0.5	0.0	NRS	0.1
185	Rose	Miao	0.55	0.30225274725274726	0.4615384615384615	0.5882352941176471	0.16735967034880075	NRS	0.1
186	Rose	Riaz	0.6219512195121951	0.4195485090295511	0.33333333333333337	0.5294117647058824	0.08910646708599686	NRS	0.1
187	Rose	Rose	0.547945205479452	0.20921867571222208	0.3125	0.5056179775280899	0.08046849193046156	NRS	0.1
188	Rose	SU2CLC1	0.5106907894736842	0.4134455887907141	0.4175824175824176	0.4803921568627451	-0.030240977995036222	NRS	0.1
189	Rose	SU2CLC2	0.4117647058823529	0.28761918947420867	0.3157894736842105	0.48	-0.0898283738337021	NRS	0.1
190	Rose	Snyder	0.6632653061224489	0.42509670534880617	0.5263157894736842	0.5714285714285714	0.2041241452319315	NRS	0.1
191	Rose	Zhao	0.5	0.41929095994729443	0.4999999999999999	0.52	0.045162230233094555	NRS	0.1
192	SU2CLC1	Allen	0.3846153846153846	0.26362685276782044	0.35294117647058826	0.4358974358974359	-0.1091089451179962	NRS	0.1
193	SU2CLC1	Choueiri	0.23076923076923073	0.11723484848484848	0.0	0.4375	-0.3721042037676254	NRS	0.1
194	SU2CLC1	Gide	0.2681818181818182	0.42681159831892007	0.2777777777777778	0.2876712328767123	-0.4179350612800444	NRS	0.1
195	SU2CLC1	Hugo	0.6547619047619048	0.7318194025862093	0.689655172413793	0.6538461538461539	0.3003124875651863	NRS	0.1
196	SU2CLC1	IMVigor210	0.510997442455243	0.22979197876804483	0.33497536945812806	0.5469798657718121	0.05131660156632591	NRS	0.1
197	SU2CLC1	IMmotion150	0.4223646723646724	0.24737055060514318	0.3255813953488372	0.4727272727272727	-0.06842970461934744	NRS	0.1
198	SU2CLC1	Kim	0.303030303030303	0.263063495417637	0.21621621621621623	0.35555555555555557	-0.26967994498529685	NRS	0.1
199	SU2CLC1	Liu	0.4608277900960828	0.3859693440178461	0.3711340206185567	0.42990654205607476	-0.13309407626666037	NRS	0.1
200	SU2CLC1	MGH	0.5681818181818181	0.5363888997349116	0.35714285714285715	0.47058823529411764	-0.07978559231302818	NRS	0.1
201	SU2CLC1	Miao	0.45	0.25543456543456544	0.3076923076923077	0.47058823529411764	-0.09128709291752769	NRS	0.1
202	SU2CLC1	Riaz	0.3780487804878049	0.15147026562436247	0.23529411764705882	0.49019607843137253	-0.06984302957695782	NRS	0.1
203	SU2CLC1	Rose	0.4520547945205479	0.17773456319596126	0.21428571428571425	0.5056179775280899	-0.0700577859651305	NRS	0.1
204	SU2CLC1	SU2CLC1	0.4893092105263158	0.4525744079145707	0.4418604651162791	0.5294117647058824	0.04540519732854868	NRS	0.1
205	SU2CLC1	SU2CLC2	0.588235294117647	0.49331591804775443	0.45454545454545453	0.52	0.0898283738337021	NRS	0.1
206	SU2CLC1	Snyder	0.33673469387755106	0.25034462165432975	0.26666666666666666	0.47619047619047616	-0.1386750490563073	NRS	0.1
207	SU2CLC1	Zhao	0.5	0.4958989227799113	0.45454545454545453	0.52	0.025974025974025976	NRS	0.1
208	SU2CLC2	Allen	0.3846153846153846	0.26362685276782044	0.3125	0.4358974358974359	-0.14509525002200233	NRS	0.1
209	SU2CLC2	Choueiri	0.23076923076923073	0.11723484848484848	0.0	0.4375	-0.3721042037676254	NRS	0.1
210	SU2CLC2	Gide	0.2681818181818182	0.42681159831892007	0.2777777777777778	0.2876712328767123	-0.4179350612800444	NRS	0.1
211	SU2CLC2	Hugo	0.6547619047619048	0.7318194025862093	0.689655172413793	0.6538461538461539	0.3003124875651863	NRS	0.1
212	SU2CLC2	IMVigor210	0.510997442455243	0.22979197876804483	0.3333333333333333	0.5570469798657718	0.053782587569648696	NRS	0.1
213	SU2CLC2	IMmotion150	0.4223646723646724	0.24737055060514318	0.3	0.4909090909090909	-0.07925286978858903	NRS	0.1
214	SU2CLC2	Kim	0.303030303030303	0.263063495417637	0.22857142857142854	0.4	-0.21446102713439583	NRS	0.1
215	SU2CLC2	Liu	0.4608277900960828	0.3859693440178461	0.35789473684210527	0.42990654205607476	-0.14193790304543383	NRS	0.1
216	SU2CLC2	MGH	0.5681818181818181	0.5363888997349116	0.35714285714285715	0.47058823529411764	-0.07978559231302818	NRS	0.1
217	SU2CLC2	Miao	0.45	0.25543456543456544	0.3636363636363636	0.5882352941176471	0.06356417261637282	NRS	0.1
218	SU2CLC2	Riaz	0.3780487804878049	0.15147026562436247	0.23529411764705882	0.49019607843137253	-0.06984302957695782	NRS	0.1
219	SU2CLC2	Rose	0.4520547945205479	0.17773456319596126	0.21428571428571425	0.5056179775280899	-0.0700577859651305	NRS	0.1
220	SU2CLC2	SU2CLC1	0.4893092105263158	0.4525744079145707	0.4444444444444444	0.5588235294117647	0.08132224334727504	NRS	0.1
221	SU2CLC2	SU2CLC2	0.588235294117647	0.49331591804775443	0.45454545454545453	0.52	0.0898283738337021	NRS	0.1
222	SU2CLC2	Snyder	0.33673469387755106	0.25034462165432975	0.26666666666666666	0.47619047619047616	-0.1386750490563073	NRS	0.1
223	SU2CLC2	Zhao	0.5	0.4958989227799113	0.45454545454545453	0.52	0.025974025974025976	NRS	0.1
224	Snyder	Allen	0.6153846153846154	0.38915635333998405	0.45161290322580644	0.5641025641025641	0.1091089451179962	NRS	0.1
225	Snyder	Choueiri	0.7692307692307692	0.5388888888888889	0.5	0.625	0.4236592728681617	NRS	0.1
226	Snyder	Gide	0.7318181818181818	0.7501611336151341	0.717948717948718	0.6986301369863014	0.39547451389050753	NRS	0.1
227	Snyder	Hugo	0.34523809523809523	0.48929295042975984	0.32	0.34615384615384615	-0.3003124875651863	NRS	0.1
228	Snyder	IMVigor210	0.4890025575447571	0.22734675085596778	0.27802690582959644	0.4597315436241611	-0.06992922933338429	NRS	0.1
229	Snyder	IMmotion150	0.5776353276353277	0.3509015016135071	0.376068376068376	0.5575757575757576	0.05213788484675821	NRS	0.1
230	Snyder	Kim	0.696969696969697	0.4436600344189059	0.5161290322580646	0.6666666666666666	0.2984440079997103	NRS	0.1
231	Snyder	Liu	0.5391722099039172	0.43966799379368876	0.48275862068965514	0.5794392523364486	0.1310084994793835	NRS	0.1
232	Snyder	MGH	0.4318181818181818	0.32551473366104444	0.35714285714285715	0.47058823529411764	-0.07978559231302818	NRS	0.1
233	Snyder	Miao	0.55	0.30225274725274726	0.5	0.6470588235294118	0.24688535993934707	NRS	0.1
234	Snyder	Riaz	0.6219512195121951	0.4195485090295511	0.33333333333333337	0.5294117647058824	0.08910646708599686	NRS	0.1
235	Snyder	Rose	0.547945205479452	0.20921867571222208	0.3225806451612903	0.5280898876404494	0.10131789443795562	NRS	0.1
236	Snyder	SU2CLC1	0.5106907894736842	0.4134455887907141	0.42696629213483145	0.5	0.0	NRS	0.1
237	Snyder	SU2CLC2	0.4117647058823529	0.28761918947420867	0.33333333333333326	0.52	-0.03500700210070025	NRS	0.1
238	Snyder	Snyder	0.6632653061224489	0.42509670534880617	0.5263157894736842	0.5714285714285714	0.2041241452319315	NRS	0.1
239	Snyder	Zhao	0.5	0.41929095994729443	0.4999999999999999	0.52	0.045162230233094555	NRS	0.1
240	Zhao	Allen	0.3846153846153846	0.26362685276782044	0.35294117647058826	0.4358974358974359	-0.1091089451179962	NRS	0.1
241	Zhao	Choueiri	0.23076923076923073	0.11723484848484848	0.0	0.4375	-0.3721042037676254	NRS	0.1
242	Zhao	Gide	0.2681818181818182	0.42681159831892007	0.27397260273972607	0.273972602739726	-0.44696969696969696	NRS	0.1
243	Zhao	Hugo	0.6547619047619048	0.7318194025862093	0.689655172413793	0.6538461538461539	0.3003124875651863	NRS	0.1
244	Zhao	IMVigor210	0.510997442455243	0.22979197876804483	0.34313725490196073	0.5503355704697986	0.06367546728380884	NRS	0.1
245	Zhao	IMmotion150	0.4223646723646724	0.24737055060514318	0.3255813953488372	0.4727272727272727	-0.06842970461934744	NRS	0.1
246	Zhao	Kim	0.303030303030303	0.263063495417637	0.21621621621621623	0.35555555555555557	-0.26967994498529685	NRS	0.1
247	Zhao	Liu	0.4608277900960828	0.3859693440178461	0.3711340206185567	0.42990654205607476	-0.13309407626666037	NRS	0.1
248	Zhao	MGH	0.5681818181818181	0.5363888997349116	0.35714285714285715	0.47058823529411764	-0.07978559231302818	NRS	0.1
249	Zhao	Miao	0.45	0.25543456543456544	0.3076923076923077	0.47058823529411764	-0.09128709291752769	NRS	0.1
250	Zhao	Riaz	0.3780487804878049	0.15147026562436247	0.23529411764705882	0.49019607843137253	-0.06984302957695782	NRS	0.1
251	Zhao	Rose	0.4520547945205479	0.17773456319596126	0.21428571428571425	0.5056179775280899	-0.0700577859651305	NRS	0.1
252	Zhao	SU2CLC1	0.4893092105263158	0.4525744079145707	0.4418604651162791	0.5294117647058824	0.04540519732854868	NRS	0.1
253	Zhao	SU2CLC2	0.588235294117647	0.49331591804775443	0.45454545454545453	0.52	0.0898283738337021	NRS	0.1
254	Zhao	Snyder	0.33673469387755106	0.25034462165432975	0.26666666666666666	0.47619047619047616	-0.1386750490563073	NRS	0.1
255	Zhao	Zhao	0.5	0.4958989227799113	0.45454545454545453	0.52	0.025974025974025976	NRS	0.1
