Index,UMAP1,UMAP2,cohort
IMVigor210-0257bb-ar-0257bbb,6.855793,12.128453,BLCA_IMVigor210
IMVigor210-025b45-ar-025b45c,8.321783,16.212912,BLCA_IMVigor210
IMVigor210-032c64-ar-032c642,6.381008,12.779703,BLCA_IMVigor210
IMVigor210-0571f1-ar-0571f17,8.48166,11.63791,BLCA_IMVigor210
IMVigor210-065890-ar-0658907,6.4310985,11.525114,BLCA_IMVigor210
IMVigor210-0684af-ar-0684af7,4.082783,11.442103,BLCA_IMVigor210
IMVigor210-075e03-ar-075e037,4.523825,11.793112,BLCA_IMVigor210
IMVigor210-07a93a-ar-07a93a2,7.123576,14.023533,BLCA_IMVigor210
IMVigor210-08cce2-ar-08cce2f,5.384318,12.968358,BLCA_IMVigor210
IMVigor210-09c84e-ar-09c84ec,8.557155,14.027987,BLCA_IMVigor210
IMVigor210-0a0f2b-ar-0a0f2ba,5.8327203,14.436424,BLCA_IMVigor210
IMVigor210-0a7c20-ar-0a7c209,5.4095645,17.101427,BLCA_IMVigor210
IMVigor210-0bdb34-ar-0bdb342,8.092622,15.663663,BLCA_IMVigor210
IMVigor210-0ce9c9-ar-0ce9c98,5.557744,16.941683,BLCA_IMVigor210
IMVigor210-0d855c-ar-0d855cf,5.875062,10.858072,BLCA_IMVigor210
IMVigor210-0f956e-ar-0f956e7,7.8342338,14.969131,BLCA_IMVigor210
IMVigor210-110501-ar-110501d,6.1653066,13.261979,BLCA_IMVigor210
IMVigor210-12502d-ar-12502d9,7.399917,11.911487,BLCA_IMVigor210
IMVigor210-149386-ar-1493861,7.1785164,12.293241,BLCA_IMVigor210
IMVigor210-14df63-ar-14df63a,7.8143783,12.419508,BLCA_IMVigor210
IMVigor210-166a41-ar-166a419,8.18572,15.898432,BLCA_IMVigor210
IMVigor210-180398-ar-1803982,7.323281,11.898388,BLCA_IMVigor210
IMVigor210-181b63-ar-181b638,6.188278,14.281027,BLCA_IMVigor210
IMVigor210-187e05-ar-187e056,7.383494,13.863995,BLCA_IMVigor210
IMVigor210-18a4da-ar-18a4dab,6.5032434,12.030954,BLCA_IMVigor210
IMVigor210-18b935-ar-18b9351,7.0729866,12.810678,BLCA_IMVigor210
IMVigor210-18bc10-ar-18bc107,6.5901885,11.881455,BLCA_IMVigor210
IMVigor210-18be5b-ar-18be5b3,6.596419,12.141731,BLCA_IMVigor210
IMVigor210-19fec8-ar-19fec8f,5.583158,15.219948,BLCA_IMVigor210
IMVigor210-1a87df-ar-1a87df7,5.060774,17.322262,BLCA_IMVigor210
IMVigor210-1ab1b2-ar-1ab1b28,4.7237473,12.951777,BLCA_IMVigor210
IMVigor210-1abf01-ar-1abf01d,6.786027,12.412626,BLCA_IMVigor210
IMVigor210-1ac4e3-ar-1ac4e3d,5.0047736,12.382687,BLCA_IMVigor210
IMVigor210-1c0ecf-ar-1c0ecfb,5.238337,16.373669,BLCA_IMVigor210
IMVigor210-1c8b08-ar-1c8b086,8.4296875,16.05543,BLCA_IMVigor210
IMVigor210-1dda30-ar-1dda30f,8.713089,15.435642,BLCA_IMVigor210
IMVigor210-1e9c4d-ar-1e9c4d1,9.151316,12.829761,BLCA_IMVigor210
IMVigor210-1f66db-ar-1f66db5,5.5639625,16.636295,BLCA_IMVigor210
IMVigor210-1f83eb-ar-1f83ebd,5.2014556,10.788216,BLCA_IMVigor210
IMVigor210-1fa6bc-ar-1fa6bcb,5.1268253,13.538381,BLCA_IMVigor210
IMVigor210-203dcf-ar-203dcf1,8.382356,12.305227,BLCA_IMVigor210
IMVigor210-2070b4-ar-2070b41,5.727289,11.612952,BLCA_IMVigor210
IMVigor210-230959-ar-2309593,4.8745522,12.115054,BLCA_IMVigor210
IMVigor210-23aa15-ar-23aa15d,4.8533373,11.858177,BLCA_IMVigor210
IMVigor210-25510f-ar-25510f3,6.733518,14.64826,BLCA_IMVigor210
IMVigor210-2570ff-ar-2570ff4,9.068074,13.776707,BLCA_IMVigor210
IMVigor210-26104d-ar-26104d5,6.567618,14.607162,BLCA_IMVigor210
IMVigor210-262422-ar-2624229,8.059848,15.63582,BLCA_IMVigor210
IMVigor210-27299a-ar-27299ae,4.624574,12.210015,BLCA_IMVigor210
IMVigor210-286870-ar-2868703,5.994096,16.067738,BLCA_IMVigor210
IMVigor210-28e603-ar-28e6031,5.426551,11.011083,BLCA_IMVigor210
IMVigor210-297c03-ar-297c030,8.679026,14.025014,BLCA_IMVigor210
IMVigor210-29da92-ar-29da928,5.4658723,13.368642,BLCA_IMVigor210
IMVigor210-2b672f-ar-2b672f4,5.012277,13.609946,BLCA_IMVigor210
IMVigor210-2bba8c-ar-2bba8cb,7.4203544,15.6618185,BLCA_IMVigor210
IMVigor210-2c9586-ar-2c95861,5.9077897,11.759624,BLCA_IMVigor210
IMVigor210-2dc3f0-ar-2dc3f04,9.420011,12.864445,BLCA_IMVigor210
IMVigor210-2e7aa8-ar-2e7aa8f,6.844193,14.040642,BLCA_IMVigor210
IMVigor210-2e9ac0-ar-2e9ac0b,7.069398,14.808173,BLCA_IMVigor210
IMVigor210-2eb07d-ar-2eb07de,9.358045,13.495859,BLCA_IMVigor210
IMVigor210-2f2289-ar-2f22893,6.9545617,14.34323,BLCA_IMVigor210
IMVigor210-30b5c6-ar-30b5c6c,4.6438084,11.172259,BLCA_IMVigor210
IMVigor210-30cf07-ar-30cf07d,8.085878,13.148866,BLCA_IMVigor210
IMVigor210-31d917-ar-31d9176,5.649784,15.986484,BLCA_IMVigor210
IMVigor210-31f41d-ar-31f41dd,6.6345706,14.327262,BLCA_IMVigor210
IMVigor210-3330c0-ar-3330c03,8.078855,11.289686,BLCA_IMVigor210
IMVigor210-34430e-ar-34430ef,5.811444,13.3077135,BLCA_IMVigor210
IMVigor210-36851b-ar-36851bc,5.657596,12.830607,BLCA_IMVigor210
IMVigor210-36a922-ar-36a9225,8.005613,13.934927,BLCA_IMVigor210
IMVigor210-36d873-ar-36d8739,5.943888,15.449772,BLCA_IMVigor210
IMVigor210-3894ac-ar-3894ac3,5.4541254,13.844923,BLCA_IMVigor210
IMVigor210-39eb94-ar-39eb94f,4.7947044,16.213997,BLCA_IMVigor210
IMVigor210-3a1c96-ar-3a1c963,7.035824,11.938759,BLCA_IMVigor210
IMVigor210-3b1066-ar-3b1066e,8.292803,11.055173,BLCA_IMVigor210
IMVigor210-3b15b4-ar-3b15b4c,5.3121934,17.038462,BLCA_IMVigor210
IMVigor210-3cb94b-ar-3cb94b0,6.176583,12.759121,BLCA_IMVigor210
IMVigor210-3e04eb-ar-3e04eb9,6.6962333,14.325194,BLCA_IMVigor210
IMVigor210-3e8baf-ar-3e8baff,6.295334,12.362297,BLCA_IMVigor210
IMVigor210-3ee5dc-ar-3ee5dcd,17.148537,6.864596,BLCA_IMVigor210
IMVigor210-415f36-ar-415f36a,7.337152,14.317895,BLCA_IMVigor210
IMVigor210-4305ab-ar-4305ab9,3.7203665,12.176877,BLCA_IMVigor210
IMVigor210-4501e4-ar-4501e41,4.99776,17.38803,BLCA_IMVigor210
IMVigor210-45c8e6-ar-45c8e64,5.3643055,16.967972,BLCA_IMVigor210
IMVigor210-468a9e-ar-468a9e1,6.8560243,15.004066,BLCA_IMVigor210
IMVigor210-47fc46-ar-47fc46c,12.149875,16.212875,BLCA_IMVigor210
IMVigor210-49d487-ar-49d4875,8.706584,16.259502,BLCA_IMVigor210
IMVigor210-49f9b2-ar-49f9b2e,5.2424536,12.5640135,BLCA_IMVigor210
IMVigor210-4b0175-ar-4b0175e,5.7487397,13.377069,BLCA_IMVigor210
IMVigor210-4b7ea0-ar-4b7ea01,5.0334935,11.280046,BLCA_IMVigor210
IMVigor210-4caabd-ar-4caabd6,5.036213,10.613161,BLCA_IMVigor210
IMVigor210-523468-ar-5234688,5.3113885,11.583983,BLCA_IMVigor210
IMVigor210-52500c-ar-52500ca,4.2558656,12.4865465,BLCA_IMVigor210
IMVigor210-52e3fa-ar-52e3fa3,8.430134,11.258853,BLCA_IMVigor210
IMVigor210-548551-ar-548551e,3.4473593,13.732205,BLCA_IMVigor210
IMVigor210-54e58f-ar-54e58f1,4.9635777,13.247067,BLCA_IMVigor210
IMVigor210-553c3c-ar-553c3c3,9.511713,13.165726,BLCA_IMVigor210
IMVigor210-557dde-ar-557dde1,6.85117,13.08257,BLCA_IMVigor210
IMVigor210-560f23-ar-560f23d,10.025591,12.960469,BLCA_IMVigor210
IMVigor210-563d62-ar-563d623,5.721046,14.20893,BLCA_IMVigor210
IMVigor210-568ce1-ar-568ce16,7.6796236,13.9848995,BLCA_IMVigor210
IMVigor210-572f19-ar-572f197,6.846999,12.667537,BLCA_IMVigor210
IMVigor210-5767dd-ar-5767dd7,7.089759,12.925144,BLCA_IMVigor210
IMVigor210-58e783-ar-58e7832,3.3472452,12.730906,BLCA_IMVigor210
IMVigor210-59f392-ar-59f3928,7.664564,13.557036,BLCA_IMVigor210
IMVigor210-59fda9-ar-59fda90,8.981232,16.615738,BLCA_IMVigor210
IMVigor210-5a2347-ar-5a2347c,4.210514,12.897975,BLCA_IMVigor210
IMVigor210-5b57e4-ar-5b57e47,6.180945,11.645842,BLCA_IMVigor210
IMVigor210-5c139c-ar-5c139c5,5.505393,14.476998,BLCA_IMVigor210
IMVigor210-5cc2d9-ar-5cc2d90,7.7840037,16.00818,BLCA_IMVigor210
IMVigor210-5cfa16-ar-5cfa169,7.6461277,15.192569,BLCA_IMVigor210
IMVigor210-5d1dfd-ar-5d1dfd5,5.1151795,11.995244,BLCA_IMVigor210
IMVigor210-5d989c-ar-5d989c8,4.8387775,11.7533,BLCA_IMVigor210
IMVigor210-5e3bae-ar-5e3bae0,8.664637,12.425269,BLCA_IMVigor210
IMVigor210-5fe7a8-ar-5fe7a81,3.7422545,13.850308,BLCA_IMVigor210
IMVigor210-6083aa-ar-6083aac,6.495809,13.523826,BLCA_IMVigor210
IMVigor210-6157c8-ar-6157c8f,7.558425,14.798453,BLCA_IMVigor210
IMVigor210-61b9d4-ar-61b9d4d,5.1441407,12.347932,BLCA_IMVigor210
IMVigor210-61baf9-ar-61baf91,6.344154,14.33672,BLCA_IMVigor210
IMVigor210-62fb13-ar-62fb138,5.2057996,12.642089,BLCA_IMVigor210
IMVigor210-63405b-ar-63405b0,9.2250185,16.458225,BLCA_IMVigor210
IMVigor210-63b218-ar-63b2189,3.7529325,13.182124,BLCA_IMVigor210
IMVigor210-65afda-ar-65afda2,7.8461585,15.975172,BLCA_IMVigor210
IMVigor210-6662f5-ar-6662f51,3.9848206,13.716594,BLCA_IMVigor210
IMVigor210-670649-ar-670649e,7.191068,14.739961,BLCA_IMVigor210
IMVigor210-675a12-ar-675a12a,6.884877,13.806506,BLCA_IMVigor210
IMVigor210-6780ed-ar-6780ed4,5.041566,16.091171,BLCA_IMVigor210
IMVigor210-6792d6-ar-6792d6e,5.051522,11.760495,BLCA_IMVigor210
IMVigor210-681e4b-ar-681e4bf,6.3514323,14.086124,BLCA_IMVigor210
IMVigor210-6964a6-ar-6964a6d,3.5643435,13.433571,BLCA_IMVigor210
IMVigor210-6cb230-ar-6cb230f,15.9406395,6.9613867,BLCA_IMVigor210
IMVigor210-6cbc10-ar-6cbc10a,5.5113134,16.486397,BLCA_IMVigor210
IMVigor210-6d2ae0-ar-6d2ae0c,3.3912992,12.357655,BLCA_IMVigor210
IMVigor210-6dd7ad-ar-6dd7ad1,8.995865,14.107661,BLCA_IMVigor210
IMVigor210-6f2a10-ar-6f2a102,10.574375,12.925936,BLCA_IMVigor210
IMVigor210-6ff654-ar-6ff654a,7.2757664,14.168645,BLCA_IMVigor210
IMVigor210-7114d9-ar-7114d99,7.0289955,14.375892,BLCA_IMVigor210
IMVigor210-716f54-ar-716f54e,6.718141,13.845367,BLCA_IMVigor210
IMVigor210-727c0e-ar-727c0e9,9.156865,12.528165,BLCA_IMVigor210
IMVigor210-73663e-ar-73663ee,4.1158113,13.90925,BLCA_IMVigor210
IMVigor210-75142f-ar-75142fc,6.0998354,13.73023,BLCA_IMVigor210
IMVigor210-7538ad-ar-7538ad9,4.5567966,16.387547,BLCA_IMVigor210
IMVigor210-753d4b-ar-753d4bb,5.7088203,12.439559,BLCA_IMVigor210
IMVigor210-75f12d-ar-75f12d1,10.196149,12.963865,BLCA_IMVigor210
IMVigor210-76a431-ar-76a431b,8.862334,13.732629,BLCA_IMVigor210
IMVigor210-771445-ar-771445e,7.5558014,13.847974,BLCA_IMVigor210
IMVigor210-7829a3-ar-7829a34,4.6379924,16.35127,BLCA_IMVigor210
IMVigor210-789319-ar-7893196,6.08785,15.216936,BLCA_IMVigor210
IMVigor210-7aa01f-ar-7aa01fc,6.967749,13.8952465,BLCA_IMVigor210
IMVigor210-7b4000-ar-7b40007,4.966292,11.059514,BLCA_IMVigor210
IMVigor210-7bff23-ar-7bff231,5.4070396,16.17179,BLCA_IMVigor210
IMVigor210-7c67b0-ar-7c67b05,4.4504404,11.810015,BLCA_IMVigor210
IMVigor210-7d2dfb-ar-7d2dfba,11.58683,13.22655,BLCA_IMVigor210
IMVigor210-7d7c54-ar-7d7c546,16.0372,7.109247,BLCA_IMVigor210
IMVigor210-7f0d9c-ar-7f0d9cc,6.5779986,13.652083,BLCA_IMVigor210
IMVigor210-7fb698-ar-7fb6987,7.5449224,13.747915,BLCA_IMVigor210
IMVigor210-7fb7a1-ar-7fb7a13,6.3510494,13.362773,BLCA_IMVigor210
IMVigor210-80c618-ar-80c6183,4.99611,17.54823,BLCA_IMVigor210
IMVigor210-81b715-ar-81b7152,5.4476357,11.597786,BLCA_IMVigor210
IMVigor210-822b22-ar-822b226,4.506453,11.44355,BLCA_IMVigor210
IMVigor210-8533e5-ar-8533e5e,5.69772,11.626711,BLCA_IMVigor210
IMVigor210-85f0a3-ar-85f0a3a,4.52947,11.853061,BLCA_IMVigor210
IMVigor210-87a8e1-ar-87a8e18,3.1568391,12.426748,BLCA_IMVigor210
IMVigor210-8884fe-ar-8884fe4,9.733215,13.780897,BLCA_IMVigor210
IMVigor210-8a1b0e-ar-8a1b0e0,5.991074,12.6050625,BLCA_IMVigor210
IMVigor210-8b4b8b-ar-8b4b8b0,6.7075114,13.579982,BLCA_IMVigor210
IMVigor210-8e4698-ar-8e46983,7.030239,14.029067,BLCA_IMVigor210
IMVigor210-8e8ef2-ar-8e8ef23,8.044379,14.867353,BLCA_IMVigor210
IMVigor210-8f2275-ar-8f2275c,8.033942,12.427553,BLCA_IMVigor210
IMVigor210-91c47b-ar-91c47b0,3.7126837,13.585953,BLCA_IMVigor210
IMVigor210-9306c5-ar-9306c5c,6.341036,12.349958,BLCA_IMVigor210
IMVigor210-9410b8-ar-9410b86,8.913188,14.152746,BLCA_IMVigor210
IMVigor210-943df5-ar-943df5c,4.92247,16.742651,BLCA_IMVigor210
IMVigor210-94859b-ar-94859b4,6.0679555,13.18377,BLCA_IMVigor210
IMVigor210-9539a4-ar-9539a4f,5.2465997,12.309843,BLCA_IMVigor210
IMVigor210-957378-ar-957378b,8.49846,11.505605,BLCA_IMVigor210
IMVigor210-961d04-ar-961d04c,5.8774624,12.412716,BLCA_IMVigor210
IMVigor210-972530-ar-9725303,6.6532655,11.98029,BLCA_IMVigor210
IMVigor210-978a58-ar-978a587,8.304734,14.564524,BLCA_IMVigor210
IMVigor210-97a00e-ar-97a00e0,5.171385,12.605448,BLCA_IMVigor210
IMVigor210-99a46b-ar-99a46b9,6.255618,13.929355,BLCA_IMVigor210
IMVigor210-9a2cf3-ar-9a2cf3c,6.9905534,14.046041,BLCA_IMVigor210
IMVigor210-9aa6a0-ar-9aa6a09,5.7957144,14.17976,BLCA_IMVigor210
IMVigor210-9cafb9-ar-9cafb90,10.100198,13.557815,BLCA_IMVigor210
IMVigor210-9d2494-ar-9d24941,16.221737,16.283218,BLCA_IMVigor210
IMVigor210-9dacca-ar-9daccaf,4.311119,13.931004,BLCA_IMVigor210
IMVigor210-9e11ec-ar-9e11ec6,9.199158,13.135898,BLCA_IMVigor210
IMVigor210-9fb814-ar-9fb814c,9.013882,13.98796,BLCA_IMVigor210
IMVigor210-a1871f-ar-a1871f4,8.187036,12.159205,BLCA_IMVigor210
IMVigor210-a1e62d-ar-a1e62d3,6.5620365,13.071093,BLCA_IMVigor210
IMVigor210-a32177-ar-a321770,4.6473517,16.390284,BLCA_IMVigor210
IMVigor210-a424c7-ar-a424c75,7.2712226,13.147664,BLCA_IMVigor210
IMVigor210-a535fc-ar-a535fcd,15.812904,7.248213,BLCA_IMVigor210
IMVigor210-a90d73-ar-a90d73f,4.7315717,16.197685,BLCA_IMVigor210
IMVigor210-a913c6-ar-a913c61,6.434667,13.077467,BLCA_IMVigor210
IMVigor210-a9ca85-ar-a9ca853,7.84106,14.223362,BLCA_IMVigor210
IMVigor210-aabf4a-ar-aabf4af,4.6473265,11.324895,BLCA_IMVigor210
IMVigor210-aaf505-ar-aaf505c,3.8872008,13.532654,BLCA_IMVigor210
IMVigor210-ab8052-ar-ab8052a,9.158101,16.096672,BLCA_IMVigor210
IMVigor210-abc151-ar-abc151b,16.357645,16.383886,BLCA_IMVigor210
IMVigor210-ad83c9-ar-ad83c9c,6.591323,14.702118,BLCA_IMVigor210
IMVigor210-ae0262-ar-ae02629,4.9917226,10.811733,BLCA_IMVigor210
IMVigor210-ae1690-ar-ae16904,8.192981,12.361405,BLCA_IMVigor210
IMVigor210-ae4da2-ar-ae4da27,6.4825807,13.229225,BLCA_IMVigor210
IMVigor210-aec738-ar-aec7380,5.3421054,11.696856,BLCA_IMVigor210
IMVigor210-af42c1-ar-af42c15,6.9701285,13.492153,BLCA_IMVigor210
IMVigor210-b0a83e-ar-b0a83e5,4.8576193,11.6639,BLCA_IMVigor210
IMVigor210-b0d11d-ar-b0d11db,9.521845,12.672166,BLCA_IMVigor210
IMVigor210-b15ac6-ar-b15ac6e,7.8248634,12.110544,BLCA_IMVigor210
IMVigor210-b15ad0-ar-b15ad09,9.499958,13.6314535,BLCA_IMVigor210
IMVigor210-b2e4a0-ar-b2e4a08,8.348786,11.12632,BLCA_IMVigor210
IMVigor210-b2f1d0-ar-b2f1d0e,8.712749,14.333851,BLCA_IMVigor210
IMVigor210-b3c022-ar-b3c0229,7.656981,12.838276,BLCA_IMVigor210
IMVigor210-b419a8-ar-b419a8f,5.527616,11.838909,BLCA_IMVigor210
IMVigor210-b470eb-ar-b470eb8,6.2705383,11.212957,BLCA_IMVigor210
IMVigor210-b4c7a0-ar-b4c7a00,3.974878,11.25302,BLCA_IMVigor210
IMVigor210-b8070b-ar-b8070b7,16.050058,7.1338415,BLCA_IMVigor210
IMVigor210-b8101c-ar-b8101c5,7.805338,15.126029,BLCA_IMVigor210
IMVigor210-b963dd-ar-b963dda,8.247019,14.317594,BLCA_IMVigor210
IMVigor210-ba1a34-ar-ba1a34b,6.125551,14.956833,BLCA_IMVigor210
IMVigor210-ba7176-ar-ba7176a,5.254877,11.247826,BLCA_IMVigor210
IMVigor210-bc8dc3-ar-bc8dc3a,6.198517,12.131753,BLCA_IMVigor210
IMVigor210-bcb07b-ar-bcb07ba,5.5605636,14.13631,BLCA_IMVigor210
IMVigor210-bcbc79-ar-bcbc795,5.563475,12.734635,BLCA_IMVigor210
IMVigor210-bda79f-ar-bda79f9,7.700052,13.535913,BLCA_IMVigor210
IMVigor210-be83ea-ar-be83eae,5.3596983,13.189599,BLCA_IMVigor210
IMVigor210-bf1a3a-ar-bf1a3ae,7.707501,13.823041,BLCA_IMVigor210
IMVigor210-bfdffb-ar-bfdffb9,6.6209264,13.749995,BLCA_IMVigor210
IMVigor210-c0d625-ar-c0d625a,7.809343,14.876781,BLCA_IMVigor210
IMVigor210-c0da5d-ar-c0da5d4,5.9673877,13.716306,BLCA_IMVigor210
IMVigor210-c0ef41-ar-c0ef41a,4.9773426,11.881814,BLCA_IMVigor210
IMVigor210-c1251c-ar-c1251c7,6.4513893,12.472926,BLCA_IMVigor210
IMVigor210-c1b27b-ar-c1b27bc,3.9662178,13.287603,BLCA_IMVigor210
IMVigor210-c2a182-ar-c2a1820,7.193053,13.487464,BLCA_IMVigor210
IMVigor210-c57ead-ar-c57eadb,5.1879973,13.71767,BLCA_IMVigor210
IMVigor210-c69253-ar-c692536,7.958104,13.8355665,BLCA_IMVigor210
IMVigor210-c6eff0-ar-c6eff05,4.8223557,10.885444,BLCA_IMVigor210
IMVigor210-c919ae-ar-c919aeb,8.216919,13.106464,BLCA_IMVigor210
IMVigor210-cabb6d-ar-cabb6d5,7.704415,14.718361,BLCA_IMVigor210
IMVigor210-cb132b-ar-cb132b0,5.650361,13.271837,BLCA_IMVigor210
IMVigor210-cc4675-ar-cc4675f,16.125198,16.247538,BLCA_IMVigor210
IMVigor210-cc7a42-ar-cc7a42d,6.6316385,13.041745,BLCA_IMVigor210
IMVigor210-ce39dd-ar-ce39dd7,4.9306083,17.583113,BLCA_IMVigor210
IMVigor210-cf018f-ar-cf018fe,6.3883214,12.809062,BLCA_IMVigor210
IMVigor210-d02712-ar-d027124,8.117209,16.306988,BLCA_IMVigor210
IMVigor210-d135d5-ar-d135d58,7.9295635,14.133226,BLCA_IMVigor210
IMVigor210-d1bd63-ar-d1bd637,5.316242,16.856525,BLCA_IMVigor210
IMVigor210-d215b5-ar-d215b50,8.345305,15.92252,BLCA_IMVigor210
IMVigor210-d2492b-ar-d2492b2,8.679521,16.29394,BLCA_IMVigor210
IMVigor210-d35318-ar-d353181,5.074421,11.419812,BLCA_IMVigor210
IMVigor210-d36012-ar-d360128,4.170188,13.909398,BLCA_IMVigor210
IMVigor210-d3bd67-ar-d3bd679,5.407567,13.095791,BLCA_IMVigor210
IMVigor210-d43f89-ar-d43f893,7.7339945,13.3593,BLCA_IMVigor210
IMVigor210-d4c083-ar-d4c0837,4.192771,13.239929,BLCA_IMVigor210
IMVigor210-d636e3-ar-d636e34,8.840792,16.290903,BLCA_IMVigor210
IMVigor210-d697ba-ar-d697ba7,6.7122087,13.272363,BLCA_IMVigor210
IMVigor210-d7d57e-ar-d7d57ee,9.3420725,13.947217,BLCA_IMVigor210
IMVigor210-d86389-ar-d86389d,4.013194,11.333637,BLCA_IMVigor210
IMVigor210-d98bac-ar-d98bac0,5.9668174,15.124666,BLCA_IMVigor210
IMVigor210-da4d89-ar-da4d892,6.580487,14.121957,BLCA_IMVigor210
IMVigor210-dab9ca-ar-dab9ca8,6.7822204,13.64331,BLCA_IMVigor210
IMVigor210-dad5c2-ar-dad5c29,4.7959375,12.47071,BLCA_IMVigor210
IMVigor210-db3f50-ar-db3f50c,5.919016,12.402561,BLCA_IMVigor210
IMVigor210-dcae54-ar-dcae54f,5.8882146,12.947477,BLCA_IMVigor210
IMVigor210-dee101-ar-dee1011,8.5705805,14.537645,BLCA_IMVigor210
IMVigor210-df3e42-ar-df3e42c,5.074667,17.475386,BLCA_IMVigor210
IMVigor210-e07c45-ar-e07c456,4.4782143,11.575574,BLCA_IMVigor210
IMVigor210-e0c49e-ar-e0c49ea,7.140625,14.914617,BLCA_IMVigor210
IMVigor210-e1eb5d-ar-e1eb5d9,7.5051856,13.452831,BLCA_IMVigor210
IMVigor210-e3210d-ar-e3210d3,5.408644,17.078854,BLCA_IMVigor210
IMVigor210-e3d426-ar-e3d4266,5.3336344,12.687852,BLCA_IMVigor210
IMVigor210-e41b1e-ar-e41b1e7,5.8400946,15.737598,BLCA_IMVigor210
IMVigor210-e50d15-ar-e50d15f,4.293063,12.483162,BLCA_IMVigor210
IMVigor210-e56c96-ar-e56c96c,9.105054,15.164164,BLCA_IMVigor210
IMVigor210-e5bc41-ar-e5bc417,6.019384,14.967457,BLCA_IMVigor210
IMVigor210-e71235-ar-e712352,4.699612,13.783851,BLCA_IMVigor210
IMVigor210-e7bcab-ar-e7bcab0,8.495972,14.771116,BLCA_IMVigor210
IMVigor210-e7bf6c-ar-e7bf6c0,8.771929,12.8386965,BLCA_IMVigor210
IMVigor210-e7e4f7-ar-e7e4f7c,5.2280664,17.261312,BLCA_IMVigor210
IMVigor210-e9475f-ar-e9475f7,6.9357824,14.176986,BLCA_IMVigor210
IMVigor210-e94c30-ar-e94c30c,4.9894137,13.9588995,BLCA_IMVigor210
IMVigor210-e97af0-ar-e97af0f,5.5765038,12.379234,BLCA_IMVigor210
IMVigor210-e9ae8b-ar-e9ae8be,8.568856,13.150276,BLCA_IMVigor210
IMVigor210-eaa477-ar-eaa477a,8.462572,12.543393,BLCA_IMVigor210
IMVigor210-eb2962-ar-eb29625,5.1292334,12.135831,BLCA_IMVigor210
IMVigor210-eb587a-ar-eb587a6,6.504554,14.729496,BLCA_IMVigor210
IMVigor210-ee3844-ar-ee3844c,8.967059,15.821761,BLCA_IMVigor210
IMVigor210-ef0e3d-ar-ef0e3d2,9.963629,13.389264,BLCA_IMVigor210
IMVigor210-eff2ce-ar-eff2ce3,3.2671833,12.357806,BLCA_IMVigor210
IMVigor210-f20b82-ar-f20b827,6.978007,13.243594,BLCA_IMVigor210
IMVigor210-f275eb-ar-f275eb8,7.7372475,12.155856,BLCA_IMVigor210
IMVigor210-f28c01-ar-f28c015,5.1371326,11.182239,BLCA_IMVigor210
IMVigor210-f2aae1-ar-f2aae14,5.7837415,11.945249,BLCA_IMVigor210
IMVigor210-f3a9bc-ar-f3a9bce,6.858485,14.370834,BLCA_IMVigor210
IMVigor210-f82bbd-ar-f82bbdc,3.4483209,12.144232,BLCA_IMVigor210
IMVigor210-fb7aec-ar-fb7aec7,8.988646,12.868647,BLCA_IMVigor210
IMVigor210-fd9476-ar-fd94761,8.172821,15.773386,BLCA_IMVigor210
IMVigor210-fed609-ar-fed6099,6.1012197,13.860915,BLCA_IMVigor210
IMVigor210-ffa5c7-ar-ffa5c7c,8.537217,16.099653,BLCA_IMVigor210
UCC_Rose_RS.03238999,-4.097277,4.413726,BLCA_Rose
UCC_Rose_RS.03239000,-4.076231,5.2388353,BLCA_Rose
UCC_Rose_RS.03239001,-4.267892,4.036444,BLCA_Rose
UCC_Rose_RS.03239002,-4.8545914,5.4952593,BLCA_Rose
UCC_Rose_RS.03239003,-5.0433745,3.0075054,BLCA_Rose
UCC_Rose_RS.03239004,-6.2263904,3.6781762,BLCA_Rose
UCC_Rose_RS.03239005,-4.9953566,4.86399,BLCA_Rose
UCC_Rose_RS.03239006,-6.3739066,2.48688,BLCA_Rose
UCC_Rose_RS.03239007,-4.5672526,4.342372,BLCA_Rose
UCC_Rose_RS.03239008,-5.080043,4.4871798,BLCA_Rose
UCC_Rose_RS.03239009,-5.9266095,5.119027,BLCA_Rose
UCC_Rose_RS.03239010,-4.1656804,5.433366,BLCA_Rose
UCC_Rose_RS.03239011,-6.322403,2.5709155,BLCA_Rose
UCC_Rose_RS.03239012,-5.806112,3.1668823,BLCA_Rose
UCC_Rose_RS.03239013,-5.360199,2.183273,BLCA_Rose
UCC_Rose_RS.03239014,-6.0339794,2.5328686,BLCA_Rose
UCC_Rose_RS.03239015,-4.887323,5.221665,BLCA_Rose
UCC_Rose_RS.03239016,-5.6462193,2.6827104,BLCA_Rose
UCC_Rose_RS.03239017,-5.0015745,4.3298573,BLCA_Rose
UCC_Rose_RS.03239018,-4.4138722,5.2802835,BLCA_Rose
UCC_Rose_RS.03239019,-5.009189,3.6944766,BLCA_Rose
UCC_Rose_RS.03239020,-4.890801,1.9947289,BLCA_Rose
UCC_Rose_RS.03239021,-5.8799233,5.4089293,BLCA_Rose
UCC_Rose_RS.03239022,-4.1970935,2.9284046,BLCA_Rose
UCC_Rose_RS.03239023,-5.9434047,3.0935905,BLCA_Rose
UCC_Rose_RS.03239024,-5.7003956,2.7964082,BLCA_Rose
UCC_Rose_RS.03239025,-5.8216043,5.095395,BLCA_Rose
UCC_Rose_RS.03239026,-4.9856057,1.9357675,BLCA_Rose
UCC_Rose_RS.03239027,-5.974912,2.8336554,BLCA_Rose
UCC_Rose_RS.03239028,-4.654487,3.2235308,BLCA_Rose
UCC_Rose_RS.03239029,-5.0515814,5.3768697,BLCA_Rose
UCC_Rose_RS.03239031,-5.089844,4.7171087,BLCA_Rose
UCC_Rose_RS.03239032,-6.364013,3.6326256,BLCA_Rose
UCC_Rose_RS.03239033,-5.814929,3.2018306,BLCA_Rose
UCC_Rose_RS.03239034,-4.4247885,3.1117747,BLCA_Rose
UCC_Rose_RS.03239035,-6.1917844,3.6202867,BLCA_Rose
UCC_Rose_RS.03239036,-6.1445913,3.8123267,BLCA_Rose
UCC_Rose_RS.03239037,-5.925729,3.9356794,BLCA_Rose
UCC_Rose_RS.03239038,-3.9351406,5.160122,BLCA_Rose
UCC_Rose_RS.03239039,-6.292029,3.3152697,BLCA_Rose
UCC_Rose_RS.03239040,-6.1537695,3.2937217,BLCA_Rose
UCC_Rose_RS.03239041,-5.889445,4.787925,BLCA_Rose
UCC_Rose_RS.03239042,-6.4944587,2.5365863,BLCA_Rose
UCC_Rose_RS.03239043,-5.5271544,2.3532648,BLCA_Rose
UCC_Rose_RS.03238953,-4.3771067,5.060218,BLCA_Rose
UCC_Rose_RS.03238954,-4.989155,1.8427755,BLCA_Rose
UCC_Rose_RS.03238955,-5.84646,4.4024405,BLCA_Rose
UCC_Rose_RS.03238956,-5.3184314,3.3382604,BLCA_Rose
UCC_Rose_RS.03238957,-5.987259,4.4460306,BLCA_Rose
UCC_Rose_RS.03238958,-5.365206,5.222058,BLCA_Rose
UCC_Rose_RS.03238959,-5.5097923,4.1800685,BLCA_Rose
UCC_Rose_RS.03238960,-5.3267794,2.2957337,BLCA_Rose
UCC_Rose_RS.03238961,-5.8760524,2.8618188,BLCA_Rose
UCC_Rose_RS.03238962,-6.0066733,3.1010966,BLCA_Rose
UCC_Rose_RS.03238963,-4.69868,4.705947,BLCA_Rose
UCC_Rose_RS.03238964,-4.3499494,3.5262501,BLCA_Rose
UCC_Rose_RS.03238965,-3.915101,5.3544602,BLCA_Rose
UCC_Rose_RS.03238966,-4.9709654,4.272161,BLCA_Rose
UCC_Rose_RS.03238967,-6.2852216,3.3471568,BLCA_Rose
UCC_Rose_RS.03238968,-4.2040133,4.654616,BLCA_Rose
UCC_Rose_RS.03238969,-6.257712,2.5142286,BLCA_Rose
UCC_Rose_RS.03238970,-5.1882534,3.1660106,BLCA_Rose
UCC_Rose_RS.03238971,-5.5020657,4.040583,BLCA_Rose
UCC_Rose_RS.03238972,-5.103741,4.495028,BLCA_Rose
UCC_Rose_RS.03238973,-4.243099,4.4994183,BLCA_Rose
UCC_Rose_RS.03238974,-5.8661,5.2950478,BLCA_Rose
UCC_Rose_RS.03238975,-5.8619213,5.2991376,BLCA_Rose
UCC_Rose_RS.03238976,-5.621031,2.9320612,BLCA_Rose
UCC_Rose_RS.03238977,-5.1826224,4.0766983,BLCA_Rose
UCC_Rose_RS.03238978,-5.922127,3.3123467,BLCA_Rose
UCC_Rose_RS.03238979,-5.9493003,3.0944722,BLCA_Rose
UCC_Rose_RS.03238980,-4.2501116,3.3007648,BLCA_Rose
UCC_Rose_RS.03238981,-5.092125,3.4580631,BLCA_Rose
UCC_Rose_RS.03238982,-4.6518745,3.4912498,BLCA_Rose
UCC_Rose_RS.03238983,-4.5782275,4.7622776,BLCA_Rose
UCC_Rose_RS.03238984,-5.726849,4.858839,BLCA_Rose
UCC_Rose_RS.03238985,-4.8500795,2.4807594,BLCA_Rose
UCC_Rose_RS.03238986,-5.5713463,3.4583519,BLCA_Rose
UCC_Rose_RS.03238987,-4.9970546,4.132384,BLCA_Rose
UCC_Rose_RS.03238988,-4.4021587,4.9234495,BLCA_Rose
UCC_Rose_RS.03238989,-5.8988404,2.4253237,BLCA_Rose
UCC_Rose_RS.03238990,-5.1186767,1.958361,BLCA_Rose
UCC_Rose_RS.03238991,-5.3231673,5.1783733,BLCA_Rose
UCC_Rose_RS.03238992,-5.7429805,2.592248,BLCA_Rose
UCC_Rose_RS.03238993,-5.450299,2.9488006,BLCA_Rose
UCC_Rose_RS.03238994,-4.3803287,3.3702567,BLCA_Rose
UCC_Rose_RS.03238995,-6.4332404,3.6083062,BLCA_Rose
UCC_Rose_RS.03238996,-5.6765966,2.8363383,BLCA_Rose
UCC_Rose_RS.03238997,-4.232518,3.1971593,BLCA_Rose
UCC_Snyder_471,19.302244,4.7973747,BLCA_Snyder
UCC_Snyder_522,18.68179,4.619488,BLCA_Snyder
UCC_Snyder_1233,19.424225,4.8991203,BLCA_Snyder
UCC_Snyder_1849,19.215864,4.3716483,BLCA_Snyder
UCC_Snyder_1994,19.178793,5.1330986,BLCA_Snyder
UCC_Snyder_2131,18.833899,4.2247725,BLCA_Snyder
UCC_Snyder_2278,17.858253,5.3205457,BLCA_Snyder
UCC_Snyder_2389,18.853987,4.3107815,BLCA_Snyder
UCC_Snyder_2849,18.785702,5.0744724,BLCA_Snyder
UCC_Snyder_2937,19.06904,4.3857703,BLCA_Snyder
UCC_Snyder_3529,19.076933,4.840145,BLCA_Snyder
UCC_Snyder_5037,18.588362,4.1929245,BLCA_Snyder
UCC_Snyder_5122,18.606277,4.4181414,BLCA_Snyder
UCC_Snyder_5338,18.772743,5.3432884,BLCA_Snyder
UCC_Snyder_6229,18.36791,5.329012,BLCA_Snyder
UCC_Snyder_6428,18.310436,5.6515255,BLCA_Snyder
UCC_Snyder_6800,18.838665,4.494006,BLCA_Snyder
UCC_Snyder_7577,19.273882,4.901993,BLCA_Snyder
UCC_Snyder_7729,19.32323,4.6095576,BLCA_Snyder
UCC_Snyder_8728,18.942173,5.1449413,BLCA_Snyder
UCC_Snyder_9517,18.728872,4.2467775,BLCA_Snyder
Zhao_NatMed_2019-Pt003-ar-228,14.533456,-1.2715925,GBM_Zhao
Zhao_NatMed_2019-Pt003-ar-231,14.664246,-0.87129366,GBM_Zhao
Zhao_NatMed_2019-Pt013-ar-222,14.206042,-1.7920296,GBM_Zhao
Zhao_NatMed_2019-Pt013-ar-224,15.071983,-1.7629384,GBM_Zhao
Zhao_NatMed_2019-Pt013-ar-225,14.836869,-1.9546485,GBM_Zhao
Zhao_NatMed_2019-Pt020-ar-218,14.83975,-2.0363553,GBM_Zhao
Zhao_NatMed_2019-Pt020-ar-221,14.61323,-1.3061144,GBM_Zhao
Zhao_NatMed_2019-Pt021-ar-220,14.651686,-1.9776542,GBM_Zhao
Zhao_NatMed_2019-Pt021-ar-223,14.68277,1.1068223,GBM_Zhao
Zhao_NatMed_2019-Pt024-ar-229,14.141828,-1.9950814,GBM_Zhao
Zhao_NatMed_2019-Pt025-ar-249,14.382514,-2.0513222,GBM_Zhao
Zhao_NatMed_2019-Pt046-ar-234,13.911655,-1.8164127,GBM_Zhao
Zhao_NatMed_2019-Pt046-ar-237,14.872094,-1.8823434,GBM_Zhao
Zhao_NatMed_2019-Pt053-ar-226,14.751205,0.28506768,GBM_Zhao
Zhao_NatMed_2019-Pt055-ar-247,14.366408,-1.118633,GBM_Zhao
Zhao_NatMed_2019-Pt055-ar-248,14.534255,-1.1092469,GBM_Zhao
Zhao_NatMed_2019-Pt056-ar-230,14.741061,-1.6663034,GBM_Zhao
Zhao_NatMed_2019-Pt056-ar-233,13.870107,-1.943443,GBM_Zhao
Zhao_NatMed_2019-Pt069-ar-232,14.758026,-2.020506,GBM_Zhao
Zhao_NatMed_2019-Pt069-ar-235,14.541297,-1.4171189,GBM_Zhao
Zhao_NatMed_2019-Pt100-ar-245,15.223361,2.9361343,GBM_Zhao
Zhao_NatMed_2019-Pt101-ar-243,14.68426,-2.0717635,GBM_Zhao
Zhao_NatMed_2019-Pt102-ar-250,14.895643,-2.0411434,GBM_Zhao
Zhao_NatMed_2019-Pt103-ar-239,14.094336,-1.836549,GBM_Zhao
Zhao_NatMed_2019-Pt104-ar-240,14.577144,-1.8886054,GBM_Zhao
Choueiri_CCR_2016-p014-ar-325,17.142744,5.011539,KIRC_Choueiri
Choueiri_CCR_2016-p018-ar-318,15.508554,15.700322,KIRC_Choueiri
Choueiri_CCR_2016-p021-ar-301,14.795647,1.8217863,KIRC_Choueiri
Choueiri_CCR_2016-p027-ar-866,14.998483,1.0772177,KIRC_Choueiri
Choueiri_CCR_2016-p041-ar-306,14.998631,2.8042407,KIRC_Choueiri
Choueiri_CCR_2016-p050-ar-551,14.736268,2.1172512,KIRC_Choueiri
Choueiri_CCR_2016-p073-ar-324,14.662947,1.6760312,KIRC_Choueiri
Choueiri_CCR_2016-p090-ar-331,16.665882,4.6572275,KIRC_Choueiri
Choueiri_CCR_2016-p093-ar-345,15.121847,2.7141075,KIRC_Choueiri
Choueiri_CCR_2016-p096-ar-333,14.951052,1.263423,KIRC_Choueiri
Choueiri_CCR_2016-p099-ar-320,16.351358,4.39648,KIRC_Choueiri
Choueiri_CCR_2016-p102-ar-841,15.094567,2.0222425,KIRC_Choueiri
Choueiri_CCR_2016-p105-ar-265,14.996954,0.86041033,KIRC_Choueiri
Choueiri_CCR_2016-p106-ar-300,14.691262,1.5740578,KIRC_Choueiri
Choueiri_CCR_2016-p115-ar-329,14.9080715,1.1875693,KIRC_Choueiri
Choueiri_CCR_2016-p117-ar-327,14.689351,2.3069155,KIRC_Choueiri
IMmotion150-p01155-ar-28f34,12.198822,14.61706,KIRC_IMmotion150
IMmotion150-p03058-ar-c2dad,12.318775,14.173863,KIRC_IMmotion150
IMmotion150-p03363-ar-a74ac,11.348403,15.681198,KIRC_IMmotion150
IMmotion150-p03418-ar-d867a,16.278208,16.366364,KIRC_IMmotion150
IMmotion150-p03665-ar-04d83,9.696186,14.11362,KIRC_IMmotion150
IMmotion150-p04168-ar-9925b,10.168007,14.913087,KIRC_IMmotion150
IMmotion150-p05361-ar-cd767,10.892505,15.894198,KIRC_IMmotion150
IMmotion150-p05370-ar-27be5,8.293019,14.484138,KIRC_IMmotion150
IMmotion150-p05544-ar-43b75,12.683335,15.255651,KIRC_IMmotion150
IMmotion150-p06184-ar-828f7,11.96391,16.331654,KIRC_IMmotion150
IMmotion150-p07343-ar-2bb4a,12.0575075,15.180326,KIRC_IMmotion150
IMmotion150-p07850-ar-50704,10.942525,13.633661,KIRC_IMmotion150
IMmotion150-p08100-ar-c4519,11.853973,14.42812,KIRC_IMmotion150
IMmotion150-p09050-ar-32c34,10.017345,14.565878,KIRC_IMmotion150
IMmotion150-p09862-ar-3ec4d,9.512964,14.443212,KIRC_IMmotion150
IMmotion150-p10447-ar-3c1db,13.630225,14.669692,KIRC_IMmotion150
IMmotion150-p10717-ar-0e5a9,11.500574,14.690279,KIRC_IMmotion150
IMmotion150-p11316-ar-e45c7,16.52007,6.7527122,KIRC_IMmotion150
IMmotion150-p12053-ar-48bda,10.586294,14.8799515,KIRC_IMmotion150
IMmotion150-p13588-ar-5af67,9.155863,15.160081,KIRC_IMmotion150
IMmotion150-p14153-ar-71492,12.598934,15.124613,KIRC_IMmotion150
IMmotion150-p14538-ar-1e0a2,10.964288,15.176861,KIRC_IMmotion150
IMmotion150-p14593-ar-9020f,10.9708395,14.024579,KIRC_IMmotion150
IMmotion150-p14998-ar-dc07b,11.379198,15.203749,KIRC_IMmotion150
IMmotion150-p16409-ar-85d99,8.847868,16.47498,KIRC_IMmotion150
IMmotion150-p16751-ar-7ebff,17.117931,6.759749,KIRC_IMmotion150
IMmotion150-p17379-ar-faed6,12.457754,15.106387,KIRC_IMmotion150
IMmotion150-p17426-ar-6ae0d,12.293833,13.700678,KIRC_IMmotion150
IMmotion150-p17615-ar-f7d9d,11.059991,13.522843,KIRC_IMmotion150
IMmotion150-p18226-ar-4f0a6,9.008453,16.728252,KIRC_IMmotion150
IMmotion150-p18256-ar-fbb29,11.5941515,13.744707,KIRC_IMmotion150
IMmotion150-p18896-ar-ddffc,11.451756,14.9822235,KIRC_IMmotion150
IMmotion150-p19016-ar-c751b,11.615467,15.418555,KIRC_IMmotion150
IMmotion150-p19507-ar-db0d1,10.002703,13.494132,KIRC_IMmotion150
IMmotion150-p20763-ar-edbe1,11.556836,15.690858,KIRC_IMmotion150
IMmotion150-p21222-ar-1418a,11.157056,14.480548,KIRC_IMmotion150
IMmotion150-p21389-ar-a2f5d,13.519427,14.791758,KIRC_IMmotion150
IMmotion150-p21589-ar-55cc6,10.034184,13.743766,KIRC_IMmotion150
IMmotion150-p25799-ar-49c4c,15.657933,15.8482485,KIRC_IMmotion150
IMmotion150-p26304-ar-d7dcd,10.373961,13.686335,KIRC_IMmotion150
IMmotion150-p26467-ar-a6506,10.707598,14.032742,KIRC_IMmotion150
IMmotion150-p27487-ar-1478d,11.101515,14.722781,KIRC_IMmotion150
IMmotion150-p28132-ar-99560,11.773543,15.30934,KIRC_IMmotion150
IMmotion150-p28238-ar-3482d,11.679417,15.251335,KIRC_IMmotion150
IMmotion150-p30781-ar-4ae11,11.885064,15.836504,KIRC_IMmotion150
IMmotion150-p31107-ar-a401d,12.711179,14.586659,KIRC_IMmotion150
IMmotion150-p32412-ar-d386a,11.384179,15.679107,KIRC_IMmotion150
IMmotion150-p32845-ar-b9ecc,12.460515,15.580041,KIRC_IMmotion150
IMmotion150-p32922-ar-6366a,12.527927,13.962678,KIRC_IMmotion150
IMmotion150-p33581-ar-1342d,7.821601,12.366504,KIRC_IMmotion150
IMmotion150-p33602-ar-6d415,14.1471195,15.643664,KIRC_IMmotion150
IMmotion150-p34855-ar-89f86,13.739681,14.87463,KIRC_IMmotion150
IMmotion150-p35317-ar-355c3,12.30333,14.617489,KIRC_IMmotion150
IMmotion150-p35813-ar-90caf,11.609988,14.746979,KIRC_IMmotion150
IMmotion150-p36298-ar-fad25,11.779017,15.681255,KIRC_IMmotion150
IMmotion150-p36954-ar-44107,10.445185,13.726472,KIRC_IMmotion150
IMmotion150-p37011-ar-a4d25,13.049893,14.115429,KIRC_IMmotion150
IMmotion150-p37093-ar-3d98a,11.194787,13.711373,KIRC_IMmotion150
IMmotion150-p37173-ar-293a5,10.849123,13.956209,KIRC_IMmotion150
IMmotion150-p38868-ar-e9e28,12.700196,15.231292,KIRC_IMmotion150
IMmotion150-p40536-ar-3579c,10.792654,14.04491,KIRC_IMmotion150
IMmotion150-p41186-ar-1d209,11.260623,15.392286,KIRC_IMmotion150
IMmotion150-p43682-ar-c925d,11.986346,15.963764,KIRC_IMmotion150
IMmotion150-p43872-ar-6c7f9,12.278392,13.716811,KIRC_IMmotion150
IMmotion150-p44376-ar-ac07f,11.204624,15.000777,KIRC_IMmotion150
IMmotion150-p45459-ar-1af67,13.404223,14.52668,KIRC_IMmotion150
IMmotion150-p46605-ar-eb284,13.591308,13.9231,KIRC_IMmotion150
IMmotion150-p47331-ar-ab299,10.263233,13.139615,KIRC_IMmotion150
IMmotion150-p47721-ar-71f6b,13.619011,13.216769,KIRC_IMmotion150
IMmotion150-p48663-ar-37ce7,12.958038,14.927585,KIRC_IMmotion150
IMmotion150-p48954-ar-37f99,13.628588,15.0388775,KIRC_IMmotion150
IMmotion150-p49991-ar-5d93a,16.4491,7.0898466,KIRC_IMmotion150
IMmotion150-p50066-ar-6c06c,8.495413,14.610806,KIRC_IMmotion150
IMmotion150-p50697-ar-605a2,13.776767,14.032869,KIRC_IMmotion150
IMmotion150-p50830-ar-c3b4a,13.617918,13.712913,KIRC_IMmotion150
IMmotion150-p50976-ar-26f6d,12.238204,15.411002,KIRC_IMmotion150
IMmotion150-p51832-ar-890dd,9.961808,14.932319,KIRC_IMmotion150
IMmotion150-p52272-ar-5b320,11.094723,14.304926,KIRC_IMmotion150
IMmotion150-p52299-ar-8e4c5,13.386914,14.630652,KIRC_IMmotion150
IMmotion150-p52837-ar-02ccc,12.537962,14.257009,KIRC_IMmotion150
IMmotion150-p53162-ar-05824,9.847374,14.777342,KIRC_IMmotion150
IMmotion150-p53431-ar-d8ed2,10.472583,14.23626,KIRC_IMmotion150
IMmotion150-p54120-ar-0f1aa,10.253018,14.153712,KIRC_IMmotion150
IMmotion150-p54409-ar-fe8d6,11.160785,15.408929,KIRC_IMmotion150
IMmotion150-p55061-ar-46457,9.850882,14.091827,KIRC_IMmotion150
IMmotion150-p55684-ar-6de0a,14.851177,15.800672,KIRC_IMmotion150
IMmotion150-p55787-ar-a1497,5.1659937,13.035462,KIRC_IMmotion150
IMmotion150-p56237-ar-935a8,10.641104,14.029258,KIRC_IMmotion150
IMmotion150-p56741-ar-2a443,11.818935,14.015015,KIRC_IMmotion150
IMmotion150-p57764-ar-4767e,10.4228,14.217088,KIRC_IMmotion150
IMmotion150-p57834-ar-689be,13.824639,15.427295,KIRC_IMmotion150
IMmotion150-p58299-ar-b22ec,12.604499,15.162022,KIRC_IMmotion150
IMmotion150-p58399-ar-79085,11.998115,16.202433,KIRC_IMmotion150
IMmotion150-p59051-ar-41711,13.8026905,15.815349,KIRC_IMmotion150
IMmotion150-p59055-ar-4260f,11.801335,14.203432,KIRC_IMmotion150
IMmotion150-p59257-ar-6f921,9.126871,13.63484,KIRC_IMmotion150
IMmotion150-p59809-ar-82372,11.03682,16.030272,KIRC_IMmotion150
IMmotion150-p60596-ar-f566c,11.3981905,14.027062,KIRC_IMmotion150
IMmotion150-p60814-ar-1c2a5,13.622104,15.068667,KIRC_IMmotion150
IMmotion150-p60815-ar-9d32a,12.087639,14.5816,KIRC_IMmotion150
IMmotion150-p61622-ar-fa5bc,16.329006,7.28558,KIRC_IMmotion150
IMmotion150-p62140-ar-b5aff,12.841931,14.413562,KIRC_IMmotion150
IMmotion150-p63636-ar-c0f7a,12.54929,14.725923,KIRC_IMmotion150
IMmotion150-p64208-ar-cb57a,11.082273,14.365482,KIRC_IMmotion150
IMmotion150-p65110-ar-1da68,11.300093,15.619861,KIRC_IMmotion150
IMmotion150-p65181-ar-d3009,12.33824,14.9219475,KIRC_IMmotion150
IMmotion150-p67597-ar-3e120,9.027491,14.665395,KIRC_IMmotion150
IMmotion150-p68239-ar-97ff2,9.9031725,14.186036,KIRC_IMmotion150
IMmotion150-p69129-ar-219d6,12.375279,14.610068,KIRC_IMmotion150
IMmotion150-p69561-ar-e3544,10.807765,14.2,KIRC_IMmotion150
IMmotion150-p69645-ar-a30d9,12.341664,14.497733,KIRC_IMmotion150
IMmotion150-p69986-ar-f1402,10.533248,14.106998,KIRC_IMmotion150
IMmotion150-p71382-ar-b68f5,12.194813,14.654243,KIRC_IMmotion150
IMmotion150-p71388-ar-986de,10.894887,13.711884,KIRC_IMmotion150
IMmotion150-p71514-ar-e7bfc,12.458002,15.0311575,KIRC_IMmotion150
IMmotion150-p72473-ar-24ab7,11.845258,14.307933,KIRC_IMmotion150
IMmotion150-p73074-ar-379fe,9.120804,16.534096,KIRC_IMmotion150
IMmotion150-p73444-ar-3465e,10.878357,14.7287855,KIRC_IMmotion150
IMmotion150-p73644-ar-34124,11.283187,14.69663,KIRC_IMmotion150
IMmotion150-p74056-ar-e60f3,11.2663,13.17019,KIRC_IMmotion150
IMmotion150-p75429-ar-a2056,13.486885,15.1178,KIRC_IMmotion150
IMmotion150-p75903-ar-ea05a,11.956901,14.693836,KIRC_IMmotion150
IMmotion150-p76620-ar-e3505,9.362929,14.2078085,KIRC_IMmotion150
IMmotion150-p77236-ar-c51eb,11.709828,15.332144,KIRC_IMmotion150
IMmotion150-p77592-ar-348b3,12.169697,14.87345,KIRC_IMmotion150
IMmotion150-p77606-ar-73bce,12.947803,14.132562,KIRC_IMmotion150
IMmotion150-p77642-ar-cbdf8,11.096373,12.999785,KIRC_IMmotion150
IMmotion150-p77682-ar-10061,11.797619,15.377777,KIRC_IMmotion150
IMmotion150-p77957-ar-88277,16.879269,6.886826,KIRC_IMmotion150
IMmotion150-p78200-ar-d4750,12.22527,14.339592,KIRC_IMmotion150
IMmotion150-p78631-ar-e9937,13.260813,14.689335,KIRC_IMmotion150
IMmotion150-p78812-ar-68e58,13.828807,15.769586,KIRC_IMmotion150
IMmotion150-p78903-ar-d309d,15.631344,15.965335,KIRC_IMmotion150
IMmotion150-p80740-ar-0d631,10.243499,13.911157,KIRC_IMmotion150
IMmotion150-p82037-ar-d9253,12.010879,14.338721,KIRC_IMmotion150
IMmotion150-p82438-ar-00760,11.200416,14.611245,KIRC_IMmotion150
IMmotion150-p82773-ar-35d10,13.690205,15.763752,KIRC_IMmotion150
IMmotion150-p82892-ar-05ee2,11.074808,14.084619,KIRC_IMmotion150
IMmotion150-p83356-ar-c889c,9.561582,15.116542,KIRC_IMmotion150
IMmotion150-p83425-ar-25f19,11.447696,15.361462,KIRC_IMmotion150
IMmotion150-p84637-ar-a617b,9.849038,13.88055,KIRC_IMmotion150
IMmotion150-p84792-ar-cf28c,4.9471393,10.687138,KIRC_IMmotion150
IMmotion150-p84835-ar-0f59f,13.671473,13.789958,KIRC_IMmotion150
IMmotion150-p87325-ar-e7c59,8.677152,13.285655,KIRC_IMmotion150
IMmotion150-p87381-ar-053ea,12.82473,14.240524,KIRC_IMmotion150
IMmotion150-p87690-ar-e7a69,12.128305,13.8931875,KIRC_IMmotion150
IMmotion150-p88355-ar-06384,11.279171,14.008752,KIRC_IMmotion150
IMmotion150-p89981-ar-824ee,9.803508,13.959414,KIRC_IMmotion150
IMmotion150-p90170-ar-91593,12.862601,13.862222,KIRC_IMmotion150
IMmotion150-p90215-ar-05e00,11.869866,15.207091,KIRC_IMmotion150
IMmotion150-p90681-ar-3044c,11.050156,13.362873,KIRC_IMmotion150
IMmotion150-p90969-ar-eb279,13.396734,15.448262,KIRC_IMmotion150
IMmotion150-p91392-ar-c1e57,12.52938,15.537836,KIRC_IMmotion150
IMmotion150-p91890-ar-3f780,12.175126,15.558862,KIRC_IMmotion150
IMmotion150-p92137-ar-a61f4,13.232537,14.537493,KIRC_IMmotion150
IMmotion150-p92156-ar-acf8a,13.222842,15.7056055,KIRC_IMmotion150
IMmotion150-p92869-ar-e2339,9.701251,15.111619,KIRC_IMmotion150
IMmotion150-p93090-ar-65a4c,13.8263855,15.091512,KIRC_IMmotion150
IMmotion150-p96212-ar-544d1,12.286387,15.109943,KIRC_IMmotion150
IMmotion150-p96831-ar-c6d32,12.100581,15.064229,KIRC_IMmotion150
IMmotion150-p97816-ar-1270d,10.989779,15.766565,KIRC_IMmotion150
IMmotion150-p97909-ar-c7295,10.58309,15.545805,KIRC_IMmotion150
IMmotion150-p98637-ar-bcb5a,9.338841,12.0767975,KIRC_IMmotion150
IMmotion150-p98987-ar-12652,12.487178,15.21323,KIRC_IMmotion150
IMmotion150-p99039-ar-ef7b7,8.24647,12.727897,KIRC_IMmotion150
Miao_Science_2018-p0005-ar-201,12.594932,16.485716,KIRC_Miao
Miao_Science_2018-p0007-ar-200,11.757927,15.758934,KIRC_Miao
Miao_Science_2018-p0010-ar-191,13.408185,16.295395,KIRC_Miao
Miao_Science_2018-p0011-ar-202,12.681767,16.206041,KIRC_Miao
Miao_Science_2018-p0012-ar-206,12.305661,15.662072,KIRC_Miao
Miao_Science_2018-p0013-ar-204,13.08654,15.112863,KIRC_Miao
Miao_Science_2018-p0014-ar-199,12.96264,16.436995,KIRC_Miao
Miao_Science_2018-p0015-ar-194,12.8007145,16.130991,KIRC_Miao
Miao_Science_2018-p0018-ar-195,12.871727,16.489403,KIRC_Miao
Miao_Science_2018-p0019-ar-196,9.430873,14.434306,KIRC_Miao
Miao_Science_2018-p0020-ar-193,12.171064,16.24319,KIRC_Miao
Miao_Science_2018-p0021-ar-190,12.557127,15.68852,KIRC_Miao
Miao_Science_2018-p0022-ar-198,12.804669,16.448315,KIRC_Miao
Miao_Science_2018-p0023-ar-197,12.646593,16.338026,KIRC_Miao
Miao_Science_2018-p0024-ar-192,12.342624,16.490036,KIRC_Miao
Miao_Science_2018-p0025-ar-205,12.481368,16.223307,KIRC_Miao
Miao_Science_2018-p0026-ar-203,12.503269,16.749624,KIRC_Miao
NSCLC_Ravi_SU2CLC-CLE-NIVO10-T1,5.297578,0.9031001,LUAD_SU2CLC1
NSCLC_Ravi_SU2CLC-CLE-NIVO18-T1,6.4930243,0.9142541,LUAD_SU2CLC1
NSCLC_Ravi_SU2CLC-CLE-NIVO19-T1,7.3717413,1.8814036,LUAD_SU2CLC1
NSCLC_Ravi_SU2CLC-CLE-NIVO20-T1,15.915861,5.8864255,LUAD_SU2CLC1
NSCLC_Ravi_SU2CLC-CLE-NIVO2-T1,8.040127,2.0722973,LUAD_SU2CLC1
NSCLC_Ravi_SU2CLC-CLE-NIVO3-T1,7.9858785,2.215834,LUAD_SU2CLC1
NSCLC_Ravi_SU2CLC-CLE-NIVO52-T1,7.416914,-0.43930835,LUAD_SU2CLC1
NSCLC_Ravi_SU2CLC-CLE-NIVO5-T1,7.6631184,2.01259,LUAD_SU2CLC1
NSCLC_Ravi_SU2CLC-CLE-NIVO9-T1,19.505627,7.4491405,LUAD_SU2CLC1
NSCLC_Ravi_SU2CLC-COL-1001-T1,7.5571303,0.35729402,LUAD_SU2CLC1
NSCLC_Ravi_SU2CLC-COL-1008-T1,17.13138,5.5749803,LUAD_SU2CLC1
NSCLC_Ravi_SU2CLC-COL-1017-T1,7.320838,1.6873567,LUAD_SU2CLC1
NSCLC_Ravi_SU2CLC-COL-1020-T1,7.3160057,0.9305644,LUAD_SU2CLC1
NSCLC_Ravi_SU2CLC-COL-1021-T1,5.2207046,1.1564558,LUAD_SU2CLC1
NSCLC_Ravi_SU2CLC-COL-1022-T1,5.20147,1.0766107,LUAD_SU2CLC1
NSCLC_Ravi_SU2CLC-COL-1023-T1,6.1213455,1.192778,LUAD_SU2CLC1
NSCLC_Ravi_SU2CLC-COL-1026-T1,7.229003,0.25019357,LUAD_SU2CLC1
NSCLC_Ravi_SU2CLC-COL-1029-T1,7.600986,2.1068513,LUAD_SU2CLC1
NSCLC_Ravi_SU2CLC-COL-1031-T1,8.665318,1.2900137,LUAD_SU2CLC1
NSCLC_Ravi_SU2CLC-COL-1032-T1,6.841684,1.7201089,LUAD_SU2CLC1
NSCLC_Ravi_SU2CLC-COL-1033-T1,6.362425,1.414345,LUAD_SU2CLC1
NSCLC_Ravi_SU2CLC-COL-1034-T1,7.694558,2.0201528,LUAD_SU2CLC1
NSCLC_Ravi_SU2CLC-COL-1035-T1,5.8325453,1.774929,LUAD_SU2CLC1
NSCLC_Ravi_SU2CLC-COL-1036-T1,7.053294,2.04793,LUAD_SU2CLC1
NSCLC_Ravi_SU2CLC-COL-1037-T1,7.5024624,2.1836812,LUAD_SU2CLC1
NSCLC_Ravi_SU2CLC-COL-1038-T1,7.4350057,-0.29354644,LUAD_SU2CLC1
NSCLC_Ravi_SU2CLC-COL-1041-T1,7.8211894,0.03793483,LUAD_SU2CLC1
NSCLC_Ravi_SU2CLC-COL-1043-T2,6.801819,1.215633,LUAD_SU2CLC1
NSCLC_Ravi_SU2CLC-COL-1044-T1,7.7813854,1.1369563,LUAD_SU2CLC1
NSCLC_Ravi_SU2CLC-DFC-1001-T1,6.6261544,0.8471531,LUAD_SU2CLC1
NSCLC_Ravi_SU2CLC-DFC-1002-T1,7.815343,-0.1187712,LUAD_SU2CLC1
NSCLC_Ravi_SU2CLC-DFC-1004-T1,7.784369,0.90892214,LUAD_SU2CLC1
NSCLC_Ravi_SU2CLC-DFC-1007-T1,5.5650697,1.1732842,LUAD_SU2CLC1
NSCLC_Ravi_SU2CLC-DFC-1013-T1,16.005154,5.9919434,LUAD_SU2CLC1
NSCLC_Ravi_SU2CLC-DFC-1015-T2,8.841594,1.2563205,LUAD_SU2CLC1
NSCLC_Ravi_SU2CLC-DFC-1017-T2,8.923961,0.98813087,LUAD_SU2CLC1
NSCLC_Ravi_SU2CLC-DFC-1018-T1,5.640652,1.3363135,LUAD_SU2CLC1
NSCLC_Ravi_SU2CLC-DFC-1019-T1,7.3495927,-0.37018403,LUAD_SU2CLC1
NSCLC_Ravi_SU2CLC-DFC-1020-T1,6.4409432,1.062615,LUAD_SU2CLC1
NSCLC_Ravi_SU2CLC-DFC-1534-T1,19.526947,7.472557,LUAD_SU2CLC1
NSCLC_Ravi_SU2CLC-DFC-1536-T1,6.04314,1.8074149,LUAD_SU2CLC1
NSCLC_Ravi_SU2CLC-DFC-1537-T1,7.599349,-0.31821465,LUAD_SU2CLC1
NSCLC_Ravi_SU2CLC-DFC-1538-T1,5.8332515,1.0999414,LUAD_SU2CLC1
NSCLC_Ravi_SU2CLC-DFC-1539-T1,7.944677,1.9504801,LUAD_SU2CLC1
NSCLC_Ravi_SU2CLC-DFC-DF0033-T1,7.9984097,0.33122686,LUAD_SU2CLC1
NSCLC_Ravi_SU2CLC-DFC-DF0107-T1,5.295921,1.6177319,LUAD_SU2CLC1
NSCLC_Ravi_SU2CLC-DFC-DF0108-T1,7.8824277,3.3086152,LUAD_SU2CLC1
NSCLC_Ravi_SU2CLC-DFC-DF0109-T1,6.918313,2.9487855,LUAD_SU2CLC1
NSCLC_Ravi_SU2CLC-DFC-DF0112-T1,16.04086,6.5002985,LUAD_SU2CLC1
NSCLC_Ravi_SU2CLC-DFC-DF0241-T1,8.038114,2.647432,LUAD_SU2CLC1
NSCLC_Ravi_SU2CLC-DFC-DF0499-T1,7.46856,1.0131152,LUAD_SU2CLC1
NSCLC_Ravi_SU2CLC-DFC-DF0510-T1,8.69228,1.0931278,LUAD_SU2CLC1
NSCLC_Ravi_SU2CLC-DFC-DF0512-T1,7.4277196,0.9777763,LUAD_SU2CLC1
NSCLC_Ravi_SU2CLC-DFC-DF0561-T1,17.19492,5.8937364,LUAD_SU2CLC1
NSCLC_Ravi_SU2CLC-DFC-DF0668-T1,17.107456,6.085322,LUAD_SU2CLC1
NSCLC_Ravi_SU2CLC-DFC-DF0790-T1,16.92471,5.5930085,LUAD_SU2CLC1
NSCLC_Ravi_SU2CLC-DFC-DF0840-T1,6.171952,1.6809446,LUAD_SU2CLC1
NSCLC_Ravi_SU2CLC-MDA-1441-T1,19.299,7.2966743,LUAD_SU2CLC1
NSCLC_Ravi_SU2CLC-MDA-1442-T1,7.855303,0.61790395,LUAD_SU2CLC1
NSCLC_Ravi_SU2CLC-MDA-1443-T1,6.468292,1.1979276,LUAD_SU2CLC1
NSCLC_Ravi_SU2CLC-MDA-1561-T1,5.0437865,1.0115821,LUAD_SU2CLC1
NSCLC_Ravi_SU2CLC-MDA-1562-T1,15.280686,15.48017,LUAD_SU2CLC1
NSCLC_Ravi_SU2CLC-MDA-1627-T1,7.8440466,3.1686583,LUAD_SU2CLC1
NSCLC_Ravi_SU2CLC-MDA-1628-T1,5.9539027,1.801884,LUAD_SU2CLC1
NSCLC_Ravi_SU2CLC-MDA-1630-T1,7.5305157,2.8248646,LUAD_SU2CLC1
NSCLC_Ravi_SU2CLC-MDA-1631-T1,8.546956,4.4173856,LUAD_SU2CLC1
NSCLC_Ravi_SU2CLC-MGH-1054-T2,7.4979014,2.1941648,LUAD_SU2CLC1
NSCLC_Ravi_SU2CLC-MGH-1135-T2,19.052164,7.098619,LUAD_SU2CLC1
NSCLC_Ravi_SU2CLC-MGH-1149-T1,6.9054313,0.84595644,LUAD_SU2CLC1
NSCLC_Ravi_SU2CLC-MGH-1161-T2,7.4351087,1.2701584,LUAD_SU2CLC1
NSCLC_Ravi_SU2CLC-MGH-1163-T1,19.060534,7.16745,LUAD_SU2CLC1
NSCLC_Ravi_SU2CLC-MGH-1169-T1,8.659808,1.4441354,LUAD_SU2CLC1
NSCLC_Ravi_SU2CLC-MGH-1387-T1,7.5039616,1.2693591,LUAD_SU2CLC1
NSCLC_Ravi_SU2CLC-MGH-1411-T1,19.437752,7.4014955,LUAD_SU2CLC1
NSCLC_Ravi_SU2CLC-MGH-1412-T1,7.448077,2.1767895,LUAD_SU2CLC1
NSCLC_Ravi_SU2CLC-MGH-1413-T1,5.588712,1.4283565,LUAD_SU2CLC1
NSCLC_Ravi_SU2CLC-MGH-1414-T1,11.90587,0.11035672,LUAD_SU2CLC1
NSCLC_Ravi_SU2CLC-MGH-1415-T1,7.632887,1.6168555,LUAD_SU2CLC1
NSCLC_Ravi_SU2CLC-MGH-1416-T1,7.0718193,0.23460723,LUAD_SU2CLC1
NSCLC_Ravi_SU2CLC-MGH-1417-T1,7.580131,-0.17179596,LUAD_SU2CLC1
NSCLC_Ravi_SU2CLC-MGH-1487-T1,17.071783,5.491887,LUAD_SU2CLC1
NSCLC_Ravi_SU2CLC-MGH-1488-T1,19.300655,7.2579656,LUAD_SU2CLC1
NSCLC_Ravi_SU2CLC-MGH-1489-T1,5.452148,1.4761184,LUAD_SU2CLC1
NSCLC_Ravi_SU2CLC-MGH-1490-T1,7.3656435,2.0615644,LUAD_SU2CLC1
NSCLC_Ravi_SU2CLC-MGH-1493-T1,16.062546,6.032921,LUAD_SU2CLC1
NSCLC_Ravi_SU2CLC-MGH-1495-T1,5.5901446,1.9439491,LUAD_SU2CLC1
NSCLC_Ravi_SU2CLC-MGH-1501-T1,7.6871295,1.3117683,LUAD_SU2CLC1
NSCLC_Ravi_SU2CLC-MGH-1568-T1,6.2865286,1.5008588,LUAD_SU2CLC1
NSCLC_Ravi_SU2CLC-MGH-1572-T1,6.158585,2.352201,LUAD_SU2CLC1
NSCLC_Ravi_SU2CLC-MGH-1574-T1,7.9195185,3.2079823,LUAD_SU2CLC1
NSCLC_Ravi_SU2CLC-MGH-1575-T1,6.275528,2.5472817,LUAD_SU2CLC1
NSCLC_Ravi_SU2CLC-MSK-1364-T1,5.8096924,1.614499,LUAD_SU2CLC1
NSCLC_Ravi_SU2CLC-MSK-1365-T1,5.5739913,0.9563704,LUAD_SU2CLC1
NSCLC_Ravi_SU2CLC-MSK-A2013-T1,6.2522144,1.967953,LUAD_SU2CLC1
NSCLC_Ravi_SU2CLC-MSK-A2014-T1,8.781348,4.831186,LUAD_SU2CLC1
NSCLC_Ravi_SU2CLC-MSK-A2060-T1,16.313255,5.8058367,LUAD_SU2CLC1
NSCLC_Ravi_SU2CLC-MSK-A2075-T1,7.770487,1.8693093,LUAD_SU2CLC1
NSCLC_Ravi_SU2CLC-UCD-1124-T1,5.920658,1.4355412,LUAD_SU2CLC1
NSCLC_Ravi_SU2CLC-UCD-1142-T1,7.6134586,1.3036071,LUAD_SU2CLC1
NSCLC_Ravi_SU2CLC-UCD-1143-T1,7.7388396,-0.002499979,LUAD_SU2CLC1
NSCLC_Ravi_SU2CLC-UCD-1557-T1,7.352391,-0.21395366,LUAD_SU2CLC1
NSCLC_Ravi_SU2CLC-UCD-1560-T1,7.894887,3.4090755,LUAD_SU2CLC1
NSCLC_Ravi_SU2CLC-CLE-NIVO24-T1,17.329336,5.1305327,LUSC_SU2CLC2
NSCLC_Ravi_SU2CLC-CLE-NIVO31-T1,17.109749,6.3566256,LUSC_SU2CLC2
NSCLC_Ravi_SU2CLC-COL-1007-T1,7.1828294,2.4569907,LUSC_SU2CLC2
NSCLC_Ravi_SU2CLC-COL-1010-T1,6.5487075,2.808514,LUSC_SU2CLC2
NSCLC_Ravi_SU2CLC-COL-1016-T1,8.718124,0.9755205,LUSC_SU2CLC2
NSCLC_Ravi_SU2CLC-COL-1018-T1,7.394053,-0.26115772,LUSC_SU2CLC2
NSCLC_Ravi_SU2CLC-COL-1025-T1,6.930977,2.7612758,LUSC_SU2CLC2
NSCLC_Ravi_SU2CLC-COL-1027-T1,8.881648,1.395702,LUSC_SU2CLC2
NSCLC_Ravi_SU2CLC-COL-1039-T2,16.099123,5.896855,LUSC_SU2CLC2
NSCLC_Ravi_SU2CLC-DFC-1016-T1,6.48199,1.5897009,LUSC_SU2CLC2
NSCLC_Ravi_SU2CLC-DFC-1535-T1,6.367233,2.6421745,LUSC_SU2CLC2
NSCLC_Ravi_SU2CLC-DFC-DF0047-T1,7.9143076,3.083461,LUSC_SU2CLC2
NSCLC_Ravi_SU2CLC-MDA-1444-T1,19.340376,7.307294,LUSC_SU2CLC2
NSCLC_Ravi_SU2CLC-MDA-1563-T1,6.287495,2.1543972,LUSC_SU2CLC2
NSCLC_Ravi_SU2CLC-MDA-1564-T1,17.19706,5.38826,LUSC_SU2CLC2
NSCLC_Ravi_SU2CLC-MGH-1044-T1,6.6383824,2.5606623,LUSC_SU2CLC2
NSCLC_Ravi_SU2CLC-MGH-1055-T1,7.803474,2.6994133,LUSC_SU2CLC2
NSCLC_Ravi_SU2CLC-MGH-1148-T1,16.190027,5.799644,LUSC_SU2CLC2
NSCLC_Ravi_SU2CLC-MGH-1150-T1,15.137945,15.675745,LUSC_SU2CLC2
NSCLC_Ravi_SU2CLC-MGH-1389-T1,7.0494676,2.677625,LUSC_SU2CLC2
NSCLC_Ravi_SU2CLC-MGH-1409-T1,7.468196,-0.21228981,LUSC_SU2CLC2
NSCLC_Ravi_SU2CLC-MGH-1492-T1,7.178545,-0.06149673,LUSC_SU2CLC2
NSCLC_Ravi_SU2CLC-MGH-1500-T1,17.11594,6.1566114,LUSC_SU2CLC2
NSCLC_Ravi_SU2CLC-MGH-1565-T1,6.983641,2.7988799,LUSC_SU2CLC2
NSCLC_Ravi_SU2CLC-UCD-1137-T1,8.129006,1.2773291,LUSC_SU2CLC2
MEL-IPI_Pat03-Tumor-SM-4DJZY,12.898679,9.844683,SKCM_Allen
MEL-IPI_Pat06-Tumor-SM-4DK12,12.737322,9.292551,SKCM_Allen
MEL-IPI_Pat08-Tumor-SM-4DK14,12.81877,9.524837,SKCM_Allen
MEL-IPI_Pat14-Tumor-SM-53U3C,13.961744,9.865354,SKCM_Allen
MEL-IPI_Pat15-Tumor-SM-4DK1B,13.119403,8.411544,SKCM_Allen
MEL-IPI_Pat16-Tumor-SM-53U3E,12.644266,7.824683,SKCM_Allen
MEL-IPI_Pat19-Tumor-SM-4DK1F,12.792323,10.264086,SKCM_Allen
MEL-IPI_Pat25-Tumor-SM-4DK1L,12.772321,8.066133,SKCM_Allen
MEL-IPI_Pat27-Tumor-SM-4DK1N,14.153658,8.286453,SKCM_Allen
MEL-IPI_Pat28-Tumor-SM-4DK1O,12.727917,9.087193,SKCM_Allen
MEL-IPI_Pat33-Tumor-SM-4DK1T,13.167545,7.6673765,SKCM_Allen
MEL-IPI_Pat36-Tumor-SM-53U3X,12.2165,8.019554,SKCM_Allen
MEL-IPI_Pat37-Tumor-SM-53U3Y,12.002068,8.831741,SKCM_Allen
MEL-IPI_Pat40-Tumor-SM-4DK21,13.005688,10.230738,SKCM_Allen
MEL-IPI_Pat43-Tumor-SM-4DK24,9.232316,15.540022,SKCM_Allen
MEL-IPI_Pat44-Tumor-SM-4DK25,11.726881,6.832969,SKCM_Allen
MEL-IPI_Pat45-Tumor-SM-4DK26,12.640849,8.507097,SKCM_Allen
MEL-IPI_Pat46-Tumor-SM-53U48,14.279943,9.539441,SKCM_Allen
MEL-IPI_Pat50-Tumor-SM-53U69,14.069472,8.111658,SKCM_Allen
MEL-IPI_Pat81-Tumor-SM-4DK37,10.375649,7.2899113,SKCM_Allen
MEL-IPI_Pat83-Tumor-SM-53U2W,11.987389,7.136277,SKCM_Allen
MEL-IPI_Pat85-Tumor-SM-53U2Y,12.460195,11.364507,SKCM_Allen
MEL-IPI_Pat86-Tumor-SM-4DK3C,12.214679,8.635219,SKCM_Allen
MEL-IPI_Pat98-Tumor-SM-4CU6L,13.279058,9.693523,SKCM_Allen
MEL-IPI_Pat118-Tumor-SM-5X2QV,11.863121,7.597072,SKCM_Allen
MEL-IPI_Pat119-Tumor-SM-7459N,12.694484,6.655509,SKCM_Allen
MEL-IPI_Pat39-Tumor-SM-4DK1Z,12.216451,10.4160185,SKCM_Allen
MEL-IPI_Pat47-Tumor-SM-4DK28,13.253776,8.897064,SKCM_Allen
MEL-IPI_Pat04-Tumor-SM-4DJZZ,13.102258,8.854501,SKCM_Allen
MEL-IPI_Pat38-Tumor-SM-53U3Z,13.076189,8.511867,SKCM_Allen
MEL-IPI_Pat79-Tumor-SM-53U2S,13.454429,8.524348,SKCM_Allen
MEL-IPI_Pat90-Tumor-SM-4DK3G,11.777824,7.3488903,SKCM_Allen
MEL-IPI_Pat126-Tumor-SM-5X2R4,12.741207,6.9605217,SKCM_Allen
MEL-IPI_Pat02-Tumor-SM-4DJZX,4.9296937,1.1308278,SKCM_Allen
MEL-IPI_Pat49-Tumor-SM-4DK2A,11.426014,9.247235,SKCM_Allen
MEL-IPI_Pat80-Tumor-SM-4DK36,13.072946,8.059292,SKCM_Allen
MEL-IPI_Pat88-Tumor-SM-4DK3E,13.174884,9.560282,SKCM_Allen
MEL-IPI_Pat123-Tumor-SM-5X2R1,12.401224,6.831635,SKCM_Allen
MEL-IPI_Pat29-Tumor-SM-4DK1P,13.314167,8.274078,SKCM_Allen
1_ipiPD1_PRE,14.399967,9.500129,SKCM_Gide
2_ipiPD1_PRE,8.282837,15.000747,SKCM_Gide
6_ipiPD1_PRE,13.839019,8.3751,SKCM_Gide
7_ipiPD1_PRE,14.159348,8.519847,SKCM_Gide
8_ipiPD1_PRE,15.530549,10.791574,SKCM_Gide
10_ipiPD1_PRE,15.452063,10.5989685,SKCM_Gide
12_ipiPD1_PRE,11.159415,12.364224,SKCM_Gide
13_ipiPD1_PRE,12.891773,10.8896055,SKCM_Gide
14_ipiPD1_PRE,15.399533,10.26359,SKCM_Gide
15_ipiPD1_PRE,14.87294,10.367986,SKCM_Gide
17_ipiPD1_PRE,14.421938,9.038875,SKCM_Gide
19_ipiPD1_PRE,15.4022875,10.39735,SKCM_Gide
20_ipiPD1_PRE,14.104614,8.749817,SKCM_Gide
21_ipiPD1_PRE,14.232331,9.309624,SKCM_Gide
23_ipiPD1_PRE,14.478334,8.823241,SKCM_Gide
24_ipiPD1_PRE,13.732206,10.843814,SKCM_Gide
25_ipiPD1_PRE,14.591786,9.393553,SKCM_Gide
26_ipiPD1_PRE,14.54685,10.119406,SKCM_Gide
27_ipiPD1_PRE,13.848678,10.692264,SKCM_Gide
32_ipiPD1_PRE,14.058329,9.666189,SKCM_Gide
33_ipiPD1_PRE,15.058056,10.626461,SKCM_Gide
34_ipiPD1_PRE,13.987094,9.336037,SKCM_Gide
35_ipiPD1_PRE,15.603194,10.493343,SKCM_Gide
36_ipiPD1_PRE,14.297178,10.581614,SKCM_Gide
37_ipiPD1_PRE,12.720441,11.461239,SKCM_Gide
38_ipiPD1_PRE,13.291403,11.367147,SKCM_Gide
44_ipiPD1_PRE,12.829175,11.547581,SKCM_Gide
45_ipiPD1_PRE,8.335562,14.763841,SKCM_Gide
46_ipiPD1_PRE,14.070982,9.7022705,SKCM_Gide
47_ipiPD1_PRE,13.531272,10.404896,SKCM_Gide
49_ipiPD1_PRE,14.218371,8.643317,SKCM_Gide
50_ipiPD1_PRE,13.216571,11.485198,SKCM_Gide
2_PD1_PRE,12.631265,11.2046585,SKCM_Gide
3_PD1_PRE,14.560078,10.695243,SKCM_Gide
4_PD1_PRE,12.718392,10.916735,SKCM_Gide
5_PD1_PRE,15.574816,10.344906,SKCM_Gide
6_PD1_PRE,15.372506,10.623737,SKCM_Gide
7_PD1_PRE,12.861476,11.6475725,SKCM_Gide
8_PD1_PRE,13.647154,8.041817,SKCM_Gide
9_PD1_PRE,13.797475,11.530849,SKCM_Gide
10_PD1_PRE,14.5893545,9.747279,SKCM_Gide
11_PD1_PRE,13.477089,10.204078,SKCM_Gide
12_PD1_PRE,14.235991,11.68996,SKCM_Gide
13_PD1_PRE,15.760632,10.522004,SKCM_Gide
14_PD1_PRE,14.721406,10.939275,SKCM_Gide
15_PD1_PRE,14.358449,11.940291,SKCM_Gide
16_PD1_PRE,13.818953,11.146934,SKCM_Gide
17_PD1_PRE,12.680338,11.658739,SKCM_Gide
18_PD1_PRE,13.406892,10.647489,SKCM_Gide
19_PD1_PRE,14.981626,10.427058,SKCM_Gide
21_PD1_PRE,13.991253,10.772713,SKCM_Gide
23_PD1_PRE,13.870611,10.970922,SKCM_Gide
25_PD1_PRE,14.727575,10.6179495,SKCM_Gide
27_PD1_PRE,15.706943,10.380479,SKCM_Gide
29_PD1_PRE,14.431667,11.703054,SKCM_Gide
30_PD1_PRE,13.623968,10.154635,SKCM_Gide
34_PD1_PRE,13.727869,10.344504,SKCM_Gide
35_PD1_PRE,13.918186,10.61576,SKCM_Gide
36_PD1_PRE,14.594568,11.237142,SKCM_Gide
38_PD1_PRE,12.653943,11.91449,SKCM_Gide
40_PD1_PRE,13.215944,11.258642,SKCM_Gide
41_PD1_PRE,13.886158,11.018968,SKCM_Gide
42_PD1_PRE,13.976496,11.565148,SKCM_Gide
44_PD1_PRE,13.678017,10.954475,SKCM_Gide
45_PD1_PRE,12.877128,11.231569,SKCM_Gide
46_PD1_PRE,14.575742,10.830263,SKCM_Gide
47_PD1_PRE,12.553888,11.269485,SKCM_Gide
48_PD1_PRE,13.8539,10.582412,SKCM_Gide
49_PD1_PRE,14.849178,10.80971,SKCM_Gide
50_PD1_PRE,13.358319,10.967712,SKCM_Gide
52_PD1_PRE,14.067582,10.206643,SKCM_Gide
53_PD1_PRE,14.092443,11.822333,SKCM_Gide
54_PD1_PRE,15.056391,10.455812,SKCM_Gide
Pt1-baseline,14.664238,3.5870156,SKCM_Hugo
Pt2-baseline,15.406124,15.508425,SKCM_Hugo
Pt4-baseline,12.926607,4.662795,SKCM_Hugo
Pt5-baseline,13.820047,3.851691,SKCM_Hugo
Pt6-baseline,13.513668,4.134653,SKCM_Hugo
Pt7-baseline,14.390848,3.747865,SKCM_Hugo
Pt8-baseline,14.261952,3.9094865,SKCM_Hugo
Pt9-baseline,14.856324,3.818703,SKCM_Hugo
Pt10-baseline,13.97082,3.33034,SKCM_Hugo
Pt12-baseline,15.144262,3.658913,SKCM_Hugo
Pt13-baseline,15.291103,3.4259849,SKCM_Hugo
Pt14-baseline,14.363665,3.5276666,SKCM_Hugo
Pt15-baseline,13.392166,4.6183414,SKCM_Hugo
Pt19-baseline,13.036186,4.902203,SKCM_Hugo
Pt20-baseline,15.333282,3.5553913,SKCM_Hugo
Pt22-baseline,14.232851,2.79381,SKCM_Hugo
Pt23-baseline,14.390027,3.1255035,SKCM_Hugo
Pt25-baseline,12.770355,4.927737,SKCM_Hugo
Pt27-baseline,14.04414,4.2534013,SKCM_Hugo
Pt28-baseline,6.7775035,14.874161,SKCM_Hugo
Pt29-baseline,13.856769,4.263781,SKCM_Hugo
Pt31-baseline,13.661245,3.7062511,SKCM_Hugo
Pt32-baseline,13.902364,2.5564082,SKCM_Hugo
Pt35-baseline,14.057232,3.3919163,SKCM_Hugo
Pt37-baseline,12.932089,4.4068537,SKCM_Hugo
Pt38-baseline,14.54276,4.5129204,SKCM_Hugo
Patient166_T,10.933332,6.931501,SKCM_Liu
Patient99_T_P,9.591167,2.0171554,SKCM_Liu
Patient100_T_P,12.93431,12.468946,SKCM_Liu
Patient112_T_P,12.7837305,7.7929416,SKCM_Liu
Patient116_T_P,11.477421,7.9184437,SKCM_Liu
Patient125_T_P,11.10677,9.304164,SKCM_Liu
Patient126_T_P,11.481377,8.613021,SKCM_Liu
Patient141_T,10.740089,7.4419837,SKCM_Liu
Patient147_T,11.503863,6.405509,SKCM_Liu
Patient18_T_M,13.461374,7.104712,SKCM_Liu
Patient181_T,11.883498,8.208741,SKCM_Liu
Patient185_T,12.684561,6.9685717,SKCM_Liu
Patient191_T,12.036336,8.876978,SKCM_Liu
Patient195_T,12.820669,7.5587583,SKCM_Liu
Patient20_T_M,11.780671,9.278586,SKCM_Liu
Patient22_T_M,13.346875,7.1198997,SKCM_Liu
Patient23_T_M,10.748179,7.695237,SKCM_Liu
Patient24_T_M,12.4045725,8.964545,SKCM_Liu
Patient35_T_M,11.997749,6.857702,SKCM_Liu
Patient42_T_M,10.633962,7.0144787,SKCM_Liu
Patient45_T_M,9.716363,2.2565746,SKCM_Liu
Patient47_T_M,11.807641,6.526139,SKCM_Liu
Patient56_T_M,12.256021,9.839886,SKCM_Liu
Patient62_T_P,12.680082,10.245663,SKCM_Liu
Patient63_T_P,11.481658,6.541325,SKCM_Liu
Patient67_T_P,11.311941,6.3083434,SKCM_Liu
Patient72_T_P,11.232462,7.5289235,SKCM_Liu
Patient73_T_P,12.440853,6.9932146,SKCM_Liu
Patient83_T_P,11.939052,6.3534703,SKCM_Liu
Patient9_T_M,10.799604,6.8129992,SKCM_Liu
Patient163_T,11.585393,6.4624233,SKCM_Liu
Patient168_T,13.241741,7.824775,SKCM_Liu
Patient17_T_M,12.054231,8.808489,SKCM_Liu
Patient37_T_M,11.087176,8.481303,SKCM_Liu
Patient36_T_M,11.797578,6.1065946,SKCM_Liu
Patient98_T_P,11.510746,8.34365,SKCM_Liu
Patient127_T_P,12.326856,8.2134285,SKCM_Liu
Patient162_T,12.085357,7.2357974,SKCM_Liu
Patient38_T_M,11.094549,6.5332775,SKCM_Liu
Patient40_T_M,10.648515,6.6609545,SKCM_Liu
Patient96_T_P,17.180124,7.0673466,SKCM_Liu
Patient130_T_P,13.405838,7.7087226,SKCM_Liu
Patient167_T,13.27936,6.891053,SKCM_Liu
Patient196_T,13.923775,6.9011903,SKCM_Liu
Patient197_T,14.479822,6.970519,SKCM_Liu
Patient117_T_P,9.625819,1.982216,SKCM_Liu
Patient165_T,12.133114,7.3738675,SKCM_Liu
Patient1_T_M,11.5212,6.094251,SKCM_Liu
Patient10_T_M,11.614351,7.0815215,SKCM_Liu
Patient105_T_P,11.471453,6.7254696,SKCM_Liu
Patient106_T_P,11.748272,7.6529126,SKCM_Liu
Patient11_T_M,11.122789,7.2939615,SKCM_Liu
Patient121_T_P,13.705297,7.6626754,SKCM_Liu
Patient13_T_M,11.253079,7.245676,SKCM_Liu
Patient133_T,13.018607,8.122041,SKCM_Liu
Patient134_T,11.919859,7.3490696,SKCM_Liu
Patient135_T,12.332147,7.0598955,SKCM_Liu
Patient14_T_M,12.882159,7.880851,SKCM_Liu
Patient140_T,12.386837,7.231785,SKCM_Liu
Patient143_T,12.494721,9.8901415,SKCM_Liu
Patient145_T,13.084498,7.6851187,SKCM_Liu
Patient146_T,12.215296,8.331616,SKCM_Liu
Patient148_T,12.67829,6.803064,SKCM_Liu
Patient15_T_M,12.302177,7.412085,SKCM_Liu
Patient154_T,12.160066,9.9478245,SKCM_Liu
Patient155_T,12.2376795,8.089387,SKCM_Liu
Patient156_T,13.425941,8.033888,SKCM_Liu
Patient169_T,11.064324,6.480448,SKCM_Liu
Patient170_T,13.481543,7.357699,SKCM_Liu
Patient172_T,12.051993,7.3376575,SKCM_Liu
Patient187_T,11.523491,8.220578,SKCM_Liu
Patient188_T,10.921556,6.9455204,SKCM_Liu
Patient189_T,12.775371,9.567192,SKCM_Liu
Patient193_T,12.417191,7.8524723,SKCM_Liu
Patient203_T,12.204578,7.6009464,SKCM_Liu
Patient204_T,12.482764,7.641544,SKCM_Liu
Patient205_T,11.640001,9.616489,SKCM_Liu
Patient206_T,11.990426,9.994836,SKCM_Liu
Patient21_T_M,13.827769,7.3118734,SKCM_Liu
Patient25_T_M,13.415759,7.3097444,SKCM_Liu
Patient30_T_M,12.041266,6.39173,SKCM_Liu
Patient31_T_M,10.683539,7.0731254,SKCM_Liu
Patient32_T_M,12.019318,6.2126565,SKCM_Liu
Patient33_T_M,9.640272,1.9158131,SKCM_Liu
Patient34_T_M,9.902788,14.451879,SKCM_Liu
Patient4_T_M,12.096308,7.7034245,SKCM_Liu
Patient48_T_M,11.814447,5.943162,SKCM_Liu
Patient6_T_M,10.643454,6.9127126,SKCM_Liu
Patient7_T_M,11.36995,7.1498585,SKCM_Liu
Patient78_T_P,11.865428,9.491241,SKCM_Liu
Patient8_T_M,11.793096,7.0164223,SKCM_Liu
Patient87_T_P,11.885742,6.14083,SKCM_Liu
Patient94_T_P,11.699311,6.9924884,SKCM_Liu
Patient137_T,11.183934,9.110577,SKCM_Liu
Patient27_T_M,11.96709,6.752256,SKCM_Liu
Patient86_T_P,11.441871,8.937692,SKCM_Liu
Patient132_T,12.5709505,7.2736692,SKCM_Liu
Patient149_T,11.392272,9.114081,SKCM_Liu
Patient173_T,12.434178,7.760598,SKCM_Liu
Patient77_T_P,11.416097,8.397603,SKCM_Liu
Patient150_T,11.505026,7.9270253,SKCM_Liu
Patient158_T,11.444434,7.222064,SKCM_Liu
Patient102_T_P,11.699388,8.701002,SKCM_Liu
Patient200_T,13.141655,7.142768,SKCM_Liu
Patient79_T_P,11.552536,8.810564,SKCM_Liu
Patient82_T_P,11.066643,7.9607034,SKCM_Liu
Patient159_T,13.457304,6.892521,SKCM_Liu
102T-Tumor-SM-BZ9XL,9.105146,6.040514,SKCM_MGH
107T-Tumor-SM-BZ9WD,15.496264,15.644957,SKCM_MGH
115T-Tumor-SM-BZ9WG,9.023023,6.7100534,SKCM_MGH
122T-Tumor-SM-BZ9WT,9.232534,6.3859434,SKCM_MGH
126T-Tumor-SM-CDZ2D,17.056301,6.9232717,SKCM_MGH
148T-Tumor-SM-BZ9XH,9.065051,6.7879972,SKCM_MGH
155T-Tumor-SM-BZ9WV,9.723879,6.5745225,SKCM_MGH
166T-Tumor-SM-AZXO4,11.268156,11.995167,SKCM_MGH
208T-Tumor-SM-AH3NE,9.345643,5.6201944,SKCM_MGH
212T-Tumor-SM-BZ9X2,10.05024,6.4869733,SKCM_MGH
255T-Tumor-SM-CO8YG,12.442247,9.611741,SKCM_MGH
272T-Tumor-SM-BZ9X7,8.895299,6.6021233,SKCM_MGH
278T-Tumor-SM-CRSYW,9.50059,1.6844535,SKCM_MGH
292T-Tumor-SM-CDZ2C,15.316542,7.0570397,SKCM_MGH
324T-Tumor-SM-BZ9XM,9.934454,6.2791166,SKCM_MGH
333T-Tumor-SM-AZXNZ,13.827943,7.591114,SKCM_MGH
356T-Tumor-SM-AZXNY,11.875853,8.4198065,SKCM_MGH
35T-Tumor-SM-BZ9VQ,12.758071,8.655565,SKCM_MGH
379T-Tumor-SM-BZ9XI,9.000135,6.3067017,SKCM_MGH
383T-Tumor-SM-BZ9WI,9.711119,6.159375,SKCM_MGH
391T-Tumor-SM-AZXNX,12.054913,8.896201,SKCM_MGH
39T-Tumor-SM-BZ9VS,9.338581,6.4910803,SKCM_MGH
422T-Tumor-SM-BZ9WK,9.109165,6.4932976,SKCM_MGH
42T-Tumor-SM-BZ9VZ,9.3147,6.176277,SKCM_MGH
430T-Tumor-SM-AZXO1,12.277614,7.2126484,SKCM_MGH
43T-Tumor-SM-CO8YI,17.291576,7.0606623,SKCM_MGH
62T-Tumor-SM-BZ9W5,9.369811,5.9344463,SKCM_MGH
77T-Tumor-SM-BZ9W8,15.396011,3.331981,SKCM_MGH
98T-Tumor-SM-BZ9WA,9.064508,6.3617344,SKCM_MGH
99T-Tumor-SM-AH3NB,9.175765,5.5466275,SKCM_MGH
Bl1AT-Tumor-SM-BZ9XO,9.636119,6.41658,SKCM_MGH
PD004T-Tumor-SM-BZ9XG,8.819258,6.421792,SKCM_MGH
PDL002T-Tumor-SM-BZ9WQ,9.069991,6.7583194,SKCM_MGH
QQQT-Tumor-SM-AZXO5,12.023481,8.943409,SKCM_MGH
Pt1_Pre_AD101148,14.481108,3.1968307,SKCM_Riaz
Pt2_Pre_AD101150,15.13348,3.2670755,SKCM_Riaz
Pt3_Pre_E9024733,13.701668,4.2386208,SKCM_Riaz
Pt4_Pre_E9021023,16.04088,4.198885,SKCM_Riaz
Pt5_Pre_E9021022,16.82078,5.161247,SKCM_Riaz
Pt8_Pre_AD153354,14.914642,3.2301228,SKCM_Riaz
Pt9_Pre_E9021024,13.892789,3.2649455,SKCM_Riaz
Pt10_Pre_E9047565,12.339571,4.67407,SKCM_Riaz
Pt11_Pre_AD153352,15.493987,3.2696714,SKCM_Riaz
Pt17_Pre_E9047563,12.524695,5.0374775,SKCM_Riaz
Pt18_Pre_E9024732,14.365075,4.312489,SKCM_Riaz
Pt23_Pre_AD313075,15.06586,3.2088,SKCM_Riaz
Pt24_Pre_AD436687,9.253038,1.5374472,SKCM_Riaz
Pt26_Pre_AD467789,13.741334,4.160759,SKCM_Riaz
Pt27_Pre_AD453873,16.240646,4.3341227,SKCM_Riaz
Pt28_Pre_AD297619,12.358519,5.473826,SKCM_Riaz
Pt29_Pre_AD497504,13.707934,3.5529723,SKCM_Riaz
Pt30_Pre_AD497503,12.336399,4.468807,SKCM_Riaz
Pt31_Pre_AD453872,14.376433,4.219408,SKCM_Riaz
Pt34_Pre_AD466985,9.727405,1.6334692,SKCM_Riaz
Pt36_Pre_AD467095,9.998845,1.9627755,SKCM_Riaz
Pt37_Pre_AD502452,13.523233,4.2672424,SKCM_Riaz
Pt38_Pre_E9200719,13.551102,3.5784266,SKCM_Riaz
Pt39_Pre_AD485899,12.532999,4.7618194,SKCM_Riaz
Pt44_Pre_AD467790,14.555978,3.951551,SKCM_Riaz
Pt46_Pre_AD467096,9.39038,1.5391436,SKCM_Riaz
Pt47_Pre_AD506073,15.216534,3.4482887,SKCM_Riaz
Pt48_Pre_E9047561,15.58804,15.82785,SKCM_Riaz
Pt49_Pre_AD667851,15.055373,3.5065603,SKCM_Riaz
Pt52_Pre_AD506075,15.345692,15.704924,SKCM_Riaz
Pt59_Pre_AD823915,14.513591,2.9958549,SKCM_Riaz
Pt62_Pre_AD608303,12.610728,4.578753,SKCM_Riaz
Pt65_Pre_AD793919,14.131637,4.247772,SKCM_Riaz
Pt66_Pre_AD667850,13.685236,4.40576,SKCM_Riaz
Pt67_Pre_AD506074,11.509701,0.42513004,SKCM_Riaz
Pt72_Pre_AD793922,13.647019,3.2453134,SKCM_Riaz
Pt76_Pre_AD667852,14.286095,4.0545177,SKCM_Riaz
Pt77_Pre_AD733591,15.139064,3.8026202,SKCM_Riaz
Pt78_Pre_AD467018,12.468491,4.4677415,SKCM_Riaz
Pt79_Pre_AD733587,14.36501,3.9283772,SKCM_Riaz
Pt82_Pre_AD823914,14.089202,3.7625773,SKCM_Riaz
Pt84_Pre_AD486532,12.528298,4.829849,SKCM_Riaz
Pt85_Pre_AD486329,13.783894,3.8658423,SKCM_Riaz
Pt89_Pre_AE070951,13.794748,4.1101694,SKCM_Riaz
Pt90_Pre_AD467873,15.067039,3.729243,SKCM_Riaz
Pt92_Pre_AE134060,14.622474,4.025875,SKCM_Riaz
Pt94_Pre_AD732850,13.034518,4.783061,SKCM_Riaz
Pt98_Pre_AD733586,12.529684,4.872996,SKCM_Riaz
Pt101_Pre_AD486328,14.619111,4.3123236,SKCM_Riaz
Pt103_Pre_AE134058,14.311468,2.6615317,SKCM_Riaz
Pt106_Pre_AD502250,14.679524,3.615387,SKCM_Riaz
Kim_NatMed_2018-p602-ar-987,13.134535,0.71394753,STAD_Kim
Kim_NatMed_2018-p603-ar-988,12.768015,0.7065991,STAD_Kim
Kim_NatMed_2018-p604-ar-989,12.990762,0.92262113,STAD_Kim
Kim_NatMed_2018-p605-ar-990,13.083285,1.0878191,STAD_Kim
Kim_NatMed_2018-p618-ar-991,13.748444,2.6893206,STAD_Kim
Kim_NatMed_2018-p619-ar-992,13.752369,1.3398498,STAD_Kim
Kim_NatMed_2018-p620-ar-993,13.365128,1.5390743,STAD_Kim
Kim_NatMed_2018-p621-ar-994,13.297042,1.4640706,STAD_Kim
Kim_NatMed_2018-p622-ar-995,12.837366,2.2666295,STAD_Kim
Kim_NatMed_2018-p623-ar-000,13.2318945,1.011597,STAD_Kim
Kim_NatMed_2018-p624-ar-996,13.231392,1.849123,STAD_Kim
Kim_NatMed_2018-p625-ar-997,13.447668,1.6717807,STAD_Kim
Kim_NatMed_2018-p629-ar-998,13.913164,2.3608747,STAD_Kim
Kim_NatMed_2018-p630-ar-999,12.081063,0.2367234,STAD_Kim
Kim_NatMed_2018-p631-ar-033,12.555412,0.5226407,STAD_Kim
Kim_NatMed_2018-p632-ar-001,14.13774,2.0211775,STAD_Kim
Kim_NatMed_2018-p634-ar-002,14.195896,1.6536173,STAD_Kim
Kim_NatMed_2018-p635-ar-003,15.0855055,2.425972,STAD_Kim
Kim_NatMed_2018-p637-ar-004,12.874845,0.69433904,STAD_Kim
Kim_NatMed_2018-p638-ar-005,14.497875,2.0601058,STAD_Kim
Kim_NatMed_2018-p639-ar-006,16.247217,4.405776,STAD_Kim
Kim_NatMed_2018-p640-ar-007,13.061661,1.915134,STAD_Kim
Kim_NatMed_2018-p641-ar-008,12.592619,0.58465946,STAD_Kim
Kim_NatMed_2018-p642-ar-009,11.824872,-0.035663605,STAD_Kim
Kim_NatMed_2018-p643-ar-010,9.490098,12.897799,STAD_Kim
Kim_NatMed_2018-p644-ar-011,13.192792,1.2353705,STAD_Kim
Kim_NatMed_2018-p645-ar-012,13.364118,1.0643733,STAD_Kim
Kim_NatMed_2018-p647-ar-013,12.490911,0.5657215,STAD_Kim
Kim_NatMed_2018-p648-ar-014,11.417353,0.45842862,STAD_Kim
Kim_NatMed_2018-p649-ar-015,11.893564,0.50447446,STAD_Kim
Kim_NatMed_2018-p651-ar-016,12.210621,0.3416053,STAD_Kim
Kim_NatMed_2018-p652-ar-019,11.940818,0.22096835,STAD_Kim
Kim_NatMed_2018-p654-ar-023,9.555495,13.325783,STAD_Kim
Kim_NatMed_2018-p655-ar-018,11.894652,0.30303228,STAD_Kim
Kim_NatMed_2018-p656-ar-020,12.647662,0.7523679,STAD_Kim
Kim_NatMed_2018-p657-ar-021,13.506331,1.341812,STAD_Kim
Kim_NatMed_2018-p659-ar-025,14.7694025,2.2304862,STAD_Kim
Kim_NatMed_2018-p660-ar-024,13.213468,1.3569543,STAD_Kim
Kim_NatMed_2018-p662-ar-027,13.504726,1.0805416,STAD_Kim
Kim_NatMed_2018-p663-ar-028,13.611105,1.428704,STAD_Kim
Kim_NatMed_2018-p664-ar-026,13.836798,1.4794701,STAD_Kim
Kim_NatMed_2018-p666-ar-029,13.998181,1.9426732,STAD_Kim
Kim_NatMed_2018-p667-ar-030,14.021735,1.7899384,STAD_Kim
Kim_NatMed_2018-p668-ar-031,13.301458,1.4392334,STAD_Kim
Kim_NatMed_2018-p669-ar-032,14.335095,1.6132367,STAD_Kim
